Family,median_log10_sigma
garnet-like,-4.77642098432889
garnet,-4.662569429631095
Chalcogenidotetrelates,-4.154901959985743
layered,-3.9208187539523753
NASICON,-3.8632794328435933
perovskites,-3.75448733218585
unknown,-3.6743609930009278
nitrides,-3.4599719946396634
argyrodites,-2.85078088734462
LGPS,-2.2537944313431586
