source,record_id,material_id,disposition,pc1,pc2,ranking_score,ensemble_spread,ad_distance
OBELiX,jqc,,reference_measurement,-4.626340630148993,6.225649402033294,-5.800000874803203,,7.119136911611383
OBELiX,oi6,,reference_measurement,-6.4110954335453885,2.7951655041574446,-7.173925197299173,,6.038496078372968
OBELiX,2t8,,reference_measurement,1.2621610228055111,-4.500526946719919,-6.0915149811213505,,6.039943184492385
OBELiX,47i,,reference_measurement,-2.603804747025946,-5.050823141501893,-10.0,,2.662339908643644
OBELiX,clt,,reference_measurement,-1.6448969362177945,-3.586448953998791,-13.0,,4.989171520379472
OBELiX,ix1,,reference_measurement,5.746128296788591,-1.7974852500278666,-6.494850021680094,,0.5664821839216028
OBELiX,bq9,,reference_measurement,-1.7932619190826617,7.131392688781084,-9.619788758288394,,7.156893783685087
OBELiX,skm,,reference_measurement,-2.48955252159496,5.746395471964918,-8.4089353929735,,6.255408928058131
OBELiX,pwr,,reference_measurement,-2.9358266181712747,-3.4090133159184632,-6.785156151952302,,2.136679584102646
OBELiX,b4c,,reference_measurement,-9.390819614164034,0.04360698518477993,-7.798602875679548,,1.9127327532778167
OBELiX,7se,,reference_measurement,-6.9811545132333,-1.37710577661715,-6.090979145788844,,0.5960004578423207
OBELiX,5e2,,reference_measurement,-6.917041439694731,-1.5190217442527412,-4.1432711096171175,,0.30782663796725707
OBELiX,dj2,,reference_measurement,-6.851704237980633,-1.6894793202426843,-3.1791420105603,,0.0800986147634942
OBELiX,10u,,reference_measurement,-6.778746338675567,-1.8909245000424315,-5.494850021680094,,0.4327941393239768
OBELiX,y2l,,reference_measurement,-10.852362796072267,0.45987478779704344,-8.853871964321762,,1.589770232688259
OBELiX,gl0,,reference_measurement,-10.196295886206624,0.2910676919058952,-7.619788758288394,,1.0721336787580444
OBELiX,wmr,,reference_measurement,-10.288544959047199,0.366901908573052,-7.515700160653214,,0.9523622389037577
OBELiX,xxq,,reference_measurement,-10.377146635202473,0.428779697273205,-7.835647144215563,,0.9437621466906266
OBELiX,h8o,,reference_measurement,-10.46223926510719,0.478284565229065,-6.640164517660112,,1.030765186282319
OBELiX,pe2,,reference_measurement,-5.208294144257009,2.00079766316617,-8.978810700930062,,4.224390411080274
OBELiX,opo,,reference_measurement,-4.875018839578086,0.5273096562789781,-3.9208187539523753,,4.388357606548876
OBELiX,lkm,,reference_measurement,-2.4740018998043953,-1.0791083838005242,-6.070581074285707,,2.5937970864120627
OBELiX,bv2,,reference_measurement,3.567841037176,1.9460292734410465,-7.7447274948966935,,2.647218583196642
OBELiX,be9,,reference_measurement,-5.217645441308437,1.6562611157455298,-5.154901959985743,,13.526370937385513
OBELiX,n27,,reference_measurement,-1.8731214153319646,-6.228424884140006,-8.0,,5.624759958897327
OBELiX,goi,,reference_measurement,-7.148119310533652,-4.484774554119213,-3.795880017344075,,12.461411952652165
OBELiX,lrh,,reference_measurement,1.4666949757737195,-5.622391439678162,-6.721246399047171,,1.8889790858102777
OBELiX,1xt,,reference_measurement,0.42519640496595396,0.6995067155451792,-10.0,,5.88834928650081
OBELiX,kbo,,reference_measurement,1.936482719787062,-3.641526974596817,-10.0,,6.376073849422333
OBELiX,5zv,,reference_measurement,-1.7730063863430765,-3.415583927802904,-17.255707016877324,,2.750367918124959
OBELiX,5bz,,reference_measurement,-10.208790267976102,-3.842647916390251,-7.060480747381382,,5.652767674632839
OBELiX,883,,reference_measurement,-9.716913349147738,-8.260047467359868,-8.060480747381382,,16.840615967889875
OBELiX,uu4,,reference_measurement,1.5257970868839423,-2.6661277695797736,-8.688246138944246,,2.951365001395981
OBELiX,tws,,reference_measurement,1.0367928533162676,0.563916828335789,-9.2839966563652,,3.11106027013138
OBELiX,l9v,,reference_measurement,-3.24258616179888,-4.468805705296975,-6.301029995663981,,6.4211181703108595
OBELiX,t0h,,reference_measurement,1.8523858819789483,0.5530762190651183,-9.214670164989233,,2.8358399093352786
OBELiX,4kt,,reference_measurement,-4.383552228827971,0.9762618531576582,-10.0,,3.3164565004601165
OBELiX,xas,,reference_measurement,-5.888387299676712,1.4375528652217209,-4.823908740944319,,3.677279360839941
OBELiX,kfp,,reference_measurement,2.3708481696926658,-0.9667138769029925,-16.796203144042632,,7.449666500120662
OBELiX,qy4,,reference_measurement,-4.642461767353329,1.0818295356291852,-5.055517327849832,,6.522724223620021
OBELiX,00x,,reference_measurement,5.786921683855995,-4.407476326995087,-10.0,,7.421208263441487
OBELiX,9wf,,reference_measurement,-3.1190923853859966,11.977638162296994,-3.1870866433571443,,16.993960764047326
OBELiX,dmq,,reference_measurement,-9.618502687381081,-0.29892803969439885,-7.882728704344236,,2.101836838256902
OBELiX,uox,,reference_measurement,-1.5083369627448378,-4.0349100638029345,-11.247951552180561,,2.9762585034114277
OBELiX,joc,,reference_measurement,-7.136006462536736,-2.0390986540569243,-6.585026652029182,,0.6478108282452413
OBELiX,mq1,,reference_measurement,-6.081685600537168,1.836868620741646,-8.318758762624412,,3.9168916585872657
OBELiX,ssv,,reference_measurement,-0.6091152747434272,-2.044290923911775,-12.882728704344236,,1.866402800017887
OBELiX,h6c,,reference_measurement,-0.2900535768887407,-1.5279294372183048,-13.036212172654444,,2.848375331895244
OBELiX,bsa,,reference_measurement,-1.4095004185594655,-2.6076355359928303,-13.619788758288394,,3.905768146094515
OBELiX,mde,,reference_measurement,-0.5453010949870459,-8.354199239921051,-10.0,,7.874115797456869
OBELiX,1e9,,reference_measurement,-8.295998088290997,3.857110271481563,-9.0,,3.623232832182365
OBELiX,an2,,reference_measurement,-8.450219864303245,0.2874350703990732,-10.0,,3.9900707152221395
OBELiX,tka,,reference_measurement,-4.451229197972901,-8.518531764313252,-7.209714835966758,,13.169624991257427
OBELiX,cdk,,reference_measurement,-6.67280931706478,-3.92515962031116,-10.0,,6.353365354254304
OBELiX,fwz,,reference_measurement,-6.673857410992137,-2.199484762233472,-5.698970004336019,,3.9669720181190278
OBELiX,hln,,reference_measurement,-4.582912671366235,-2.863485074263492,-7.42021640338319,,6.596625316001831
OBELiX,cy2,,reference_measurement,6.818625160807124,0.607366424199136,-3.474955192963155,,0.769834549084349
OBELiX,5tl,,reference_measurement,6.649571239441565,0.6557429140434683,-3.354577730650908,,0.4895588374487604
OBELiX,u2y,,reference_measurement,6.442267193387763,0.7104014310999265,-3.0690509688324767,,0.3072351081972113
OBELiX,kxh,,reference_measurement,6.987469456988675,1.4798912509195445,-6.0,,3.740919653208336
OBELiX,3we,,reference_measurement,6.832716110217932,1.4640315698441462,-7.096910013008056,,3.6972528415384156
OBELiX,5z0,,reference_measurement,-7.859628177609706,-1.0234772010471191,-9.301029995663981,,4.8658166731835335
OBELiX,472,,reference_measurement,-0.05024364565715705,-0.15383569691217355,-9.769551078621726,,12.764775954679006
OBELiX,9zk,,reference_measurement,-7.646001341707978,0.8986815010120678,-8.301029995663981,,5.020854568235378
OBELiX,dnt,,reference_measurement,1.7482289026804292,-5.790933108438423,-6.355561410532162,,1.1337648318807492
OBELiX,g5g,,reference_measurement,2.549441763546895,-4.711576783777929,-6.228412519118745,,2.179716652356998
OBELiX,hpu,,reference_measurement,4.294378298683203,-1.7626925330278629,-7.376750709602099,,2.8746213292450444
OBELiX,c6h,,reference_measurement,2.27528255885285,-6.908840221544449,-6.476253533188435,,4.5245418739330745
OBELiX,vzu,,reference_measurement,3.095791557333748,-5.86721200616791,-6.841637507904751,,4.620022423494693
OBELiX,a3e,,reference_measurement,4.179911410430943,-2.2732717567891467,-7.562249437179612,,1.9146003309873514
OBELiX,ubi,,reference_measurement,2.2736494335198385,-5.06739501800679,-5.080921907623926,,1.0847741507726458
OBELiX,9z8,,reference_measurement,2.5988330747252073,-4.698172571611118,-7.0851281824599495,,1.2990685688338224
OBELiX,nhq,,reference_measurement,-7.136006462536736,-2.0390986540569243,-6.049148541111453,,0.6478108282452413
OBELiX,w7d,,reference_measurement,-3.128157169086901,-4.081764687161512,-17.3767507096021,,1.9140706416886537
OBELiX,fj5,,reference_measurement,-2.801084775625903,-3.8327121796105286,-6.347753658996677,,2.016826691932457
OBELiX,gxz,,reference_measurement,-1.7730063863430765,-3.415583927802904,-10.0,,2.750367918124959
OBELiX,tbu,,reference_measurement,-1.3952754844965631,-4.2745783340302514,-10.0,,3.1129997151063202
OBELiX,uxo,,reference_measurement,-3.83152182806027,-4.674208721283245,-12.853871964321762,,2.8511110918577227
OBELiX,e6b,,reference_measurement,-9.336034015667002,2.0074719424577574,-6.698970004336019,,3.433144151498817
OBELiX,pbz,,reference_measurement,-1.2654837871524254,-0.7534444077055199,-5.247183568811729,,1.199723295935067
OBELiX,7ek,,reference_measurement,0.8889695569416997,2.239671112125145,-4.42021640338319,,6.295540285437498
OBELiX,86k,,reference_measurement,8.08007833302761,4.865359676549898,-8.452225294612177,,3.8265446838952863
OBELiX,kmv,,reference_measurement,-8.639659502592922,3.2994698943432814,-4.154901959985743,,3.2498282546163137
OBELiX,n7a,,reference_measurement,-2.361130916253819,1.3796285225736564,-2.853871964321762,,3.87175661175558
OBELiX,i6k,,reference_measurement,6.408765280777733,1.5253988097335542,-6.698970004336019,,5.190079967574986
OBELiX,x94,,reference_measurement,-9.390819614164034,0.04360698518477993,-7.30715308072277,,1.9127327532778167
OBELiX,e6e,,reference_measurement,-2.662832276701608,-2.449198437320681,-5.943095148663527,,2.1352078608884235
OBELiX,ylh,,reference_measurement,-0.6746485658524577,-0.9486976925382332,-4.721246399047171,,1.6621994316385567
OBELiX,eij,,reference_measurement,-2.736667342052948,-2.049724355930712,-5.346787486224656,,1.6900619756126314
OBELiX,ldd,,reference_measurement,-0.9039768678310165,-0.8744232241622912,-6.051098239029787,,1.313939469788915
OBELiX,efb,,reference_measurement,-2.8027837776374818,-1.6811692213552587,-4.958607314841775,,1.544592091686797
OBELiX,lcm,,reference_measurement,-1.1157296702207373,-0.8030986951551748,-4.496209316942819,,1.1539709431026277
OBELiX,mgs,,reference_measurement,-2.8627608284457944,-1.3422110267442584,-5.987162775294828,,1.6634036440815607
OBELiX,31s,,reference_measurement,-1.3147646114954075,-0.7381190416546698,-5.567030709125595,,1.2652371697399614
OBELiX,dku,,reference_measurement,-0.7695075919314445,-2.3365431428459487,-12.449771646944907,,1.728747606991805
OBELiX,ndx,,reference_measurement,-0.9172642688230999,-2.6353446542072683,-12.494850021680094,,1.789006096882877
OBELiX,m0j,,reference_measurement,-1.052995386026669,-2.9471881579524144,-12.688246138944246,,2.099646935496643
OBELiX,9lo,,reference_measurement,-3.128157169086901,-4.081764687161512,-12.756961951313706,,1.9140706416886537
OBELiX,dth,,reference_measurement,-5.36134848392758,0.41652003715489455,-11.886056647693163,,5.3880071473895415
OBELiX,45e,,reference_measurement,-6.1610953077582336,5.263676847825829,-9.10790539730952,,12.258319348051064
OBELiX,x2i,,reference_measurement,3.2717681648519745,6.302944844725605,-7.42021640338319,,9.082364026536473
OBELiX,xz4,,reference_measurement,8.001229736118509,1.8620876381124527,-7.886056647693163,,4.153028357914584
OBELiX,hja,,reference_measurement,7.859501298531394,1.8307341060633444,-9.0,,4.0822735542181965
OBELiX,3nb,,reference_measurement,7.969266750490162,2.1109184693103655,-9.744727494896694,,4.3237289757397575
OBELiX,qa9,,reference_measurement,-10.208790267976102,-3.842647916390251,-9.795880017344075,,5.652767674632839
OBELiX,ihb,,reference_measurement,5.380055556092204,0.7638438778104342,-3.0087739243075053,,0.10387546362992202
OBELiX,3k7,,reference_measurement,5.36913393029289,0.7445680591394632,-2.9746941347352296,,0.076225356578361
OBELiX,1sz,,reference_measurement,5.358213647061818,0.7252489337164488,-3.032452023781138,,0.06238156778911852
OBELiX,yh8,,reference_measurement,5.347294706398986,0.705886501541399,-3.2062096153091812,,0.06238156773222152
OBELiX,coh,,reference_measurement,5.3363771083044,0.6864807626143082,-3.75448733218585,,0.062466033427470466
OBELiX,1pw,,reference_measurement,5.325460852778046,0.6670317169351768,-3.9746941347352296,,0.06255058263451672
OBELiX,bw3,,reference_measurement,5.314545939819939,0.6475393645040053,-3.1904402853647325,,0.07646948929942914
OBELiX,my5,,reference_measurement,5.3036323694300735,0.6280037053207957,-3.306273051076353,,0.10434494945907553
OBELiX,hta,,reference_measurement,6.199204641652195,0.7679386440750118,-3.0190880622231564,,0.1289856353459558
OBELiX,s3h,,reference_measurement,5.692870621291602,0.8650612365318627,-3.0338582672609675,,0.4800682224119548
OBELiX,nua,,reference_measurement,5.466910787080266,1.867070106298466,-10.0,,1.6437749563475745
OBELiX,3rx,,reference_measurement,6.240715073471605,2.616612637973513,-10.0,,3.9152778593315745
OBELiX,7e5,,reference_measurement,8.731382452378167,4.1096402622760175,-6.7447274948966935,,2.7228174404731433
OBELiX,sib,,reference_measurement,8.551249987899498,4.136328010516438,-5.167491087293763,,2.6107280386427054
OBELiX,r99,,reference_measurement,8.462373844346615,4.148287865030686,-4.920818753952375,,2.6362721581471384
OBELiX,lol,,reference_measurement,-8.520784735741074,4.463388438054997,-3.9208187539523753,,2.6864533145453158
OBELiX,d7f,,reference_measurement,0.9953135317147674,4.618336124052331,-9.387216143280265,,7.019136254488035
OBELiX,52b,,reference_measurement,-6.765359880928085,-0.22906973381778142,-1.9136401693252518,,0.039140053126043794
OBELiX,8po,,reference_measurement,-6.7861315212593025,-0.14568044775690958,-1.8794260687941502,,0.12481916880482954
OBELiX,ya8,,reference_measurement,-6.824273886528429,0.015016540430727622,-1.958607314841775,,0.19527715856958888
OBELiX,j8q,,reference_measurement,-6.75837582517826,-0.2573693899157933,-1.91721462968355,,0.009785013281510949
OBELiX,824,,reference_measurement,-6.806392255221552,-0.06445981008824726,-1.8416375079047504,,0.17002585818820382
OBELiX,mqo,,reference_measurement,-6.86815099413244,-1.6439942309478672,-2.171984935776023,,0.061700127010782965
OBELiX,izs,,reference_measurement,-6.876346496193984,-1.6219877181093223,-2.2781893847874533,,0.10221639006384042
OBELiX,8nc,,reference_measurement,-6.859936873862153,-1.6664889114297647,-2.2479515521805613,,0.06170032058401931
OBELiX,3sx,,reference_measurement,-6.851704237980633,-1.6894793202426843,-2.3757179041643317,,0.0800986147634942
OBELiX,xga,,reference_measurement,-6.162361273912719,0.7881755650600525,-2.4282911681913126,,0.05958442317508218
OBELiX,xn9,,reference_measurement,-6.152604199882044,0.7227817243892012,-2.4377071355435254,,0.0940956485482273
OBELiX,sg4,,reference_measurement,-6.149762986307772,0.6850251004380971,-2.360513510731414,,0.06123989587761005
OBELiX,ns3,,reference_measurement,-6.144927563318501,0.6602799653100293,-2.3045183235098023,,0.04686304503732173
OBELiX,g8j,,reference_measurement,-6.142336172178266,0.6392696018800734,-2.343901797987168,,0.06006722463622398
OBELiX,bim,,reference_measurement,-6.1397283653276045,0.6181702526774244,-2.4436974992327127,,0.0866873688238478
OBELiX,02p,,reference_measurement,-6.829660850076169,-1.7532695311303494,-2.638272163982407,,0.1936682079800404
OBELiX,9lx,,reference_measurement,-6.160964639727241,0.7913085655054203,-2.154901959985743,,0.05856558127102847
OBELiX,mtn,,reference_measurement,-6.75837582517826,-0.2573693899157933,-1.609064892896621,,0.009785013281510949
OBELiX,9rc,,reference_measurement,-5.908444666561534,0.7603511835738083,-1.85078088734462,,0.4439468795716583
OBELiX,13q,,reference_measurement,-6.160964639727241,0.7913085655054203,-2.4001169279263124,,0.05856558127102847
OBELiX,ik8,,reference_measurement,-5.888903719771808,0.7992092335205925,-2.1290111862394245,,0.4659196350118283
OBELiX,nip,,reference_measurement,-6.144927563318501,0.6602799653100293,-2.2596373105057563,,0.04686304503732173
OBELiX,1hh,,reference_measurement,-6.75837582517826,-0.2573693899157933,-1.9208187539523751,,0.009785013281510949
OBELiX,8ub,,reference_measurement,-5.816408070376036,0.7877041321667807,-2.0560111249262283,,0.6648479738949299
OBELiX,7tu,,reference_measurement,-5.786007702616015,0.6768403686349483,-2.106793246940152,,0.6295539813659856
OBELiX,ui6,,reference_measurement,-5.801281531957114,0.7332382021265941,-1.958607314841775,,0.6261107177282172
OBELiX,nkr,,reference_measurement,-6.75837582517826,-0.2573693899157933,-2.844663962534938,,0.009785013281510949
OBELiX,906,,reference_measurement,-4.211351290601146,2.5976520195677484,-3.251037138743839,,1.571544549690333
OBELiX,fnu,,reference_measurement,-4.159640564285633,2.6180382514433655,-3.2426039712069756,,1.4970666594769422
OBELiX,pfi,,reference_measurement,-4.107947204710725,2.637037186364688,-3.1505805862031004,,1.4754879753605268
OBELiX,f0h,,reference_measurement,-4.056060722647729,2.6548534872702265,-3.500312917381596,,1.507118182880474
OBELiX,7iw,,reference_measurement,-4.0018801297117035,2.673796434935558,-4.000869458712629,,1.5955962020552965
OBELiX,ikh,,reference_measurement,-7.2321519728269,-1.8599980113351111,-2.9208187539523753,,0.910197672636117
OBELiX,hd3,,reference_measurement,-6.824273886528428,0.0150165404307274,-2.154901959985743,,0.19527715856960906
OBELiX,ete,,reference_measurement,-6.800511216257128,-1.1008516633836394,-1.6020599913279623,,5.827759299636012
OBELiX,k4x,,reference_measurement,-6.86815099413244,-1.6439942309478672,-2.1870866433571443,,0.061700127010782965
OBELiX,ia5,,reference_measurement,5.613127713207685,1.839447059170743,-8.0,,2.1403065032796667
OBELiX,sg0,,reference_measurement,2.028672272723227,-0.606386993655017,-10.0,,2.9255492272938084
OBELiX,97b,,reference_measurement,3.063675250512681,0.2429110527528398,-10.0,,2.9580121973797446
OBELiX,wyu,,reference_measurement,4.051375537537683,2.9896899655269915,-5.787812395596042,,0.13325890555607106
OBELiX,019,,reference_measurement,2.4328214319014383,-7.055835040917627,-3.7931741239681505,,0.20173792665243923
OBELiX,yqu,,reference_measurement,2.1568973516069057,-7.382114678846677,-2.3169529617611504,,0.10268134664252777
OBELiX,95j,,reference_measurement,-9.98251676620323,-8.009614230230243,-6.853871964321762,,16.86055666376791
OBELiX,0iv,,reference_measurement,-6.8624315992998,-2.602179397407339,-6.623423042943488,,0.417928637637606
OBELiX,2ro,,reference_measurement,-6.8624315992998,-2.602179397407339,-9.795880017344075,,0.417928637637606
OBELiX,deu,,reference_measurement,-10.221555299559817,2.051392420437879,-4.366531544420414,,3.8932141453608082
OBELiX,usu,,reference_measurement,-9.461904439596752,3.249286904570212,-5.366531544420414,,3.7742509715862234
OBELiX,ur9,,reference_measurement,3.5013611338321975,-5.571208383374915,-9.0,,1.2609686393986643
OBELiX,0o6,,reference_measurement,2.664053906733982,-6.77723172797399,-4.000869458712629,,0.1199055564616566
OBELiX,a3l,,reference_measurement,5.673663197439103,-1.7574354475284402,-6.54821356447571,,0.5470846494456308
OBELiX,4ba,,reference_measurement,0.5099601318003434,-7.256584894056185,-6.47755576649368,,1.3432273658136036
OBELiX,qea,,reference_measurement,2.4328214319014383,-7.055835040917627,-5.698970004336019,,0.20173792665243923
OBELiX,ldx,,reference_measurement,0.5099601318003434,-7.256584894056185,-8.316052869248487,,1.3432273658136036
OBELiX,0fh,,reference_measurement,0.47789336309623043,-7.3161874710731905,-4.316052869248487,,0.25436617953238294
OBELiX,gw2,,reference_measurement,0.36428959106938746,-7.192367474735817,-3.72584215073632,,0.2501467929606549
OBELiX,1xf,,reference_measurement,0.3084259287733948,-7.132540906394329,-3.473660722610156,,0.14460560014275214
OBELiX,tjh,,reference_measurement,0.18782175604603582,-6.991732695971882,-3.5783960731301687,,0.327694711600517
OBELiX,8fn,,reference_measurement,0.12915015066066599,-6.924757072905923,-3.8632794328435933,,0.5119354636872028
OBELiX,mdj,,reference_measurement,2.3308691149348295,-6.978085602360422,-4.0655015487564325,,0.9643931299814777
OBELiX,t1l,,reference_measurement,2.2875194195208124,-6.844916429323145,-3.494850021680094,,1.0288305642617162
OBELiX,my9,,reference_measurement,2.1568973516069057,-7.382114678846677,-3.2254830342714502,,0.10268134664252777
OBELiX,9s4,,reference_measurement,2.0807125548537413,-7.352107698795835,-3.141462802430361,,0.033563039538415905
OBELiX,iqt,,reference_measurement,2.0059275598585344,-7.323164900581821,-3.4111682744057927,,0.033053847697828945
OBELiX,xa0,,reference_measurement,1.9319412729177707,-7.2953676274709816,-3.6055483191737836,,0.13171823367973515
OBELiX,f4x,,reference_measurement,2.3725151976414036,-6.674985861093218,-4.739928612014925,,0.21524234231165815
OBELiX,txm,,reference_measurement,2.289500163072423,-6.555380945150863,-4.454692883534176,,0.23127797554093724
OBELiX,v1t,,reference_measurement,2.207972640406602,-6.438505454781479,-3.826813731587726,,0.32334405983911274
OBELiX,d6b,,reference_measurement,2.127899069805537,-6.324292075314105,-3.413412695328245,,0.49395612536426403
OBELiX,x9a,,reference_measurement,2.0942555077157787,-6.594805891957673,-3.7904849854573692,,0.8915295730392223
OBELiX,3ta,,reference_measurement,2.0224642314877195,-6.546290274356411,-3.583359492661719,,0.7976975667738467
OBELiX,gjy,,reference_measurement,1.9515220108097016,-6.498909389439658,-3.8927900303521317,,0.7792985425849914
OBELiX,lz8,,reference_measurement,1.8814231608291285,-6.452633255244099,-3.9136401693252516,,0.8349311083166124
OBELiX,6st,,reference_measurement,2.608807409168764,-7.156536687875103,-3.744727494896694,,0.6488681711145474
OBELiX,t9r,,reference_measurement,2.565565927168068,-7.122588366620609,-3.6090648928966207,,0.826887267657337
OBELiX,xr7,,reference_measurement,2.5227815953743864,-7.0895377825342685,-3.406713932979543,,1.2710096225619847
OBELiX,pg8,,reference_measurement,2.4804472080496023,-7.05736185000271,-3.7594507517174,,1.9836230774779608
OBELiX,1wm,,reference_measurement,2.664053906733982,-6.77723172797399,-3.161150909262745,,0.1199055564616566
OBELiX,do2,,reference_measurement,2.612355968045999,-6.660082287115445,-3.153044674980176,,0.11913558893134804
OBELiX,uaj,,reference_measurement,2.5613775629812015,-6.545289745791282,-3.288192770958809,,0.27592926305106014
OBELiX,5u3,,reference_measurement,2.7073004678120407,-5.7065952796044135,-3.408935392973501,,0.5323245482203767
OBELiX,2eq,,reference_measurement,2.65110342366178,-5.621524481474328,-3.4056074496245734,,0.4538806844610713
OBELiX,yn6,,reference_measurement,2.595514282696801,-5.53803999571568,-3.5199930570428495,,0.45388468431505957
OBELiX,8jy,,reference_measurement,2.5405232343528614,-5.456105427207752,-3.6903698325741012,,0.5301488792485831
OBELiX,p4l,,reference_measurement,4.301976616671385,-4.646813543580439,-4.096910013008056,,0.3355370778529106
OBELiX,qkr,,reference_measurement,4.277627049622439,-4.471107725573856,-3.281498311132726,,0.23864415345822518
OBELiX,e0z,,reference_measurement,4.253775273919464,-4.2983730642134494,-3.3027706572402824,,0.33376330886377714
OBELiX,vus,,reference_measurement,4.230786469515695,-4.128471065288804,-3.55129368009492,,0.5202895629106167
OBELiX,h7r,,reference_measurement,3.0797902520187157,-5.5019563032087655,-4.642065152999546,,1.6699073880920636
OBELiX,9ky,,reference_measurement,3.0323334983392884,-5.572167239336225,-5.025949097207123,,1.8223602920425122
OBELiX,4ea,,reference_measurement,3.012496910935577,-5.575494865121651,-5.501689446210399,,2.017007318745126
OBELiX,z7n,,reference_measurement,5.78769549085001,-1.8174871137077753,-7.036212172654444,,0.6218184961250779
OBELiX,7kf,,reference_measurement,1.8442041675070018,-7.04958624421188,-2.9136401693252516,,0.4124990844156837
OBELiX,i8k,,reference_measurement,2.7073004678120407,-5.7065952796044135,-4.0851281824599495,,0.5323245482203767
OBELiX,hzf,,reference_measurement,2.4420779346214516,-7.226391637084921,-3.0123337350737254,,0.27186325580678095
OBELiX,x61,,reference_measurement,2.4545011029701462,-7.18214278121453,-2.906578314837765,,0.2607887163558126
OBELiX,czo,,reference_measurement,2.466943453406824,-7.137983200242475,-3.3675427078152755,,0.2787238015940417
OBELiX,o8s,,reference_measurement,2.612355968045999,-6.660082287115445,-3.344861565188618,,0.11913558893134804
OBELiX,lap,,reference_measurement,2.0807125548537413,-7.352107698795835,-2.9469215565165805,,0.033563039538415905
OBELiX,yp3,,reference_measurement,2.4328214319014383,-7.055835040917627,-4.221848749616356,,0.20173792665243923
OBELiX,tzl,,reference_measurement,2.273165048083696,-7.42932364188571,-2.958607314841775,,0.19260295325269403
OBELiX,hyj,,reference_measurement,2.2341952278502886,-7.41327795518027,-3.1739251972991736,,0.12211654600925352
OBELiX,mg4,,reference_measurement,2.0807125548537413,-7.352107698795835,-2.207608310501746,,0.033563039538415905
OBELiX,50s,,reference_measurement,2.0059275598585344,-7.323164900581821,-2.4814860601221125,,0.033053847697828945
OBELiX,d4q,,reference_measurement,2.4999026042238595,-6.859663118474516,-3.744727494896694,,0.40987455531738914
OBELiX,6he,,reference_measurement,2.457052258790344,-6.797389525630029,-3.5850266520291822,,0.3117055071693787
OBELiX,pwy,,reference_measurement,2.3725151976414036,-6.674985861093218,-3.3665315444204134,,0.21524234231165815
OBELiX,y9l,,reference_measurement,2.289500163072423,-6.555380945150863,-3.537602002101044,,0.23127797554093724
OBELiX,rc1,,reference_measurement,2.6745429327334986,-7.209194662385596,-3.886056647693163,,1.3141842422925527
OBELiX,lzt,,reference_measurement,2.652513401670262,-7.1914065347129865,-3.2006594505464183,,0.9348721689389403
OBELiX,kbp,,reference_measurement,2.608807409168764,-7.156536687875103,-2.853871964321762,,0.6488681711145474
OBELiX,b9u,,reference_measurement,2.565565927168068,-7.122588366620609,-2.638272163982407,,0.826887267657337
OBELiX,3uq,,reference_measurement,0.42076316078921217,-7.253548115685447,-4.084072788302884,,0.252167364000979
OBELiX,1dm,,reference_measurement,0.24757208394843738,-7.060973334806347,-3.5466816599529625,,0.1888747477861334
OBELiX,rg6,,reference_measurement,2.0059275598585344,-7.323164900581821,-2.4710832997223453,,0.033053847697828945
OBELiX,ed4,,reference_measurement,0.47789336309623043,-7.3161874710731905,-4.100179497572904,,0.25436617953238294
OBELiX,vg0,,reference_measurement,0.3084259287733948,-7.132540906394329,-3.721246399047171,,0.14460560014275214
OBELiX,z9y,,reference_measurement,2.1568973516069057,-7.382114678846677,-2.4710832997223453,,0.10268134664252777
OBELiX,w3n,,reference_measurement,2.0059275598585344,-7.323164900581821,-2.9507819773298185,,0.033053847697828945
OBELiX,ym6,,reference_measurement,2.0807125548537413,-7.352107698795835,-2.91721462968355,,0.033563039538415905
OBELiX,nng,,reference_measurement,1.7650964448386064,-6.682857691869952,-3.154901959985743,,1.5052392824749954
OBELiX,qno,,reference_measurement,2.4328214319014383,-7.055835040917627,-6.416801226031377,,0.20173792665243923
OBELiX,oxc,,reference_measurement,2.0059275598585344,-7.323164900581821,-2.2494916051486538,,0.033053847697828945
OBELiX,dq4,,reference_measurement,2.466943453406824,-7.137983200242475,-3.370590400897281,,0.2787238015940417
OBELiX,0fa,,reference_measurement,2.4420779346214516,-7.226391637084921,-3.570247719997592,,0.27186325580678095
OBELiX,rr5,,reference_measurement,2.4328214319014383,-7.055835040917627,-4.142667503568732,,0.20173792665243923
OBELiX,6j9,,reference_measurement,2.630601875438319,-7.173854905692872,-3.282329496997738,,0.7468059214860331
OBELiX,0x9,,reference_measurement,2.664053906733982,-6.77723172797399,-3.6090648928966207,,0.1199055564616566
OBELiX,iwe,,reference_measurement,2.612355968045999,-6.660082287115445,-3.39040559077478,,0.11913558893134804
OBELiX,ib2,,reference_measurement,2.716485960458578,-6.896795389826741,-3.8013429130455774,,0.2837236771220885
OBELiX,ppz,,reference_measurement,4.981802982498546,-2.0341533383759742,-5.0,,0.5774026149276965
OBELiX,ci1,,reference_measurement,3.5593802403025343,-5.641479667345369,-7.251811972993799,,0.9762817080533462
OBELiX,08e,,reference_measurement,3.2871254995043646,-6.15444156854485,-7.070581074285707,,1.291247905907158
OBELiX,xkh,,reference_measurement,3.5763961469386554,-5.609419516875334,-7.494850021680094,,0.9874686531910924
OBELiX,wng,,reference_measurement,5.102368980186621,-2.0001591777952488,-5.3979400086720375,,0.685554863551282
OBELiX,ncr,,reference_measurement,5.673663197439103,-1.7574354475284402,-6.164309428507575,,0.5470846494456308
OBELiX,dx2,,reference_measurement,5.76395327574695,-2.217661156065636,-3.9706162223147903,,5.519044590055022
OBELiX,6xc,,reference_measurement,5.224158399437056,-1.9666910476264432,-4.289882634888183,,0.9040686313888215
OBELiX,21m,,reference_measurement,6.051402599168924,-1.4639141140593948,-4.230622673923862,,0.5341420446143973
OBELiX,4k1,,reference_measurement,5.818041638035684,-1.7621250762733407,-4.610833915635467,,0.7238648868810315
OBELiX,gzp,,reference_measurement,5.994235848578232,-1.3707445022107962,-4.009217308196862,,0.4378492854177236
OBELiX,lh8,,reference_measurement,5.238275467588011,-1.7128189904624866,-6.279014255846261,,1.4171521406858099
OBELiX,ew5,,reference_measurement,5.551712917460714,-2.3998543907146144,-4.267606240177032,,6.862623646849483
OBELiX,9l3,,reference_measurement,4.981802982498546,-2.0341533383759742,-3.8477116556169433,,0.5774026149276965
OBELiX,jdk,,reference_measurement,5.937843260687412,-1.279604633008898,-4.448550002027125,,0.4366874668348709
OBELiX,h8a,,reference_measurement,5.589477478488651,-1.782166588953354,-4.079876673709276,,0.8924992845733619
OBELiX,jq7,,reference_measurement,5.88608628640464,-1.3851685839253105,-4.496209316942819,,0.6425266180422287
OBELiX,ylt,,reference_measurement,4.862442204263173,-2.0686504915536204,-3.8477116556169433,,0.6844838766988122
OBELiX,gnq,,reference_measurement,5.882209790818142,-1.1904450106779756,-4.686132779630847,,0.5218327916204883
OBELiX,sso,,reference_measurement,5.791055755832957,-1.3632041889755788,-4.679853713888946,,0.8235827595545269
OBELiX,lpx,,reference_measurement,3.914845433275179,-5.112285045566961,-4.1487416512809245,,1.456521229575646
OBELiX,f7p,,reference_measurement,3.2742046596204406,-6.151696858568807,-3.9208187539523753,,1.4438701050109324
OBELiX,l8t,,reference_measurement,3.315767285396467,-6.030121016656181,-4.136677139879544,,1.4604282328268479
OBELiX,3tt,,reference_measurement,3.2949763814056694,-6.090864300036448,-4.721246399047171,,1.4334706611020187
OBELiX,za6,,reference_measurement,0.5359883904362401,-7.3808948233757325,-5.5376020021010435,,0.4604129592483373
OBELiX,ag1,,reference_measurement,0.42076316078921217,-7.253548115685447,-4.4089353929735005,,0.252167364000979
OBELiX,u5t,,reference_measurement,0.3084259287733948,-7.132540906394329,-3.552841968657781,,0.14460560014275214
OBELiX,0y6,,reference_measurement,0.24757208394843738,-7.060973334806347,-3.853871964321762,,0.1888747477861334
OBELiX,yq2,,reference_measurement,2.2341952278502886,-7.41327795518027,-4.522878745280337,,0.12211654600925352
OBELiX,kab,,reference_measurement,2.0807125548537413,-7.352107698795835,-4.425968732272281,,0.033563039538415905
OBELiX,tp2,,reference_measurement,1.858740968511313,-7.268684045937748,-4.638272163982407,,0.25873377963597677
OBELiX,nf0,,reference_measurement,1.9319412729177707,-7.2953676274709816,-4.958607314841775,,0.13171823367973515
OBELiX,fkt,,reference_measurement,4.301976616671385,-4.646813543580439,-3.277366077466188,,0.3355370778529106
OBELiX,ctg,,reference_measurement,4.277627049622439,-4.471107725573856,-3.277366077466188,,0.23864415345822518
OBELiX,4t5,,reference_measurement,2.399046351436534,-5.269843359914418,-9.447331783887806,,2.507663263106937
OBELiX,smk,,reference_measurement,1.358951552617792,-6.56864874735343,-7.498940737782249,,2.726157614027288
OBELiX,vtr,,reference_measurement,2.650472161227582,-6.629609439981713,-5.863279432843593,,6.411662363463717
OBELiX,dc8,,reference_measurement,-2.1348255437910266,-3.844238195115905,-10.0,,6.09897487519679
OBELiX,hai,,reference_measurement,4.5008893225322275,1.152531484663315,-10.0,,8.078041905565195
OBELiX,tvf,,reference_measurement,-9.111242557303667,0.6642085732131191,-5.0,,10.794729395904316
OBELiX,u8r,,reference_measurement,8.525519977079817,3.5662592231541748,-10.0,,5.910228546711211
OBELiX,gvd,,reference_measurement,-12.664307967882369,-3.2358981442981722,-3.2390500485891027,,6.166031490812972
OBELiX,uex,,reference_measurement,2.9968570741846907,-4.3371615762574365,-10.0,,10.287128824657547
OBELiX,11b,,reference_measurement,-11.488684486672975,-0.3727745530989227,-3.153044674980176,,6.434644811071972
OBELiX,fft,,reference_measurement,-12.664307967882369,-3.2358981442981722,-3.6808939406902237,,6.166031490812972
OBELiX,lf5,,reference_measurement,4.847272146868354,4.3299103812374184,-5.221848749616356,,3.3170258597516464
OBELiX,68u,,reference_measurement,4.5711326766702784,3.0130040797748414,-5.096910013008056,,0.5456505653660331
OBELiX,gyw,,reference_measurement,6.262192334855738,6.240017388071634,-5.376750709602099,,1.3837441956366756
OBELiX,0v9,,reference_measurement,3.955409296654715,2.888488328907285,-4.619788758288394,,1.8886949920859188
OBELiX,qtc,,reference_measurement,5.145656602037445,4.356879166699907,-4.97469413473523,,4.656993075945896
OBELiX,vy5,,reference_measurement,2.334419543658518,0.7921525861555668,-7.866461091629782,,8.412397172580263
OBELiX,rwr,,reference_measurement,-10.297985705126532,1.8766457733373143,-4.7447274948966935,,5.325895859108099
OBELiX,pql,,reference_measurement,-10.400705498152853,-0.03946111263221922,-4.346787486224656,,5.653770009364738
OBELiX,dl7,,reference_measurement,2.581231013210809,-2.1888462034412455,-10.0,,0.28681044442983267
OBELiX,i12,,reference_measurement,2.9294946276905516,-2.8186020656272457,-10.0,,6.369287704493333
OBELiX,aui,,reference_measurement,1.0070473029195188,-3.7978737646247027,-10.0,,7.19584206832013
OBELiX,mfs,,reference_measurement,0.18634229682912123,-2.88111491796675,-10.0,,4.112304774607559
OBELiX,jl4,,reference_measurement,2.5489588045934304,-2.115543066770241,-9.18309616062434,,0.22695447633621685
OBELiX,jkq,,reference_measurement,2.58610875795294,-2.192250575977147,-10.8153085691824,,0.2953041130916476
OBELiX,yav,,reference_measurement,-3.587895524246028,0.7289522635415627,-5.158015195409886,,3.1304415583745246
OBELiX,9yt,,reference_measurement,-10.10083020190098,3.180154177374629,-2.7304870557820835,,0.9066437519708886
OBELiX,122,,reference_measurement,-10.465008012845335,1.1685590374688375,-2.688246138944246,,2.7701898666227303
OBELiX,ij5,,reference_measurement,-10.111401131930927,3.031228345874463,-2.4775557664936803,,1.0195392296471246
OBELiX,6jf,,reference_measurement,-10.419189352751957,3.4511337263725146,-2.939302159646388,,0.27936315924848437
OBELiX,ymc,,reference_measurement,-9.471673335706768,4.848942043466693,-4.581698708680254,,0.6762485861973591
OBELiX,ywe,,reference_measurement,-9.745440347900663,5.134380677569944,-5.886056647693163,,0.6075488474902292
OBELiX,kgl,,reference_measurement,-10.121556274231763,2.881071393821575,-2.6458915608525992,,1.3464698695539294
OBELiX,vqj,,reference_measurement,-9.514617442943159,4.747243383442273,-3.9507819773298185,,0.7736553607213669
OBELiX,h82,,reference_measurement,-9.4286249352223,4.950681934919823,-5.3260580013659125,,0.6685417717164313
OBELiX,9zr,,reference_measurement,-10.419189352751957,3.4511337263725146,-3.1542819820333414,,0.27936315924848437
OBELiX,a8v,,reference_measurement,-9.985658075031553,3.3736252363939063,-3.0565054840938974,,0.09209245255269927
OBELiX,09w,,reference_measurement,-9.990889387739038,3.3843213573734765,-3.359518563029578,,0.0693323853843029
OBELiX,x2v,,reference_measurement,-9.996119217148042,3.394824901245592,-3.0589857562944305,,0.059191842999179636
OBELiX,bnh,,reference_measurement,-9.991524596461243,3.3875574418663805,-3.097453220686009,,0.06534742692839549
OBELiX,x9d,,reference_measurement,-10.006574038233731,3.415262113060829,-3.0447934624580584,,0.06598461262329147
OBELiX,ish,,reference_measurement,-10.01702177794646,3.4349523682825875,-3.0310503190186573,,0.06360032393566373
OBELiX,iiy,,reference_measurement,-10.02224276127285,3.444522137423522,-2.7721132953863266,,0.06070725059507537
OBELiX,3zo,,reference_measurement,-10.027461699981949,3.453910826318865,-2.96657624451305,,0.06070725127571956
OBELiX,vj7,,reference_measurement,-10.032678505678764,3.4631202785902833,-2.85078088734462,,0.06534165759636845
OBELiX,wsd,,reference_measurement,-10.04310537152282,3.481008747778707,-2.7825160557860937,,0.08699356885709855
OBELiX,10s,,reference_measurement,-10.053522679630861,3.4982018975066613,-2.630784142589857,,0.12317300145702463
OBELiX,fkj,,reference_measurement,-10.083391926362433,3.5460044172641894,-2.6595558851598815,,0.2493845574088911
OBELiX,tt3,,reference_measurement,-10.465008012845335,1.1685590374688375,-2.886056647693163,,2.7701898666227303
OBELiX,nig,,reference_measurement,-10.419189352751957,3.4511337263725146,-2.5575202309355514,,0.27936315924848437
OBELiX,z16,,reference_measurement,-10.308015027718906,3.5057350178318085,-2.494850021680094,,0.4797170575619732
OBELiX,hbz,,reference_measurement,-10.30031789206707,3.5629549823476574,-2.406713932979543,,0.37901308905898257
OBELiX,uut,,reference_measurement,-10.292490401603512,3.620005544596503,-2.441291429466834,,0.30976538680133253
OBELiX,cju,,reference_measurement,-10.284532556328232,3.676886704578342,-2.438898616350944,,0.30791340128593586
OBELiX,d9l,,reference_measurement,-10.276444356241232,3.7335984622931777,-2.571865205971211,,0.3066670860295696
OBELiX,96f,,reference_measurement,-10.268225801342508,3.790140817741009,-2.555955204081924,,0.3060306461167751
OBELiX,1kq,,reference_measurement,-10.259876891632064,3.846513770921834,-2.5214335044061564,,0.30601022618162843
OBELiX,c6e,,reference_measurement,-10.252036099064707,3.9041918179893207,-2.4584207560534193,,0.306005788411425
OBELiX,t2c,,reference_measurement,-10.244064951685628,3.961700462789803,-2.417936637088291,,0.3739997112540019
OBELiX,dlj,,reference_measurement,-10.235963449494829,4.01903970532328,-2.4424927980943423,,0.5091801296784332
OBELiX,w87,,reference_measurement,-10.419189352751957,3.4511337263725146,-4.494850021680094,,0.27936315924848437
OBELiX,97p,,reference_measurement,-10.465008012845335,1.1685590374688375,-4.481486060122113,,2.7701898666227303
OBELiX,p9u,,reference_measurement,-9.745440347900663,5.134380677569944,-3.657577319177794,,0.6075488474902292
OBELiX,5wz,,reference_measurement,-9.745440347900663,5.134380677569944,-5.8996294548824375,,0.6075488474902292
OBELiX,5gj,,reference_measurement,-9.465474815439427,5.095158162106564,-5.052566278112949,,0.25631549773779155
OBELiX,t17,,reference_measurement,-9.476411305238493,5.138505831072597,-4.405607449624573,,0.19084445025122815
OBELiX,kf7,,reference_measurement,-9.487186475523975,5.181150454588629,-4.496209316942819,,0.15856475758237845
OBELiX,utv,,reference_measurement,-9.49788578850188,5.223012062991475,-3.8239087409443187,,0.15856571915684034
OBELiX,q9f,,reference_measurement,-9.508510038305124,5.264104668878437,-3.1870866433571443,,0.18653808645876854
OBELiX,5qw,,reference_measurement,-9.529536470203634,5.344037493976842,-2.8239087409443187,,0.22869406209079224
OBELiX,znj,,reference_measurement,-9.550271908023108,5.421055406470483,-2.7304870557820835,,0.2546508117552785
OBELiX,pa1,,reference_measurement,-9.570466351396377,5.49531029881496,-2.2831622767004753,,0.2652675765059501
OBELiX,lxk,,reference_measurement,-9.58719375471193,5.567840996018063,-2.25649023527157,,0.3235596337724901
OBELiX,1m8,,reference_measurement,-9.60373546185679,5.638665012084417,-2.58838029403677,,0.43774486397010043
OBELiX,ga9,,reference_measurement,-2.861589770425416,-1.1764191177966752,-3.987162775294828,,17.162625393447605
OBELiX,240,,reference_measurement,-10.297985705126532,1.8766457733373143,-4.0655015487564325,,5.325895859108099
OBELiX,6l9,,reference_measurement,-1.561270174697774,-5.69622384321789,-5.698970004336019,,6.401417483684021
OBELiX,gas,,reference_measurement,6.403278893710695,0.7517699408246249,-3.5850266520291822,,4.4151522306101665
OBELiX,f5n,,reference_measurement,-10.055111849262342,-0.9014168469762045,-4.413412695328245,,11.436564125661404
OBELiX,hx7,,reference_measurement,-10.071536590084895,2.4838453137068157,-5.920818753952375,,11.419897814438798
OBELiX,oi4,,reference_measurement,8.580072592838729,6.3267923660243595,-3.42021640338319,,3.7326407352569064
OBELiX,sv7,,reference_measurement,6.0507957828553005,0.6954290329483919,-3.0,,0.19955166912955305
OBELiX,qbb,,reference_measurement,-9.198988587205598,4.797248329386968,-5.958607314841775,,5.4751458917103495
OBELiX,w1l,,reference_measurement,7.342618458078886,5.908218762937216,-4.221848749616356,,3.833186868705281
OBELiX,jce,,reference_measurement,7.890699004980524,4.709623881793741,-4.0,,11.773125088617249
OBELiX,9ph,,reference_measurement,6.725136221159988,0.6761875269961765,-3.96657624451305,,4.654143631277276
OBELiX,kkn,,reference_measurement,-11.198955605714458,5.118820191241926,-8.0,,6.580474404972405
OBELiX,m0v,,reference_measurement,2.086599647137617,-2.1704988377467163,-7.219682687859849,,2.4359775134838637
OBELiX,6du,,reference_measurement,2.4609337309628763,-1.9173403466172798,-7.761953896871205,,0.3864569679705507
OBELiX,u0c,,reference_measurement,2.490651869484549,-1.984019865129257,-8.372634143407268,,0.27697514486623137
OBELiX,xub,,reference_measurement,2.5070999261010516,-2.0514558186836953,-8.821023052706831,,0.22827824302475852
OBELiX,bjw,,reference_measurement,-4.4320777208171895,0.49356797685391124,-5.319664486585437,,3.294591893095297
OBELiX,dvn,,reference_measurement,-6.590385232307708,-0.6536375112653124,-6.204815410317576,,6.004765551394263
OBELiX,t3k,,reference_measurement,-4.776088295563578,0.09787778529608376,-6.6252516539898965,,4.605924878763678
OBELiX,uxi,,reference_measurement,-4.0527867939947,0.5264390371574318,-7.00436480540245,,4.92148380320913
OBELiX,r5y,,reference_measurement,-3.4360149371172044,-1.425707451260577,-6.236572006437063,,9.676928685260396
OBELiX,ek5,,reference_measurement,3.7657830580744056,1.9638719791074588,-10.0,,4.371647272434329
OBELiX,xut,,reference_measurement,7.294495750599911,6.18644824212394,-10.0,,4.145145810617758
OBELiX,ckw,,reference_measurement,3.758430579330125,1.9533392928972113,-10.0,,4.375216378532512
OBELiX,yab,,reference_measurement,7.335599955018858,6.239820426602689,-10.0,,4.139035460259781
OBELiX,ysm,,reference_measurement,4.052026946353049,2.0192398533252134,-10.0,,4.55309519757883
OBELiX,e81,,reference_measurement,7.39752910241202,6.130236609656584,-10.0,,4.424655172836883
OBELiX,3qz,,reference_measurement,4.051375537537683,2.9896899655269915,-3.9208187539523753,,0.13325890555607106
OBELiX,cjq,,reference_measurement,4.415228107240059,3.64946994218878,-5.376750709602099,,2.0940682210896733
OBELiX,uaz,,reference_measurement,3.9998839262587556,2.8740357791226026,-5.795880017344075,,1.8121650859555232
OBELiX,aax,,reference_measurement,7.162563434134873,6.761514962205822,-5.130181792020672,,0.7752128102944826
OBELiX,o86,,reference_measurement,7.00433405922655,6.818971398628483,-4.85078088734462,,0.5323203769459128
OBELiX,coi,,reference_measurement,6.551801988589496,6.975546948739309,-4.30189945437661,,0.29441992984548865
OBELiX,3vi,,reference_measurement,6.411592999834469,7.026991646532299,-4.511449283499556,,0.46227519772862313
OBELiX,vwn,,reference_measurement,6.273380815947295,7.07477993677777,-4.928117992693875,,0.5762500879829958
OBELiX,tlp,,reference_measurement,6.1371325685190365,7.119105662068831,-5.54515513999149,,0.8002359649281836
OBELiX,ka6,,reference_measurement,6.476809236849936,5.615255595633466,-5.179798540514359,,0.5257176660595512
OBELiX,7o7,,reference_measurement,6.694040739868129,6.920239962438584,-4.530177984021837,,0.059098198621975184
OBELiX,d6f,,reference_measurement,3.7798843967381672,2.338353740865038,-3.4685210829577446,,1.543383411392933
OBELiX,dvs,,reference_measurement,4.124464107916608,2.9959140355101535,-3.0915149811213505,,0.666294050943197
OBELiX,3o4,,reference_measurement,3.829215124741271,2.8103845132333225,-3.4559319556497243,,1.6746066766405832
OBELiX,kji,,reference_measurement,5.545941397529353,4.9798833230490525,-3.0,,0.2514753134539165
OBELiX,gdr,,reference_measurement,5.684135595528241,5.074086723240086,-3.494850021680094,,0.44493813109448477
OBELiX,v1q,,reference_measurement,5.276861579101848,4.788149643990077,-3.136677139879544,,0.13360168251094257
OBELiX,4vd,,reference_measurement,5.30997655721931,4.8123396541393895,-3.2006594505464183,,0.09548290850575832
OBELiX,5xk,,reference_measurement,5.3766472941408585,4.860535542995913,-3.337242168318426,,0.11500796858162196
OBELiX,2wb,,reference_measurement,5.410205008631888,4.884538556647522,-3.3279021420642825,,0.07679678026726378
OBELiX,zfg,,reference_measurement,5.443912272065633,4.908476338015211,-3.3979400086720375,,0.09632469761451881
OBELiX,6hq,,reference_measurement,5.82485481195739,5.167045692163362,-3.4559319556497243,,0.5820920900350526
OBELiX,hcm,,reference_measurement,6.476809236849936,5.615255595633466,-4.468521082957745,,0.5257176660595512
OBELiX,e6a,,reference_measurement,5.343238137721401,4.836468761175848,-3.161150909262745,,0.13369448508342446
OBELiX,g5q,,reference_measurement,5.477770084126928,4.932347401499977,-3.552841968657781,,0.09637187532265133
OBELiX,5z8,,reference_measurement,5.450053218083103,4.0531803172600895,-3.309803919971486,,1.9580177521987259
OBELiX,r07,,reference_measurement,3.701064016440137,3.6546687684425883,-3.4814860601221125,,1.219756396271246
OBELiX,uht,,reference_measurement,3.7579669971840306,3.6144478432503666,-2.9913998282380825,,1.1768347476747774
OBELiX,kbq,,reference_measurement,5.316095229693595,5.768025848971837,-4.721246399047171,,4.354849807614129
OBELiX,uw9,,reference_measurement,5.124864008907017,6.473066026613671,-4.698970004336019,,5.135054446097654
OBELiX,vqu,,reference_measurement,3.9314881469916756,3.3155079951845505,-6.886056647693163,,4.597547623968845
OBELiX,xog,,reference_measurement,3.763481406746385,2.6372152268814766,-5.107905397309519,,2.1708380711043036
OBELiX,bi3,,reference_measurement,3.5814179360874943,3.4004952935666948,-5.200659450546418,,4.357838241458854
OBELiX,gcj,,reference_measurement,3.9998839262587556,2.874035779122602,-5.876148359032914,,1.8121650859555216
OBELiX,20k,,reference_measurement,4.415228107240059,3.64946994218878,-5.432973633840939,,2.0940682210896733
OBELiX,jej,,reference_measurement,5.846848153874436,5.464583225005456,-5.657577319177793,,1.8499916415314224
OBELiX,hud,,reference_measurement,6.694040739868129,6.920239962438584,-4.886056647693163,,0.059098198621975184
OBELiX,4uu,,reference_measurement,5.085123864844344,4.312207456074898,-3.3872161432802645,,2.7382349724888924
OBELiX,sdz,,reference_measurement,5.277998996609381,4.118564971127037,-3.431798275933005,,1.865809539535332
OBELiX,7w5,,reference_measurement,5.30997655721931,4.8123396541393895,-3.0604807473813813,,0.09548290850575832
OBELiX,etz,,reference_measurement,4.051375537537683,2.9896899655269915,-5.705533773838407,,0.13325890555607106
OBELiX,ner,,reference_measurement,6.694040739868129,6.920239962438584,-4.772113295386326,,0.059098198621975184
OBELiX,z2s,,reference_measurement,5.036255415701619,2.847438800073073,-4.4089353929735005,,5.424058576083388
OBELiX,72f,,reference_measurement,4.059525523451626,2.274135129441814,-3.677780705266081,,1.4111630954908787
OBELiX,sqm,,reference_measurement,6.7218370274761,6.781198025383711,-5.1487416512809245,,0.6918467226344824
OBELiX,zxr,,reference_measurement,6.262192334855738,6.240017388071634,-5.267606240177032,,1.3837441956366756
OBELiX,h89,,reference_measurement,6.694040739868129,6.920239962438584,-4.823908740944319,,0.059098198621975184
OBELiX,l9r,,reference_measurement,5.846848153874436,5.464583225005456,-5.657577319177793,,1.8499916415314224
OBELiX,544,,reference_measurement,6.694040739868129,6.920239962438584,-4.3979400086720375,,0.059098198621975184
OBELiX,ps0,,reference_measurement,6.262192334855738,6.240017388071634,-5.154901959985743,,1.3837441956366756
OBELiX,ueu,,reference_measurement,5.7524902140983665,4.826544571425867,-3.0443122496864943,,0.4763004544309887
OBELiX,uwh,,reference_measurement,6.3338316726846005,5.287628178453265,-3.987162775294828,,1.1814948245055281
OBELiX,gz8,,reference_measurement,6.476809236849936,5.615255595633466,-4.798602875679548,,0.5257176660595512
OBELiX,419,,reference_measurement,6.682475760343059,5.871872765820053,-5.148130399270234,,1.5009305581952517
OBELiX,c0g,,reference_measurement,6.583359600120846,5.882475251458143,-5.286509456906058,,1.3589939235303583
OBELiX,kbu,,reference_measurement,6.485966270741226,5.891048241724673,-4.667561540084395,,1.3359957093504922
OBELiX,fam,,reference_measurement,6.390251248313725,5.897692769011883,-4.928117992693875,,1.4308081830299977
OBELiX,dae,,reference_measurement,6.296171529759638,5.902504723690197,-4.853871964321762,,1.6384595606429202
OBELiX,9p1,,reference_measurement,4.051375537537683,2.9896899655269915,-3.2448877336049287,,0.13325890555607106
OBELiX,gkl,,reference_measurement,4.5711326766702784,3.0130040797748414,-5.294136287716081,,0.5456505653660331
OBELiX,ijh,,reference_measurement,4.671188340026691,3.0069587038430443,-4.872895201635193,,0.09865039663414418
OBELiX,q46,,reference_measurement,4.679226181214129,3.0070205304452737,-4.841637507904751,,0.07774674407673739
OBELiX,8m3,,reference_measurement,4.6872947685541755,3.0070433703279353,-5.243363891754152,,0.07301746716482568
OBELiX,zyx,,reference_measurement,4.695394102046831,3.0070272234910242,-5.039529222465701,,0.08412428950791065
OBELiX,qvu,,reference_measurement,4.703524181692093,3.006972089934546,-5.014124642691606,,0.1106984857539413
OBELiX,v07,,reference_measurement,4.0915539244259875,2.6993608382190737,-4.0,,1.8008737507882902
OBELiX,bqx,,reference_measurement,4.7152735718370415,2.9871315309589357,-10.0,,4.912952172428378
OBELiX,z53,,reference_measurement,5.410205008631888,4.884538556647522,-3.5044556624535517,,0.07679678026726378
OBELiX,8y4,,reference_measurement,5.491776538111979,4.852764477491937,-3.4989407377822483,,0.4384506364756312
OBELiX,ucw,,reference_measurement,5.481299499270484,4.827136587589951,-3.360513510731414,,0.42798321586382776
OBELiX,ff9,,reference_measurement,5.460345421587496,4.775880807785979,-3.6458915608525992,,0.4562020776488739
OBELiX,2mn,,reference_measurement,4.051375537537683,2.9896899655269915,-3.291579099865287,,0.13325890555607106
OBELiX,8ee,,reference_measurement,4.009398936695165,2.36679750863569,-3.5086383061657274,,1.396274944423435
OBELiX,8k7,,reference_measurement,6.476809236849936,5.615255595633466,-5.812479279163537,,0.5257176660595512
OBELiX,b7v,,reference_measurement,5.316095229693595,5.768025848971837,-4.657577319177793,,4.354849807614129
OBELiX,66a,,reference_measurement,4.310761736777094,3.0767294562791454,-3.0969100130080562,,0.33441056316343687
OBELiX,kh3,,reference_measurement,5.477770084126928,4.932347401499977,-3.036212172654445,,0.09637187532265133
OBELiX,zqx,,reference_measurement,5.410205008631888,4.884538556647522,-3.136677139879544,,0.07679678026726378
OBELiX,o5q,,reference_measurement,5.276861579101848,4.788149643990077,-3.552841968657781,,0.13360168251094257
OBELiX,0ew,,reference_measurement,5.82485481195739,5.167045692163362,-3.795880017344075,,0.5820920900350526
OBELiX,tbj,,reference_measurement,3.763481406746385,2.6372152268814766,-5.47755576649368,,2.1708380711043036
OBELiX,dbs,,reference_measurement,5.477770084126928,4.932347401499977,-3.1001794975729036,,0.09637187532265133
OBELiX,bt0,,reference_measurement,6.329372417009402,6.049462713463885,-3.079876673709276,,1.1733528952796264
OBELiX,dti,,reference_measurement,6.335327520706188,6.083136423824182,-3.078833949362261,,1.1040058972029876
OBELiX,7gm,,reference_measurement,6.347072517332821,6.150248842091974,-3.1999706407558657,,1.0361418135605358
OBELiX,c71,,reference_measurement,6.3585972329368605,6.217047923756046,-3.3080348972326394,,1.0389820185978746
OBELiX,rgo,,reference_measurement,5.703234337122349,5.500183365068622,-5.576754126063192,,1.3581929079014674
OBELiX,zzr,,reference_measurement,-6.75837582517826,-0.2573693899157933,-2.1191864077192086,,0.009785013281510949
OBELiX,kop,,reference_measurement,-5.903863685686892,0.7704269738311272,-2.193820026016113,,0.4359795496785823
OBELiX,rty,,reference_measurement,-5.885939518616457,0.8060670411293746,-2.318758762624413,,0.48427840814951156
OBELiX,kko,,reference_measurement,-6.160964639727241,0.7913085655054203,-2.42021640338319,,0.05856558127102847
OBELiX,ro9,,reference_measurement,-1.0314576726297902,-6.694718724291774,-11.017728766960431,,4.374925424029687
OBELiX,7cr,,reference_measurement,-0.26922268803501703,-6.040412768112944,-17.356547323513812,,4.729639661597359
OBELiX,mdp,,reference_measurement,-6.865119170646925,-2.5920439997796016,-2.494850021680094,,0.4202274505282547
OBELiX,ptg,,reference_measurement,-6.865119170646925,-2.5920439997796016,-2.065501548756432,,0.4202274505282547
OBELiX,o4u,,reference_measurement,-6.926123569225025,0.44981730960116506,-5.749579997691106,,0.8122546513544068
OBELiX,yy9,,reference_measurement,-6.85923793053511,0.16774282589006304,-3.7569619513137056,,0.4041216580958162
OBELiX,mvq,,reference_measurement,-6.7861315212593025,-0.14568044775690958,-3.184422251675733,,0.12481916880482954
OBELiX,2yl,,reference_measurement,-6.765359880928085,-0.22906973381778142,-2.812479279163537,,0.039140053126043794
OBELiX,5qm,,reference_measurement,-6.74431627589202,-0.3147377337945705,-2.7594507517174,,0.09898754447944044
OBELiX,3jh,,reference_measurement,-6.722995364328898,-0.4027491833053537,-2.657577319177794,,0.21149850830152345
OBELiX,j3x,,reference_measurement,-6.701391664385945,-0.493170968752948,-3.2557070168773237,,0.3354767457719038
OBELiX,s3r,,reference_measurement,-5.582489531691725,-2.078559378325037,-5.488116639021126,,5.021615059122894
OBELiX,max,,reference_measurement,-7.275253380427813,-1.2069298153798063,-7.694648630553377,,4.5824384980576935
OBELiX,k5y,,reference_measurement,-3.0080731465716704,-3.3177070099536685,-6.2564902352715706,,2.197084762052634
OBELiX,de5,,reference_measurement,-5.799878059146039,0.5423107595626063,-2.6903698325741012,,5.470073703153558
OBELiX,cfy,,reference_measurement,-5.907518416562127,-4.920949695368497,-10.10790539730952,,3.812067062747308
OBELiX,na5,,reference_measurement,-3.0460448245818528,-0.3731798632932345,-6.42021640338319,,12.110440928606996
OBELiX,elz,,reference_measurement,-3.026895801574074,6.717494984693172,-2.7166987712964503,,12.539198800924495
OBELiX,p81,,reference_measurement,-5.654845432450939,-3.702480366283613,-6.0,,6.731044707340843
OBELiX,ecp,,reference_measurement,4.685963164588178,4.0884917011340836,-10.0,,3.1142608676152066
OBELiX,me3,,reference_measurement,5.05683635178335,4.672318305491706,-9.201349354554731,,4.004195229963072
OBELiX,zs0,,reference_measurement,5.421534316191224,4.066851739752419,-9.138465589140962,,3.692993475797439
OBELiX,ard,,reference_measurement,6.28230479512141,1.1447918859714143,-2.795880017344075,,4.643913059967694
OBELiX,ku9,,reference_measurement,5.928085453216802,1.3195896842134416,-5.0034883278458215,,0.2073215862593719
OBELiX,9n0,,reference_measurement,5.952369191511286,1.3464834811876452,-4.954677021213342,,0.14279794220026487
OBELiX,ozo,,reference_measurement,5.976495303596516,1.3731751800110472,-4.928117992693875,,0.10722896434466081
OBELiX,h5i,,reference_measurement,6.000463789472494,1.3996647806836466,-4.91721462968355,,0.0752131277472055
OBELiX,o9h,,reference_measurement,6.007623598124484,1.40757225174602,-4.910094888560602,,0.07521309712178778
OBELiX,4xq,,reference_measurement,6.014769220417641,1.415461533974821,-5.228412519118745,,0.0847828500235207
OBELiX,0ii,,reference_measurement,6.0195250873026165,1.4207109505531483,-5.399027104313252,,0.09753029502286133
OBELiX,81x,,reference_measurement,6.26144715167863,1.1923253005843848,-4.0,,2.026252328555434
OBELiX,5fj,,reference_measurement,6.322589960423722,1.231910748835624,-4.638272163982407,,2.007013575790406
OBELiX,0vd,,reference_measurement,6.383122205100437,1.2693742085727469,-6.698970004336019,,2.0944874572940337
OBELiX,2uv,,reference_measurement,-7.935730944329347,6.618977269103617,-4.698970004336019,,1.4267211372832669
OBELiX,2r7,,reference_measurement,2.1826372470804083,-1.0204259476723299,-8.496209316942819,,4.046916430974465
OBELiX,b56,,reference_measurement,2.567707095623125,-1.2552906982647805,-10.0,,3.6315376660268703
OBELiX,mfu,,reference_measurement,2.682575266184527,-2.0985505879334907,-9.229884705212898,,6.453274035448175
OBELiX,kmr,,reference_measurement,-6.529481965841079,-0.23610105397523456,-2.065501548756432,,0.9972041184389088
OBELiX,85t,,reference_measurement,6.239292093235916,0.7589363671704785,-2.795880017344075,,0.12565316338750637
OBELiX,i9a,,reference_measurement,-6.190289878353502,-1.0772435430543192,-3.0757207139381184,,2.749828718781995
OBELiX,i47,,reference_measurement,-4.947117608421043,-2.796058979888182,-7.267606240177032,,4.1275719088673775
OBELiX,dco,,reference_measurement,-5.823401666059514,-1.5299531680465797,-3.886056647693163,,2.737186017255719
OBELiX,tqb,,reference_measurement,-5.4148174207468,-2.109520520840837,-4.782516055786093,,3.033955227759274
OBELiX,0lo,,reference_measurement,6.283156326431284,0.7179556940452544,-3.4685210829577446,,0.1426799205937053
OBELiX,86o,,reference_measurement,6.54315400824985,0.7001804929092049,-3.3851027839668655,,0.39154649262183927
OBELiX,2lu,,reference_measurement,6.058735157765045,0.8130359368832901,-3.162411561764489,,0.12686010951199894
OBELiX,bd5,,reference_measurement,5.980324144333958,0.8286592432798927,-3.186419011431808,,0.17050107902787182
OBELiX,ukw,,reference_measurement,5.825422171819438,0.8573556157970196,-3.300162274132754,,0.2700939585209527
OBELiX,5h8,,reference_measurement,6.297904680306618,0.7608291483621455,-3.2225731776106885,,0.13543549081302989
OBELiX,vwy,,reference_measurement,6.1377968086656916,0.7965365991567492,-3.175223537524454,,0.08939411453184035
OBELiX,2ha,,reference_measurement,6.1377968086656916,0.7965365991567492,-3.7825160557860937,,0.08939411453184035
OBELiX,il5,,reference_measurement,9.369596901190697,5.427352823760083,-7.882728704344236,,7.410218565381152
OBELiX,r1m,,reference_measurement,9.023406268355334,5.265611523679469,-9.364516253185087,,6.531492086047061
OBELiX,xq3,,reference_measurement,4.350718834488729,1.4618854510700945,-10.0,,6.183746090483954
OBELiX,wgw,,reference_measurement,4.081205138065516,1.86757550877035,-10.0,,3.837769328579229
OBELiX,ipo,,reference_measurement,5.4845704276622245,5.6561317892562295,-6.006563769502388,,1.378652275867596
OBELiX,bnu,,reference_measurement,0.0692967179570342,-3.8565872008171205,-10.0,,3.0138027512001853
OBELiX,kxw,,reference_measurement,-0.08000651718928077,-4.21471459684935,-10.0,,3.3658808953090436
OBELiX,um1,,reference_measurement,0.0418761701785701,-3.557301546572999,-10.0,,3.3210577527285308
OBELiX,l2w,,reference_measurement,-6.121160440924144,-2.8164625816919187,-7.086186147616283,,2.3151217876852996
OBELiX,ob9,,reference_measurement,-5.833482406937049,-3.332354566133733,-5.3979400086720375,,2.7358814924871746
OBELiX,ei3,,reference_measurement,-2.8032650872218254,1.8557885037523745,-3.2684112348132612,,3.8029478178340397
OBELiX,cmn,,reference_measurement,1.8960801466628203,-5.996980179180889,-3.619788758288394,,0.8234100774523883
OBELiX,lc1,,reference_measurement,4.519679347321748,-3.796160750516755,-6.187086643357144,,2.5228729649438946
OBELiX,sxv,,reference_measurement,4.712994848159528,-3.8190171105635513,-6.187086643357144,,2.4266983915285296
OBELiX,ux3,,reference_measurement,6.434403248032078,0.5345888546512284,-10.0,,6.66272034716456
OBELiX,br1,,reference_measurement,-11.105169215912197,-3.392964348517377,-7.301029995663981,,5.66923220546888
OBELiX,jy6,,reference_measurement,-8.715465136584513,-0.006836918435997445,-9.0,,3.7737812934051056
OBELiX,24k,,reference_measurement,-6.085982070093383,-0.7831264443793047,-3.958607314841775,,2.932717436970705
OBELiX,xnb,,reference_measurement,-8.649805307246075,-3.7624750182962896,-2.744727494896694,,10.969850453918323
OBELiX,mtr,,reference_measurement,4.7296290568022785,2.438635126393338,-3.0291883891274822,,4.334280462171207
OBELiX,s2v,,reference_measurement,4.779324280377957,2.410390946849156,-2.8601209135987635,,4.344293301089334
OBELiX,4p7,,reference_measurement,-9.899494013868397,1.243150362948279,-1.6020599913279623,,4.3314207301910725
OBELiX,lk8,,reference_measurement,5.548989136908553,0.20647149670294185,-2.8210230527068307,,1.840688367735547
OBELiX,lud,,reference_measurement,5.6361404390851195,0.12252109208668388,-3.245651664288981,,1.7602463963598278
OBELiX,vlm,,reference_measurement,5.7275948424077034,0.03150875349300448,-3.7931741239681505,,1.8053362998768783
OBELiX,gwu,,reference_measurement,5.82335234687631,-0.06656551907809932,-6.982966660701219,,1.9829137126506047
OBELiX,lcx,,reference_measurement,7.357493147334866,1.2838763816437986,-4.94692155651658,,1.1331177092358347
OBELiX,mam,,reference_measurement,7.210097018626992,1.352149671920664,-4.863279432843593,,0.8918243709909366
OBELiX,0jx,,reference_measurement,7.027687764951293,1.4317165370374016,-4.275724130399211,,0.7442001316214437
OBELiX,lyq,,reference_measurement,6.6689557697965025,1.572873911715845,-4.11690664142431,,0.745305380839838
OBELiX,2tt,,reference_measurement,6.578033262226028,1.6515339430001612,-4.218963061378868,,0.8255122959632676
OBELiX,xy0,,reference_measurement,6.492611277296022,1.6350885943792715,-4.716698771296451,,0.9455462985274654
OBELiX,epv,,reference_measurement,6.297904680306618,0.7608291483621455,-3.079876673709276,,0.13543549081302989
OBELiX,v7r,,reference_measurement,6.1377968086656916,0.7965365991567492,-2.886056647693163,,0.08939411453184035
OBELiX,yhc,,reference_measurement,6.058735157765045,0.8130359368832901,-2.812479279163537,,0.12686010951199894
OBELiX,q3c,,reference_measurement,5.980324144333958,0.8286592432798927,-2.9030899869919438,,0.17050107902787182
OBELiX,pdv,,reference_measurement,5.825422171819438,0.8573556157970196,-3.1051303432547472,,0.2700939585209527
OBELiX,o23,,reference_measurement,9.048002620538742,5.108336543752413,-4.583359492661719,,4.296801818014799
OBELiX,4ie,,reference_measurement,3.376881384314408,3.3052745577299953,-2.8927900303521317,,5.367708634918083
OBELiX,5d6,,reference_measurement,4.326088130648851,3.0964488076792636,-4.096910013008056,,0.23166000604667786
OBELiX,ciq,,reference_measurement,4.374974788806148,3.07941007496449,-3.5072396109731625,,0.16822922704036475
OBELiX,suz,,reference_measurement,4.424593601816502,3.0609635993847344,-3.43297363384094,,0.17922254207760935
OBELiX,1tk,,reference_measurement,4.474974600157163,3.041017254941824,-3.4685210829577446,,0.2575831643659163
OBELiX,9o6,,reference_measurement,4.3996927416415215,3.07036476359724,-3.4775557664936803,,0.1615207262993339
OBELiX,lpt,,reference_measurement,4.2171977161287515,3.135582250105945,-8.060480747381382,,4.561708381713485
OBELiX,j5g,,reference_measurement,4.389001135795718,3.162120199809305,-3.72584215073632,,0.37206954925028857
OBELiX,dvb,,reference_measurement,4.6064857498464455,3.0418716104160795,-4.1944991418416,,0.1443354064884547
OBELiX,cti,,reference_measurement,4.5507433473561845,3.0748139227493883,-4.17134010346468,,0.19894426837993012
OBELiX,2d1,,reference_measurement,4.523222105611493,3.0905375606032695,-4.037157318798758,,0.24864047393978694
OBELiX,wa3,,reference_measurement,4.013617789447461,2.300350412165308,-3.595166283380062,,1.3831552000118628
OBELiX,l6h,,reference_measurement,5.2437113062234575,4.095286278871338,-3.211831628858832,,1.8689322581419812
OBELiX,whw,,reference_measurement,3.8133816267727823,3.3278568088647082,-4.229147988357856,,0.8459884803740689
OBELiX,duf,,reference_measurement,3.8368149851211943,3.2848849685503603,-3.113509274827518,,0.6812444804555532
OBELiX,dll,,reference_measurement,3.86209308850605,3.2359414913913165,-3.1804560644581312,,0.6372713345962685
OBELiX,i90,,reference_measurement,3.892005446847167,3.181331045909053,-3.3467874862246565,,0.7217954642818317
OBELiX,dm9,,reference_measurement,3.924655739636346,3.120374792432536,-3.5850266520291822,,0.9399580946495995
OBELiX,32j,,reference_measurement,5.4845704276622245,5.6561317892562295,-3.619788758288394,,1.378652275867596
OBELiX,3rh,,reference_measurement,4.2601737477345605,3.2229063937409337,-3.5686362358410126,,0.3840415881791116
OBELiX,a6v,,reference_measurement,4.733471202043515,3.373377612804139,-4.600326278518962,,0.543805124979887
OBELiX,ar1,,reference_measurement,-9.082409248146563,4.56196584994772,-4.1249387366083,,3.2652264618479214
OBELiX,cz2,,reference_measurement,-8.745787638329729,6.15483590563591,-6.022276394711152,,2.840543002336829
OBELiX,klr,,reference_measurement,-8.924971408300713,5.422769763629708,-4.443697499232712,,2.851683569778304
OBELiX,mn3,,reference_measurement,-7.935730944329347,6.618977269103617,-7.346787486224656,,1.4267211372832669
OBELiX,o0a,,reference_measurement,-7.745765108420114,6.421222429501174,-5.221848749616356,,1.2807045223116948
OBELiX,qer,,reference_measurement,-7.71307459581063,6.50433832940694,-5.7447274948966935,,1.1678331393440904
OBELiX,aab,,reference_measurement,-7.681323888062864,6.587205870218835,-6.080921907623926,,1.2001201643323813
OBELiX,1ty,,reference_measurement,-9.746863997911463,3.321567070503664,-5.070581074285707,,3.4408895188072437
OBELiX,zv5,,reference_measurement,-9.600703699704399,4.156382756844789,-4.552841968657781,,2.8478867276899815
OBELiX,xk3,,reference_measurement,-8.5726402099872,5.415271643917969,-5.301029995663981,,2.5787695637878882
OBELiX,i4l,,reference_measurement,-9.41141153518955,4.909408642023685,-4.823908740944319,,3.0106536806826094
Materials Project,,mp-1001069,screen_candidate,-7.192471049065115,-1.9340657448590182,-4.84914265144327,0.15295070527240517,0.5716396397316208
Materials Project,,mp-1020013,oxygen_scope_exclusion,-1.6870777593465751,-7.150413279039833,-9.35535387412001,0.6543473072986635,5.598303998115698
Materials Project,,mp-1020018,oxygen_scope_exclusion,-1.0579884845880787,-7.214174299120129,-9.81907834652496,0.3525887420207276,3.676324340627615
Materials Project,,mp-1020060,oxygen_scope_exclusion,0.35298251774516415,-10.299514143380117,-9.912488195438982,0.49093058564876807,4.833914805847657
Materials Project,,mp-1020106,oxygen_scope_exclusion,0.019454847416448134,-9.289981141885432,-8.776571918131038,0.3409202553962959,4.090443668572253
Materials Project,,mp-1021497,screen_candidate,-4.777629933589214,0.1875156159174441,-5.580389314664825,0.1444367295427726,3.781334690215961
Materials Project,,mp-1040450,screen_candidate,-10.150208154044993,0.7928636028359906,-3.507479020412228,0.1584097761388394,2.389149132728132
Materials Project,,mp-1040451,screen_candidate,-6.897917163030116,-0.9667262250374582,-2.2616938324596543,0.11619098537778953,4.717161061048966
Materials Project,,mp-1080241,oxygen_scope_exclusion,0.06521065933218666,-8.373355488176632,-7.774456983197011,0.5204409330946249,3.101761885167032
Materials Project,,mp-1097034,screen_candidate,-6.897917163030116,-0.9667262250374582,-2.2616938324596543,0.11619098537778953,4.717161061048966
Materials Project,,mp-1097035,screen_candidate,-6.897917163030116,-0.9667262250374582,-2.2616938324596543,0.11619098537778953,4.717161061048966
Materials Project,,mp-1097036,obelix_composition_reference,-7.136006462536736,-2.0390986540569243,-6.05437137073699,0.15413781012775285,0.453037115432668
Materials Project,,mp-1105750,oxygen_scope_exclusion,2.22018868002752,-3.7766382671892527,-8.429960159280155,0.30838993339940296,6.846181967322228
Materials Project,,mp-1106183,screen_candidate,-6.3727558167867935,-3.1656793115137227,-6.890379429038136,0.4121289468575302,4.555839578711731
Materials Project,,mp-11175,obelix_composition_reference,-4.947117608421043,-2.796058979888182,-6.753110961504322,0.18639564787914725,2.939463918710689
Materials Project,,mp-1147554,oxygen_scope_exclusion,1.1276209447740178,5.414716904751941,-7.135505820141154,0.30349634747559845,7.336160140401444
Materials Project,,mp-1147591,obelix_composition_reference,-5.4148174207468,-2.109520520840837,-5.086710883144978,0.13194993022058202,2.02462921835468
Materials Project,,mp-1147592,obelix_composition_reference,-5.4148174207468,-2.109520520840837,-5.086710883144978,0.13194993022058202,2.02462921835468
Materials Project,,mp-1147593,obelix_composition_reference,-5.4148174207468,-2.109520520840837,-5.086710883144978,0.13194993022058202,2.02462921835468
Materials Project,,mp-1147594,obelix_composition_reference,-5.4148174207468,-2.109520520840837,-5.086710883144978,0.13194993022058202,2.02462921835468
Materials Project,,mp-1147596,obelix_composition_reference,-5.4148174207468,-2.109520520840837,-5.086710883144978,0.13194993022058202,2.02462921835468
Materials Project,,mp-1147600,obelix_composition_reference,-5.4148174207468,-2.109520520840837,-5.086710883144978,0.13194993022058202,2.02462921835468
Materials Project,,mp-1147603,obelix_composition_reference,-5.4148174207468,-2.109520520840837,-5.086710883144978,0.13194993022058202,2.02462921835468
Materials Project,,mp-1147604,obelix_composition_reference,-5.4148174207468,-2.109520520840837,-5.086710883144978,0.13194993022058202,2.02462921835468
Materials Project,,mp-1147605,obelix_composition_reference,-5.4148174207468,-2.109520520840837,-5.086710883144978,0.13194993022058202,2.02462921835468
Materials Project,,mp-1147606,obelix_composition_reference,-5.4148174207468,-2.109520520840837,-5.086710883144978,0.13194993022058202,2.02462921835468
Materials Project,,mp-1147609,obelix_composition_reference,-5.4148174207468,-2.109520520840837,-5.086710883144978,0.13194993022058202,2.02462921835468
Materials Project,,mp-1147610,obelix_composition_reference,-5.4148174207468,-2.109520520840837,-5.086710883144978,0.13194993022058202,2.02462921835468
Materials Project,,mp-1147611,obelix_composition_reference,-5.4148174207468,-2.109520520840837,-5.086710883144978,0.13194993022058202,2.02462921835468
Materials Project,,mp-1147613,obelix_composition_reference,-5.4148174207468,-2.109520520840837,-5.086710883144978,0.13194993022058202,2.02462921835468
Materials Project,,mp-1147614,obelix_composition_reference,-5.4148174207468,-2.109520520840837,-5.086710883144978,0.13194993022058202,2.02462921835468
Materials Project,,mp-1147616,obelix_composition_reference,-5.4148174207468,-2.109520520840837,-5.086710883144978,0.13194993022058202,2.02462921835468
Materials Project,,mp-1147617,obelix_composition_reference,-5.4148174207468,-2.109520520840837,-5.086710883144978,0.13194993022058202,2.02462921835468
Materials Project,,mp-1147627,screen_candidate,-5.19150137640973,-2.4461784498763923,-5.985509481015381,0.17794890120547285,2.45859381899949
Materials Project,,mp-1147630,screen_candidate,-5.19150137640973,-2.4461784498763923,-5.985509481015381,0.17794890120547285,2.45859381899949
Materials Project,,mp-1147634,screen_candidate,-5.19150137640973,-2.4461784498763923,-5.985509481015381,0.17794890120547285,2.45859381899949
Materials Project,,mp-1147681,obelix_composition_reference,-6.190289878353502,-1.0772435430543192,-3.484318558513396,0.20868632864128134,2.1180753687075056
Materials Project,,mp-1147684,obelix_composition_reference,-6.190289878353502,-1.0772435430543192,-3.484318558513396,0.20868632864128134,2.1180753687075056
Materials Project,,mp-1147685,obelix_composition_reference,-6.190289878353502,-1.0772435430543192,-3.484318558513396,0.20868632864128134,2.1180753687075056
Materials Project,,mp-1147686,obelix_composition_reference,-6.190289878353502,-1.0772435430543192,-3.484318558513396,0.20868632864128134,2.1180753687075056
Materials Project,,mp-1147687,obelix_composition_reference,-6.190289878353502,-1.0772435430543192,-3.484318558513396,0.20868632864128134,2.1180753687075056
Materials Project,,mp-1147692,obelix_composition_reference,-6.190289878353502,-1.0772435430543192,-3.484318558513396,0.20868632864128134,2.1180753687075056
Materials Project,,mp-1147693,obelix_composition_reference,-6.190289878353502,-1.0772435430543192,-3.484318558513396,0.20868632864128134,2.1180753687075056
Materials Project,,mp-1147694,obelix_composition_reference,-6.190289878353502,-1.0772435430543192,-3.484318558513396,0.20868632864128134,2.1180753687075056
Materials Project,,mp-1147695,obelix_composition_reference,-6.190289878353502,-1.0772435430543192,-3.484318558513396,0.20868632864128134,2.1180753687075056
Materials Project,,mp-1147696,obelix_composition_reference,-6.190289878353502,-1.0772435430543192,-3.484318558513396,0.20868632864128134,2.1180753687075056
Materials Project,,mp-1147697,obelix_composition_reference,-6.190289878353502,-1.0772435430543192,-3.484318558513396,0.20868632864128134,2.1180753687075056
Materials Project,,mp-1147698,obelix_composition_reference,-6.190289878353502,-1.0772435430543192,-3.484318558513396,0.20868632864128134,2.1180753687075056
Materials Project,,mp-1147721,obelix_composition_reference,-5.823401666059514,-1.5299531680465797,-4.1745351630467225,0.14381880089118043,1.9532814503961258
Materials Project,,mp-1147723,obelix_composition_reference,-5.823401666059514,-1.5299531680465797,-4.1745351630467225,0.14381880089118043,1.9532814503961258
Materials Project,,mp-1147724,obelix_composition_reference,-5.823401666059514,-1.5299531680465797,-4.1745351630467225,0.14381880089118043,1.9532814503961258
Materials Project,,mp-1147725,obelix_composition_reference,-5.823401666059514,-1.5299531680465797,-4.1745351630467225,0.14381880089118043,1.9532814503961258
Materials Project,,mp-1147726,obelix_composition_reference,-5.823401666059514,-1.5299531680465797,-4.1745351630467225,0.14381880089118043,1.9532814503961258
Materials Project,,mp-1147727,obelix_composition_reference,-5.823401666059514,-1.5299531680465797,-4.1745351630467225,0.14381880089118043,1.9532814503961258
Materials Project,,mp-1147728,obelix_composition_reference,-5.823401666059514,-1.5299531680465797,-4.1745351630467225,0.14381880089118043,1.9532814503961258
Materials Project,,mp-1147729,obelix_composition_reference,-5.823401666059514,-1.5299531680465797,-4.1745351630467225,0.14381880089118043,1.9532814503961258
Materials Project,,mp-1147732,obelix_composition_reference,-5.823401666059514,-1.5299531680465797,-4.1745351630467225,0.14381880089118043,1.9532814503961258
Materials Project,,mp-1147733,obelix_composition_reference,-5.823401666059514,-1.5299531680465797,-4.1745351630467225,0.14381880089118043,1.9532814503961258
Materials Project,,mp-1147734,obelix_composition_reference,-5.823401666059514,-1.5299531680465797,-4.1745351630467225,0.14381880089118043,1.9532814503961258
Materials Project,,mp-1147735,obelix_composition_reference,-5.823401666059514,-1.5299531680465797,-4.1745351630467225,0.14381880089118043,1.9532814503961258
Materials Project,,mp-1147737,obelix_composition_reference,-5.823401666059514,-1.5299531680465797,-4.1745351630467225,0.14381880089118043,1.9532814503961258
Materials Project,,mp-1147738,obelix_composition_reference,-5.823401666059514,-1.5299531680465797,-4.1745351630467225,0.14381880089118043,1.9532814503961258
Materials Project,,mp-1147741,obelix_composition_reference,-5.823401666059514,-1.5299531680465797,-4.1745351630467225,0.14381880089118043,1.9532814503961258
Materials Project,,mp-1176625,oxygen_scope_exclusion,0.7969956706131551,-5.901400490960693,-7.631565470666738,0.3098457216673811,3.509842142641528
Materials Project,,mp-1176627,oxygen_scope_exclusion,1.7097901161375413,-6.751192036575296,-6.479930608217094,0.312484794094914,1.8862820393591453
Materials Project,,mp-1177520,obelix_composition_reference,-8.295998088290997,3.857110271481563,-8.481216064358739,0.31153525590524583,2.6957350719979525
Materials Project,,mp-1177695,redox_electronic_risk,-10.325215324283642,3.3863072446439304,-6.467816156777384,0.3350109173129305,4.681600246374616
Materials Project,,mp-1178011,oxygen_scope_exclusion,1.241652315334895,-7.419165808497718,-6.909111315972783,0.2187703245390952,9.82017988935489
Materials Project,,mp-1181012,screen_candidate,1.6262366187506463,8.5620002596252,-6.069161350894851,0.27235283038715435,12.889919647899328
Materials Project,,mp-1188124,screen_candidate,-4.81611633231396,-6.587610745728767,-7.8357339385364435,0.31467128199157324,6.0047387710739475
Materials Project,,mp-1188392,screen_candidate,-5.217391587129006,0.9196981828607482,-5.671274059154,0.23527856335942332,3.8504091175790074
Materials Project,,mp-1188784,screen_candidate,-4.870816337208957,1.9442006358334976,-5.57752310175115,0.18876126371087262,4.101409524735375
Materials Project,,mp-1188861,screen_candidate,-5.226117037278683,-3.6602426560190233,-7.766497874662053,0.5220120415400317,10.422757001347833
Materials Project,,mp-1189383,screen_candidate,-5.070838297714015,1.258337843207956,-5.851252935654203,0.20963708489072208,3.9195477431335872
Materials Project,,mp-1190364,obelix_composition_reference,-5.888387299676712,1.4375528652217209,-4.968791685880451,0.08803759399446269,2.5932043592513994
Materials Project,,mp-1191476,screen_candidate,-4.458744100133403,-0.03753269587720494,-6.215298601125224,0.20059286794394282,4.409756094097032
Materials Project,,mp-1191903,screen_candidate,-4.279801363118407,-0.5497741095382248,-6.133709325541399,0.18445660926203156,4.536217939745336
Materials Project,,mp-1192995,redox_electronic_risk,-5.064473877203746,0.029493468860560836,-5.816243505305488,0.2289189819562634,4.457047332368715
Materials Project,,mp-1193172,oxygen_scope_exclusion,0.17395999347081725,-5.459118605099778,-7.241009636680034,0.37796569618727965,3.3220123981981233
Materials Project,,mp-1193501,oxygen_scope_exclusion,0.5680862032180563,-6.655339021024261,-7.37967733524116,0.3598049813594391,6.718783694381001
Materials Project,,mp-1194281,oxygen_scope_exclusion,0.15146276415537288,-6.308282701468946,-7.289627494227732,0.34273498969163874,5.2456613078793195
Materials Project,,mp-1194339,obelix_composition_reference,-8.295998088290997,3.857110271481563,-8.481216064358739,0.31153525590524583,2.6957350719979525
Materials Project,,mp-1195085,screen_candidate,-0.41700062693933276,-0.7524117697064994,-7.068654474346356,0.45735686751213456,13.08823880658601
Materials Project,,mp-1195603,redox_electronic_risk,-3.729825155374697,1.4710734160268664,-5.887996833789614,0.2159722153447027,4.13553214652983
Materials Project,,mp-1195718,obelix_composition_reference,-8.639659502592922,3.2994698943432814,-4.809594874032864,0.203182936154941,2.366265192301717
Materials Project,,mp-1199446,oxygen_scope_exclusion,1.724174250005645,1.0089313916413616,-12.52399149365241,0.6366964233194204,8.954588241707487
Materials Project,,mp-1202217,oxygen_scope_exclusion,1.724174250005645,1.0089313916413616,-12.52399149365241,0.6366964233194204,8.954588241707487
Materials Project,,mp-1203440,oxygen_scope_exclusion,-0.9039627676725007,-4.228698362156837,-8.360834768717945,0.414935004479044,7.153594792976257
Materials Project,,mp-1210789,obelix_composition_reference,-6.673857410992137,-2.199484762233472,-5.809613792108655,0.1035337722316167,3.171003924660917
Materials Project,,mp-1210804,screen_candidate,-5.7881575243794865,-0.05397838805690727,-6.130610441018429,0.2135561628549753,4.827849307425689
Materials Project,,mp-1211108,oxygen_scope_exclusion,5.950341295303868,-2.5397592557007576,-7.993379120737519,0.14507195469228903,6.99471574350073
Materials Project,,mp-1211176,screen_candidate,-9.807170563348363,5.813154948663836,-5.466361544081773,0.2522016618426946,3.671871873969864
Materials Project,,mp-1211324,screen_candidate,-10.632217021121212,0.6686692116586692,-5.074569718213718,0.3659945241261928,4.795806559792761
Materials Project,,mp-1219554,screen_candidate,-3.1376135612315936,7.334820292878192,-6.006456162359532,0.38033690548374793,11.158408009531561
Materials Project,,mp-1220972,screen_candidate,-6.53372203971691,1.8995976107696386,-5.584897509777568,0.3860562295941375,5.660253507098548
Materials Project,,mp-1222296,screen_candidate,-0.5595318458593159,5.916479868419232,-6.35377617316926,0.4500228549907231,12.211642952527036
Materials Project,,mp-1222297,screen_candidate,-0.9749556600354387,6.324042567043412,-6.252076583878466,0.35845460878601787,13.222703181747182
Materials Project,,mp-1222303,screen_candidate,-0.2076875035137402,5.853344023069572,-6.781076002670205,0.45804030694881914,12.997154013789253
Materials Project,,mp-1222350,oxygen_scope_exclusion,-1.0886178701802776,-5.4554762159881545,-9.825539303917875,0.51781233698951,6.266769653761837
Materials Project,,mp-1222389,oxygen_scope_exclusion,0.972581671653855,-6.173785726067325,-6.848998355345391,0.3554038698428214,13.704456742601405
Materials Project,,mp-1222404,screen_candidate,-1.8134452606598486,7.304020543274487,-6.077950487776627,0.27549127320156364,12.12776920663703
Materials Project,,mp-1222472,oxygen_scope_exclusion,1.3011594489610119,-8.150424951539721,-6.032031738721995,0.2693192324485203,7.524291226144288
Materials Project,,mp-1222482,screen_candidate,-9.807170563348363,5.813154948663836,-5.466361544081773,0.2522016618426946,3.671871873969864
Materials Project,,mp-1222529,obelix_composition_reference,-9.336034015667002,2.0074719424577574,-6.416999246649248,0.1290899303795902,2.651626539157006
Materials Project,,mp-1222582,obelix_composition_reference,-9.336034015667002,2.0074719424577574,-6.416999246649248,0.1290899303795902,2.651626539157006
Materials Project,,mp-1223032,screen_candidate,-2.117197265908512,0.5826875121865003,-5.959116793914154,0.14365325288770306,10.755091776226454
Materials Project,,mp-1225887,screen_candidate,-1.093438870110995,10.56432196481379,-6.075818249652455,0.3182087587002855,16.006616920368653
Materials Project,,mp-1265272,oxygen_scope_exclusion,0.3692510399367688,-9.67645466533118,-8.780622714105826,0.48729721782903385,5.312064685058145
Materials Project,,mp-1407369,redox_electronic_risk,-8.69760751922252,3.264081367672991,-7.3099130622077935,0.3527264792868809,5.214030190723422
Materials Project,,mp-14484,oxygen_scope_exclusion,0.03984669666671907,-1.953062548491361,-11.944031731493672,0.6390513152409076,7.9328372013375725
Materials Project,,mp-14646,oxygen_scope_exclusion,-0.6533867439633928,-6.860680602492099,-9.904760509300896,0.6676985179246413,5.816864020701362
Materials Project,,mp-15788,screen_candidate,-1.6545523007713319,2.8973799555654263,-6.185252350749052,0.36893286919468316,8.54932089397962
Materials Project,,mp-15789,screen_candidate,-1.1471937775722056,6.455543489954501,-5.9866892618630265,0.3557491559639303,12.625063424858133
Materials Project,,mp-15790,screen_candidate,-1.3054987632525294,6.588711375251508,-6.271441881044149,0.3881788481130907,12.158139330193578
Materials Project,,mp-15791,screen_candidate,-1.470787597437023,6.719686289732331,-6.241171383306647,0.43131900908509563,11.966987602801476
Materials Project,,mp-15999,screen_candidate,-7.340407418103894,9.419902463411692,-6.186845604252491,0.33529246253035133,9.648470989288889
Materials Project,,mp-19896,screen_candidate,-2.8552425137942223,5.022276150753155,-5.971734927486074,0.19657558620255486,9.135780777506577
Materials Project,,mp-2646995,obelix_composition_reference,-7.136006462536736,-2.0390986540569243,-6.05437137073699,0.15413781012775285,0.453037115432668
Materials Project,,mp-28471,screen_candidate,-9.226204615961146,2.2621301199590804,-6.815648762105939,0.31786266376104544,3.1130135917604562
Materials Project,,mp-29410,screen_candidate,-4.412861844153415,-3.581649114063665,-6.870461691696273,0.302069116394726,6.057651914391317
Materials Project,,mp-29829,screen_candidate,-4.536301242809631,12.096305575821962,-5.935685356485719,0.29401723820390796,13.409221559675894
Materials Project,,mp-30249,obelix_composition_reference,-9.336034015667002,2.0074719424577574,-6.416999246649248,0.1290899303795902,2.651626539157006
Materials Project,,mp-33363,screen_candidate,-1.6545523007713319,2.8973799555654263,-6.185252350749052,0.36893286919468316,8.54932089397962
Materials Project,,mp-33667,screen_candidate,-1.1471937775722056,6.455543489954501,-5.9866892618630265,0.3557491559639303,12.625063424858133
Materials Project,,mp-34477,screen_candidate,-0.5595318458593159,5.916479868419232,-6.35377617316926,0.4500228549907231,12.211642952527036
Materials Project,,mp-35591,screen_candidate,-1.470787597437023,6.719686289732331,-6.241171383306647,0.43131900908509563,11.966987602801476
Materials Project,,mp-3647,screen_candidate,-6.198812008710021,-1.1648476817354583,-5.878698521208734,0.24859700442112823,4.298198639739917
Materials Project,,mp-36791,screen_candidate,-0.2076875035137402,5.853344023069572,-6.781076002670205,0.45804030694881914,12.997154013789253
Materials Project,,mp-4556,oxygen_scope_exclusion,-2.594685992651051,-5.192798935545481,-10.984171074870641,0.5378734161448968,3.1098816893361274
Materials Project,,mp-510338,redox_electronic_risk,1.942787724020341,10.802107081651089,-6.214803964262615,0.34271351810714856,16.805785381541945
Materials Project,,mp-532413,screen_candidate,-4.112047578563006,-3.717692175778961,-7.653397778052493,0.455407143149457,7.054339575674812
Materials Project,,mp-532590,oxygen_scope_exclusion,1.831941646179949,-7.228483546123598,-7.433620490388793,0.30558867625365577,3.5570966500060814
Materials Project,,mp-553962,screen_candidate,-0.30407624439543807,8.138003515409235,-6.3632823379433905,0.3675991506615786,12.15432433697659
Materials Project,,mp-554076,screen_candidate,-0.5579001983129661,3.286176423890762,-7.218908100209343,0.5711879458507745,8.561405263889316
Materials Project,,mp-554395,obelix_composition_reference,-4.642461767353329,1.0818295356291852,-5.25960931970756,0.13035552709452158,5.179575162291479
Materials Project,,mp-554782,screen_candidate,-5.274136198147174,-1.716842800710638,-6.287121611264779,0.16899603000692415,4.498540834841853
Materials Project,,mp-555002,oxygen_scope_exclusion,3.5904853964449575,-0.7913198598357633,-7.386011891763621,0.28840089816883685,7.823715405980695
Materials Project,,mp-555090,oxygen_scope_exclusion,-0.3254080136343436,-8.76273477611376,-7.335970219029016,0.41363967117766604,7.151519616213723
Materials Project,,mp-555186,screen_candidate,-4.960217697648765,1.3861175007510877,-5.690685580400948,0.25501584938861194,3.922978941205186
Materials Project,,mp-556085,screen_candidate,2.4338688563284623,11.894396320318698,-5.277788121916793,0.25330959000169717,12.8631744738832
Materials Project,,mp-557892,screen_candidate,0.011348821954526366,0.47416221896594557,-7.6517388981248935,0.7051898987356786,9.711395598312047
Materials Project,,mp-557962,screen_candidate,-2.1059534554266865,0.9242007943609957,-7.020875352136717,0.5238563000460794,8.13124040822213
Materials Project,,mp-557964,screen_candidate,-11.623108875451647,-0.25324485109429284,-3.475747659133966,0.3959674219528381,5.900351654965452
Materials Project,,mp-557969,oxygen_scope_exclusion,4.415943887826632,-2.0206544025675006,-6.2856174092745185,0.27351224135751806,6.676069626552701
Materials Project,,mp-558219,screen_candidate,-1.1562967670136537,-1.2065570174002762,-7.409650934524838,0.6754466608701424,9.781056548601335
Materials Project,,mp-558731,screen_candidate,-5.777025898413958,2.3045401725046393,-6.553375314043691,0.2911494031360462,3.5468576330752013
Materials Project,,mp-558815,redox_electronic_risk,-0.28559345207723635,7.155047642685515,-6.46475278011574,0.472124586598257,11.864404755740427
Materials Project,,mp-559238,screen_candidate,-0.3644199136067415,6.858589201708031,-6.336562049500963,0.3705851807473962,13.10706935725814
Materials Project,,mp-559719,oxygen_scope_exclusion,4.218929168647703,-3.1775419986158826,-9.32716262518674,0.27542196115036494,7.724740620566874
Materials Project,,mp-559814,screen_candidate,-9.206032525575678,7.776217337963285,-6.01690858725057,0.21052134736825404,6.217472029882716
Materials Project,,mp-560212,oxygen_scope_exclusion,-0.36583811582716874,-5.663203023385968,-6.860964893905445,0.3460846553920251,5.860470556186769
Materials Project,,mp-560614,oxygen_scope_exclusion,0.28253066676221783,-1.2711193593774768,-12.191115326389218,0.6837509986306327,8.284739526991492
Materials Project,,mp-5614,screen_candidate,-8.150826036359527,-0.32899430907045385,-7.92696373734181,0.2306492495593855,3.017218706953638
Materials Project,,mp-573030,screen_candidate,1.8392456093819116,11.644982147339888,-6.051775637257147,0.3062698981567746,17.052131495761273
Materials Project,,mp-6179,oxygen_scope_exclusion,0.28253066676221783,-1.2711193593774768,-12.191115326389218,0.6837509986306327,8.284739526991492
Materials Project,,mp-6211,oxygen_scope_exclusion,1.724174250005645,1.0089313916413616,-12.52399149365241,0.6366964233194204,8.954588241707487
Materials Project,,mp-6318,oxygen_scope_exclusion,0.28253066676221783,-1.2711193593774768,-12.191115326389218,0.6837509986306327,8.284739526991492
Materials Project,,mp-641703,obelix_composition_reference,-6.865119170646925,-2.5920439997796016,-2.8012938476941134,0.24727910997248953,0.22545373771568142
Materials Project,,mp-6597,oxygen_scope_exclusion,3.5174583721639103,3.8173678124773662,-11.092307785247312,0.6004592628172349,12.305625082738283
Materials Project,,mp-6726,oxygen_scope_exclusion,3.5174583721639103,3.8173678124773662,-11.092307785247312,0.6004592628172349,12.305625082738283
Materials Project,,mp-675419,screen_candidate,-0.05096517763904814,5.818228528189112,-6.806782177321163,0.47300293225067264,13.78886327190342
Materials Project,,mp-677680,oxygen_scope_exclusion,0.3692510399367688,-9.67645466533118,-8.780622714105826,0.48729721782903385,5.312064685058145
Materials Project,,mp-6783,oxygen_scope_exclusion,-1.711804838523366,-4.409849183021067,-12.698914216633293,0.5847551326136347,4.184717354640851
Materials Project,,mp-679944,screen_candidate,1.6262366187506463,8.5620002596252,-6.069161350894851,0.27235283038715435,12.889919647899328
Materials Project,,mp-6800,oxygen_scope_exclusion,0.28253066676221783,-1.2711193593774768,-12.191115326389218,0.6837509986306327,8.284739526991492
Materials Project,,mp-691187,screen_candidate,-0.05096517763904814,5.818228528189112,-6.806782177321163,0.47300293225067264,13.78886327190342
Materials Project,,mp-694995,oxygen_scope_exclusion,1.6588924638490787,-7.037896418306799,-7.360975994689552,0.3693620089905737,3.4476811252637063
Materials Project,,mp-695469,oxygen_scope_exclusion,1.7018171720291457,-7.120292185762383,-6.4498715194122,0.3284252039126679,4.0912973546126095
Materials Project,,mp-696123,obelix_composition_reference,-6.160964639727241,0.7913085655054203,-2.3569796899287256,0.03182728703920429,0.0240337522292279
Materials Project,,mp-696128,obelix_composition_reference,-6.75837582517826,-0.2573693899157933,-2.2252999373353903,0.024128474197937105,0.0
Materials Project,,mp-696129,obelix_composition_reference,-6.829660850076169,-1.7532695311303494,-2.786333968295455,0.05951042865141882,0.14462196175338457
Materials Project,,mp-696138,obelix_composition_reference,-6.75837582517826,-0.2573693899157933,-2.2252999373353903,0.024128474197937105,0.0
Materials Project,,mp-704145,oxygen_scope_exclusion,0.7318816117793078,-5.930440793094405,-6.321964080056696,0.28523418945707085,3.033487903157583
Materials Project,,mp-720509,obelix_composition_reference,-6.829660850076169,-1.7532695311303494,-2.786333968295455,0.05951042865141882,0.14462196175338457
Materials Project,,mp-721236,obelix_composition_reference,-6.160964639727241,0.7913085655054203,-2.3569796899287256,0.03182728703920429,0.0240337522292279
Materials Project,,mp-722181,screen_candidate,-7.495294413965207,6.209411046612513,-5.795971996487188,0.33723332437584824,13.648313305342356
Materials Project,,mp-753195,redox_electronic_risk,-0.5244005852556588,5.638932578442036,-6.024220813617544,0.31714556020978035,10.900119699432995
Materials Project,,mp-753371,redox_electronic_risk,-8.69760751922252,3.264081367672991,-7.3099130622077935,0.3527264792868809,5.214030190723422
Materials Project,,mp-753520,screen_candidate,-5.907974399283672,8.224625607667784,-6.872826272147765,0.27705860008824756,8.507954906645585
Materials Project,,mp-753546,screen_candidate,-8.589405582289107,2.343944800111539,-6.625391072063249,0.25864928297195666,5.4187095033241395
Materials Project,,mp-753677,screen_candidate,-5.907974399283672,8.224625607667784,-6.872826272147765,0.27705860008824756,8.507954906645585
Materials Project,,mp-753720,screen_candidate,-5.907974399283672,8.224625607667784,-6.872826272147765,0.27705860008824756,8.507954906645585
Materials Project,,mp-753737,redox_electronic_risk,-10.325215324283642,3.3863072446439304,-6.467816156777384,0.3350109173129305,4.681600246374616
Materials Project,,mp-753968,redox_electronic_risk,-0.5244005852556588,5.638932578442036,-6.024220813617544,0.31714556020978035,10.900119699432995
Materials Project,,mp-754856,screen_candidate,-1.2649960627524324,2.8033282889705102,-5.396860806851931,0.23769515375204342,8.739977643662764
Materials Project,,mp-755139,screen_candidate,-7.507590684170127,7.964197779082907,-5.390057181948376,0.16677333211987702,7.94535176724383
Materials Project,,mp-755243,oxygen_scope_exclusion,-8.377498628929935,2.1868983530411836,-4.969245867809378,0.35978182082754717,5.399752046082572
Materials Project,,mp-755309,screen_candidate,-4.116378007863458,2.0313466531324953,-6.525524201740136,0.30832930445300505,6.2367337959368925
Materials Project,,mp-755463,obelix_composition_reference,-8.295998088290997,3.857110271481563,-8.481216064358739,0.31153525590524583,2.6957350719979525
Materials Project,,mp-755642,redox_electronic_risk,-4.578476940080775,0.48769356064393343,-6.895979979081939,0.3460970007328359,5.145792211636639
Materials Project,,mp-756198,redox_electronic_risk,-9.36002508169316,2.468910598115683,-6.168645455921686,0.2579782020349643,5.1350890018103765
Materials Project,,mp-756316,obelix_composition_reference,-6.081685600537168,1.836868620741646,-7.9830328404181925,0.1932459311682185,2.9776745801603193
Materials Project,,mp-756490,redox_electronic_risk,-9.23959298891713,2.506170056532514,-6.7256613698732695,0.29450017763456865,5.1308921074023015
Materials Project,,mp-756811,screen_candidate,-7.008569494095189,1.9650669501175937,-6.438284208286736,0.2382872356235137,5.5711151074456655
Materials Project,,mp-758969,oxygen_scope_exclusion,0.17395999347081725,-5.459118605099778,-7.241009636680034,0.37796569618727965,3.3220123981981233
Materials Project,,mp-759347,oxygen_scope_exclusion,0.9894940067242641,-5.355479844103234,-7.8707649817398915,0.3123419901221708,2.419860405873527
Materials Project,,mp-760375,redox_electronic_risk,-4.578476940080775,0.48769356064393343,-6.895979979081939,0.3460970007328359,5.145792211636639
Materials Project,,mp-760415,obelix_composition_reference,-6.081685600537168,1.836868620741646,-7.9830328404181925,0.1932459311682185,2.9776745801603193
Materials Project,,mp-764857,oxygen_scope_exclusion,0.1612247540282318,-6.262050102629071,-6.489519299873993,0.20903582043354732,5.3710996709204135
Materials Project,,mp-765354,oxygen_scope_exclusion,0.7516577813203271,-7.034758784205892,-6.845543718681456,0.2548666783590178,5.914058305524966
Materials Project,,mp-766088,oxygen_scope_exclusion,1.6477552340801649,-7.034499810552537,-6.434112463616512,0.2653784422547555,4.276669530174319
Materials Project,,mp-766506,redox_electronic_risk,-10.325215324283642,3.3863072446439304,-6.467816156777384,0.3350109173129305,4.681600246374616
Materials Project,,mp-766540,screen_candidate,-7.008569494095189,1.9650669501175937,-6.438284208286736,0.2382872356235137,5.5711151074456655
Materials Project,,mp-767165,redox_electronic_risk,-2.0486272359598865,4.302919536246969,-6.936971411305274,0.5552681172213558,9.058546252792798
Materials Project,,mp-768590,oxygen_scope_exclusion,0.1612247540282318,-6.262050102629071,-6.489519299873993,0.20903582043354732,5.3710996709204135
Materials Project,,mp-768659,oxygen_scope_exclusion,0.7516577813203271,-7.034758784205892,-6.845543718681456,0.2548666783590178,5.914058305524966
Materials Project,,mp-768742,oxygen_scope_exclusion,0.7318816117793078,-5.930440793094405,-6.321964080056696,0.28523418945707085,3.033487903157583
Materials Project,,mp-768755,oxygen_scope_exclusion,0.6818753532084711,-4.948771518061407,-8.42115906771497,0.4109759663192654,3.768687292853232
Materials Project,,mp-768831,oxygen_scope_exclusion,1.241652315334895,-7.419165808497718,-6.909111315972783,0.2187703245390952,9.82017988935489
Materials Project,,mp-769287,oxygen_scope_exclusion,-3.5811442954280026,0.9736920791897402,-6.389908771532526,0.3072924572579609,7.639155023103099
Materials Project,,mp-769549,oxygen_scope_exclusion,1.6392038450387898,-6.483342797432005,-7.43141845564239,0.31656196927588864,4.477300836810912
Materials Project,,mp-769554,oxygen_scope_exclusion,1.6588924638490787,-7.037896418306799,-7.360975994689552,0.3693620089905737,3.4476811252637063
Materials Project,,mp-770191,oxygen_scope_exclusion,1.6015307221995663,-5.770986369928712,-6.492383868789899,0.19464876342018222,2.0733259312594887
Materials Project,,mp-770383,oxygen_scope_exclusion,0.7295319600723299,-5.470348197939226,-6.9382603243011545,0.23964280264575188,2.648781463772053
Materials Project,,mp-770410,oxygen_scope_exclusion,0.7295319600723299,-5.470348197939226,-6.9382603243011545,0.23964280264575188,2.648781463772053
Materials Project,,mp-771819,oxygen_scope_exclusion,1.3011594489610119,-8.150424951539721,-6.032031738721995,0.2693192324485203,7.524291226144288
Materials Project,,mp-771941,oxygen_scope_exclusion,1.7097901161375413,-6.751192036575296,-6.479930608217094,0.312484794094914,1.8862820393591453
Materials Project,,mp-773160,oxygen_scope_exclusion,1.141045971580946,-6.401445827819431,-7.001094661001065,0.4181893513462825,4.614312563547471
Materials Project,,mp-7744,oxygen_scope_exclusion,-1.7767929840183596,-6.737585028852847,-8.928765082819412,0.598703465831841,6.662230127566377
Materials Project,,mp-774736,redox_electronic_risk,-8.69760751922252,3.264081367672991,-7.3099130622077935,0.3527264792868809,5.214030190723422
Materials Project,,mp-774907,screen_candidate,-4.628591738723675,5.003846962155205,-5.932728492489354,0.4260254959922103,8.556642085449965
Materials Project,,mp-775806,obelix_composition_reference,-8.295998088290997,3.857110271481563,-8.481216064358739,0.31153525590524583,2.6957350719979525
Materials Project,,mp-776423,oxygen_scope_exclusion,-0.23705195340228352,-4.967589765056791,-8.326716254197898,0.2935237810386481,7.548490812005676
Materials Project,,mp-776761,oxygen_scope_exclusion,0.921007660863123,-6.500656246621851,-7.394193442970562,0.3790522606172683,2.8029427838113636
Materials Project,,mp-777573,oxygen_scope_exclusion,1.241652315334895,-7.419165808497718,-6.909111315972783,0.2187703245390952,9.82017988935489
Materials Project,,mp-777817,oxygen_scope_exclusion,0.7318816117793078,-5.930440793094405,-6.321964080056696,0.28523418945707085,3.033487903157583
Materials Project,,mp-777931,oxygen_scope_exclusion,0.6818753532084711,-4.948771518061407,-8.42115906771497,0.4109759663192654,3.768687292853232
Materials Project,,mp-778578,oxygen_scope_exclusion,0.7516577813203271,-7.034758784205892,-6.845543718681456,0.2548666783590178,5.914058305524966
Materials Project,,mp-779809,oxygen_scope_exclusion,0.9250453799510135,-5.66741252691416,-8.093976825015156,0.3467751476524027,3.688120889396346
Materials Project,,mp-780338,oxygen_scope_exclusion,0.921007660863123,-6.500656246621851,-7.394193442970562,0.3790522606172683,2.8029427838113636
Materials Project,,mp-780523,oxygen_scope_exclusion,1.3011594489610119,-8.150424951539721,-6.032031738721995,0.2693192324485203,7.524291226144288
Materials Project,,mp-780594,oxygen_scope_exclusion,0.5680862032180563,-6.655339021024261,-7.37967733524116,0.3598049813594391,6.718783694381001
Materials Project,,mp-8430,screen_candidate,-7.495294413965207,6.209411046612513,-5.795971996487188,0.33723332437584824,13.648313305342356
Materials Project,,mp-8452,screen_candidate,-10.15336510235334,1.6979548556958362,-4.846235216378641,0.28051344697402836,5.05125752580491
Materials Project,,mp-849740,oxygen_scope_exclusion,1.3011594489610119,-8.150424951539721,-6.032031738721995,0.2693192324485203,7.524291226144288
Materials Project,,mp-850862,oxygen_scope_exclusion,0.25991580399156516,-5.1440482480714795,-8.056935163534177,0.3810429484687406,3.084869796916185
Materials Project,,mp-850927,oxygen_scope_exclusion,0.15146276415537288,-6.308282701468946,-7.289627494227732,0.34273498969163874,5.2456613078793195
Materials Project,,mp-853967,redox_electronic_risk,-8.69760751922252,3.264081367672991,-7.3099130622077935,0.3527264792868809,5.214030190723422
Materials Project,,mp-861182,screen_candidate,-7.008569494095189,1.9650669501175937,-6.438284208286736,0.2382872356235137,5.5711151074456655
Materials Project,,mp-861184,redox_electronic_risk,-0.5244005852556588,5.638932578442036,-6.024220813617544,0.31714556020978035,10.900119699432995
Materials Project,,mp-861449,oxygen_scope_exclusion,0.921007660863123,-6.500656246621851,-7.394193442970562,0.3790522606172683,2.8029427838113636
Materials Project,,mp-8751,screen_candidate,-5.429780217991265,9.600711999227018,-6.037285009314683,0.31861086571292574,16.77832351481711
Materials Project,,mp-942700,oxygen_scope_exclusion,-0.1761837641560334,-4.881369795810939,-6.387591065369237,0.31435768037355644,8.126432780946942
Materials Project,,mp-942701,oxygen_scope_exclusion,0.4702989619903112,-5.747523950565364,-6.81400440401307,0.38964369233318,9.175649016968755
Materials Project,,mp-942702,oxygen_scope_exclusion,0.38433341060520915,-4.495274186731042,-6.59792740402842,0.29728327092163576,5.51778051996626
Materials Project,,mp-950995,obelix_composition_reference,-9.745440347900663,5.134380677569944,-5.072110358849751,0.13668472797203743,0.38663736651717295
Materials Project,,mp-985582,obelix_composition_reference,-9.745440347900663,5.134380677569944,-5.072110358849751,0.13668472797203743,0.38663736651717295
Materials Project,,mp-985583,obelix_composition_reference,-7.136006462536736,-2.0390986540569243,-6.05437137073699,0.15413781012775285,0.453037115432668
