Family,count,pct
argyrodites,2,1.0869565217391304
sulfides,6,3.260869565217391
LGPS,9,4.891304347826087
thio-LISICON,23,12.5
unknown,144,78.26086956521739
