config,fold,iteration,train_rmse,validation_rmse,n_train,n_validation
compact,1,1,2.528446635060999,2.9531485088871654,382,96
compact,1,2,2.481021898125429,2.89486222766828,382,96
compact,1,3,2.4363998745155775,2.842130854856879,382,96
compact,1,4,2.380735336226925,2.789379292632235,382,96
compact,1,5,2.34310163898396,2.741351377077606,382,96
compact,1,6,2.2971689073884085,2.696235228708944,382,96
compact,1,7,2.25525540043794,2.657103320494229,382,96
compact,1,8,2.2181501818074203,2.5987702647571163,382,96
compact,1,9,2.184867609622563,2.5683256133192707,382,96
compact,1,10,2.1550405297962403,2.5301861370588723,382,96
compact,1,11,2.1182839993333156,2.482286335752766,382,96
compact,1,12,2.088928331686183,2.4439291624354618,382,96
compact,1,13,2.059015094580316,2.405393670000213,382,96
compact,1,14,2.0237004296679215,2.3791524491377394,382,96
compact,1,15,1.9925544454861837,2.347069828776953,382,96
compact,1,16,1.9684234070271305,2.3267845879550895,382,96
compact,1,17,1.9377725488340665,2.2942863902220862,382,96
compact,1,18,1.9114615785972002,2.269373176799553,382,96
compact,1,19,1.8841710044042148,2.244376319336486,382,96
compact,1,20,1.8679563350210748,2.230619289016496,382,96
compact,1,21,1.8509894650551981,2.2054477309281073,382,96
compact,1,22,1.8247870438424805,2.178379014335711,382,96
compact,1,23,1.8001863533269467,2.1472389971255517,382,96
compact,1,24,1.7755022111909977,2.121919927824117,382,96
compact,1,25,1.7565067425424854,2.1043582527129097,382,96
compact,1,26,1.7382220703295193,2.073971219839326,382,96
compact,1,27,1.7207138546953147,2.060865939277493,382,96
compact,1,28,1.7008627563262333,2.0405903566673804,382,96
compact,1,29,1.6826856175908127,2.0249786594764227,382,96
compact,1,30,1.6666141959987617,2.003037461318177,382,96
compact,1,31,1.644304547674332,1.9893046467915125,382,96
compact,1,32,1.6247654749468956,1.965314006212655,382,96
compact,1,33,1.6115306815444266,1.9611247062354267,382,96
compact,1,34,1.6019079095410218,1.9505317964097115,382,96
compact,1,35,1.5792789803741496,1.9348152458898438,382,96
compact,1,36,1.5707699655025573,1.925358272785336,382,96
compact,1,37,1.5552518384898013,1.9037586978362713,382,96
compact,1,38,1.5408491572003977,1.8950870298824214,382,96
compact,1,39,1.5285643583050461,1.8882035229660354,382,96
compact,1,40,1.5156802107242757,1.8769895376933066,382,96
compact,1,41,1.500130215719311,1.8684086920735656,382,96
compact,1,42,1.4880211187258534,1.8574760011157856,382,96
compact,1,43,1.4737763739220404,1.8412055735138095,382,96
compact,1,44,1.4614329502937373,1.8276740621851226,382,96
compact,1,45,1.4537727890922385,1.8226117938179758,382,96
compact,1,46,1.44155237189034,1.8147603592229036,382,96
compact,1,47,1.4269776059456547,1.8046269266776844,382,96
compact,1,48,1.4164654494100746,1.797308368135111,382,96
compact,1,49,1.4030690339995353,1.780623602909209,382,96
compact,1,50,1.3898551550199492,1.7714235557958915,382,96
compact,1,51,1.3815303768350435,1.7621232212052977,382,96
compact,1,52,1.3704794282514103,1.749174276897511,382,96
compact,1,53,1.3602010418434525,1.7473664842334853,382,96
compact,1,54,1.3514535201982705,1.7467491865089857,382,96
compact,1,55,1.340658436396066,1.7463381965783014,382,96
compact,1,56,1.3307590356600623,1.7343913879988448,382,96
compact,1,57,1.3213938089199546,1.7335409226034693,382,96
compact,1,58,1.3144704961635334,1.7248331731619426,382,96
compact,1,59,1.3048261556168759,1.7183269523709017,382,96
compact,1,60,1.2963345862384323,1.7098313857407146,382,96
compact,1,61,1.2908588128001934,1.7064432717640003,382,96
compact,1,62,1.2790638476732705,1.69147416269448,382,96
compact,1,63,1.270844325912528,1.6845391013388793,382,96
compact,1,64,1.265487072460223,1.6796280632403844,382,96
compact,1,65,1.255725836369604,1.673843862138278,382,96
compact,1,66,1.2502548207481012,1.6711520240853042,382,96
compact,1,67,1.245682816498008,1.669809334594115,382,96
compact,1,68,1.2419757398036861,1.6702580532443352,382,96
compact,1,69,1.2373244214236887,1.6698055761075226,382,96
compact,1,70,1.231674462067514,1.6680745834418684,382,96
compact,1,71,1.222126172361444,1.6606048239731896,382,96
compact,1,72,1.219301248844233,1.6603841604357277,382,96
compact,1,73,1.2122523983230284,1.6504566840249666,382,96
compact,1,74,1.2063926495974822,1.647512416947969,382,96
compact,1,75,1.2022168965899314,1.6475268888364027,382,96
compact,1,76,1.1980160638422082,1.6420328508398272,382,96
compact,1,77,1.1902739355303038,1.6342814284219747,382,96
compact,1,78,1.1843865131270686,1.6351252258330795,382,96
compact,1,79,1.1805189370491882,1.6337028056245615,382,96
compact,1,80,1.1767188478187007,1.6310855293568,382,96
compact,1,81,1.1740564666438422,1.6274467575941423,382,96
compact,1,82,1.1685812207180817,1.6250403961932542,382,96
compact,1,83,1.1587549863652684,1.6145037231529296,382,96
compact,1,84,1.1563600864963943,1.6140606022101933,382,96
compact,1,85,1.152090215337269,1.6102740904621518,382,96
compact,1,86,1.149262509224996,1.608663438618496,382,96
compact,1,87,1.140037346241541,1.6026961988983213,382,96
compact,1,88,1.1379272244979795,1.6002799495857452,382,96
compact,1,89,1.133673696067546,1.598773833055434,382,96
compact,1,90,1.128518936421526,1.590756886410384,382,96
compact,1,91,1.1236710783651358,1.5912302547947468,382,96
compact,1,92,1.1180332412282088,1.5877560053826556,382,96
compact,1,93,1.1147199722198626,1.583939891651843,382,96
compact,1,94,1.1117039639185329,1.585188418429156,382,96
compact,1,95,1.106960295326108,1.5845409591234279,382,96
compact,1,96,1.1033538379700552,1.5824208935074668,382,96
compact,1,97,1.0989838694785445,1.5833502808542668,382,96
compact,1,98,1.0940177083967881,1.583691620726936,382,96
compact,1,99,1.0912525104247746,1.5837503054926252,382,96
compact,1,100,1.0892444828817114,1.5838626979580848,382,96
compact,1,101,1.0856397616374809,1.583081563456681,382,96
compact,1,102,1.0818325735843868,1.580953523311164,382,96
compact,1,103,1.076810814607539,1.5782597139168655,382,96
compact,1,104,1.0724558501208565,1.5769524402313015,382,96
compact,1,105,1.0696762177918242,1.5757062443460532,382,96
compact,1,106,1.0661641296024977,1.572254124401401,382,96
compact,1,107,1.0609234049741254,1.5726342065729102,382,96
compact,1,108,1.057718092902327,1.5687826393573014,382,96
compact,1,109,1.056768851416496,1.5690804688017648,382,96
compact,1,110,1.0540494092408685,1.5696206824779975,382,96
compact,1,111,1.050206351659516,1.5681921324752741,382,96
compact,1,112,1.0473187766702903,1.5654401350844749,382,96
compact,1,113,1.043797332015387,1.5647475670286901,382,96
compact,1,114,1.041061250097685,1.5637748444598296,382,96
compact,1,115,1.0370659179744568,1.5651937991673497,382,96
compact,1,116,1.0318518184101761,1.5612784760038663,382,96
compact,1,117,1.025515201028084,1.5604152965769424,382,96
compact,1,118,1.0230020555776518,1.5563800091905584,382,96
compact,1,119,1.0176356179917871,1.5513511195827832,382,96
compact,1,120,1.0162425781936828,1.5506450892153172,382,96
compact,1,121,1.0135286683564633,1.5491647568624751,382,96
compact,1,122,1.0087610217833574,1.5499128803688575,382,96
compact,1,123,1.004546845134426,1.545624657784364,382,96
compact,1,124,1.000413484227237,1.5445216094293408,382,96
compact,1,125,0.9960095921897804,1.5445838524678415,382,96
compact,1,126,0.9921807391990912,1.5461377917420045,382,96
compact,1,127,0.9868582378333027,1.5452194948086222,382,96
compact,1,128,0.9860337394011212,1.545188286875845,382,96
compact,1,129,0.9835805588404475,1.5445830719156732,382,96
compact,1,130,0.9825448732670486,1.5448110278716485,382,96
compact,1,131,0.9797892520447464,1.5448924583878665,382,96
compact,1,132,0.9784081301848393,1.5441898150639868,382,96
compact,1,133,0.9766553697409942,1.5433436272804026,382,96
compact,1,134,0.9720551786411694,1.5422062048272749,382,96
compact,1,135,0.9699463503415509,1.5415507290985166,382,96
compact,1,136,0.969209140570832,1.5416131856446544,382,96
compact,1,137,0.9627859572404097,1.535595769615816,382,96
compact,1,138,0.9610536659259038,1.5350841244989257,382,96
compact,1,139,0.9601170063495839,1.5348865972799681,382,96
compact,1,140,0.95473294100873,1.5328464058212286,382,96
compact,1,141,0.9505723998849797,1.5296577619173841,382,96
compact,1,142,0.9483313155320365,1.528991247669541,382,96
compact,1,143,0.9433298557382837,1.5280758135860992,382,96
compact,1,144,0.9418703090960131,1.5294796665667432,382,96
compact,1,145,0.9398397028657749,1.5289743273264809,382,96
compact,1,146,0.9365464108218583,1.526978786805118,382,96
compact,1,147,0.9336665010309095,1.5247147377967571,382,96
compact,1,148,0.930644504533027,1.5229141450415382,382,96
compact,1,149,0.9271311541729627,1.5195577104229296,382,96
compact,1,150,0.9222539618408111,1.5111199901077035,382,96
compact,1,151,0.9200544704916767,1.5108395973704618,382,96
compact,1,152,0.9171329417318812,1.511539186755196,382,96
compact,1,153,0.9139685035426168,1.5115537270309551,382,96
compact,1,154,0.9110665652758362,1.5147003309047609,382,96
compact,1,155,0.9072198975165898,1.5123024102704965,382,96
compact,1,156,0.9032397442600333,1.5113233981327465,382,96
compact,1,157,0.8981538598200863,1.5082070740862332,382,96
compact,1,158,0.8947792557305005,1.5091929169060008,382,96
compact,1,159,0.89134778483464,1.5088373717267198,382,96
compact,1,160,0.890190694244643,1.508774093895271,382,96
compact,1,161,0.8856741894189751,1.5073376581510254,382,96
compact,1,162,0.8841762157928367,1.5072156243283183,382,96
compact,1,163,0.8822809495384064,1.5073714781783882,382,96
compact,1,164,0.8785055757424258,1.506885187532401,382,96
compact,1,165,0.8751431044094988,1.5055050921659525,382,96
compact,1,166,0.8726523289225837,1.5059339248800856,382,96
compact,1,167,0.8718794773402379,1.506468675701874,382,96
compact,1,168,0.8680216760319887,1.504516612886686,382,96
compact,1,169,0.8659636760107023,1.504981386538248,382,96
compact,1,170,0.8633259722173565,1.5064999135452573,382,96
compact,1,171,0.8625509325054448,1.5073175367861258,382,96
compact,1,172,0.8605696959139496,1.5048487116047098,382,96
compact,1,173,0.8581691696526549,1.5034444240468807,382,96
compact,1,174,0.8564387226282748,1.504223201373001,382,96
compact,1,175,0.8545333417690008,1.5043715285605415,382,96
compact,1,176,0.8529305542841429,1.5054405938638902,382,96
compact,1,177,0.8515183305714051,1.5054095821171916,382,96
compact,1,178,0.8488839196479049,1.5062126154755782,382,96
compact,1,179,0.8458496997443816,1.5072425154876494,382,96
compact,1,180,0.844609616250574,1.5065630655823952,382,96
compact,1,181,0.8394771852907623,1.5079296596201337,382,96
compact,1,182,0.8366772870132638,1.5085301408428815,382,96
compact,1,183,0.8331775332892647,1.508637708576069,382,96
compact,1,184,0.8322051925451528,1.5096673946631223,382,96
compact,1,185,0.8278403125438247,1.5114682074303563,382,96
compact,1,186,0.8249496701585045,1.5111567271303987,382,96
compact,1,187,0.8215713416079344,1.510135099318241,382,96
compact,1,188,0.8178512978514911,1.5094426272033767,382,96
compact,1,189,0.8134745817082201,1.5103050095806436,382,96
compact,1,190,0.8108827067844366,1.5098066427964172,382,96
compact,1,191,0.8099797750718138,1.5108930598093337,382,96
compact,1,192,0.8084536714706488,1.5115694727785511,382,96
compact,1,193,0.8072755226893291,1.5115512350695024,382,96
compact,1,194,0.8064922088147625,1.5118432112226152,382,96
compact,1,195,0.803885257111426,1.5103406390953824,382,96
compact,1,196,0.8026698683199631,1.5102019215985176,382,96
compact,1,197,0.8015291588074939,1.5104069837143665,382,96
compact,1,198,0.8007887565786908,1.5106069011498628,382,96
compact,1,199,0.8000547767508644,1.5115880545904672,382,96
compact,1,200,0.7991908592734025,1.511536550879883,382,96
compact,1,201,0.7981806427377671,1.5122867411365841,382,96
compact,1,202,0.7970772238117737,1.5119765680475137,382,96
compact,1,203,0.7935069062398351,1.5117379011571086,382,96
compact,1,204,0.7927968622372227,1.5126596433552284,382,96
compact,1,205,0.7913294065863866,1.5109404089794716,382,96
compact,1,206,0.789931474339044,1.511242127753533,382,96
compact,1,207,0.7889759281024926,1.5114639320283243,382,96
compact,1,208,0.7868292063451923,1.510646898900125,382,96
compact,1,209,0.7850264646107237,1.5127848645027735,382,96
compact,1,210,0.7843954046855409,1.5130315106722831,382,96
compact,1,211,0.7822704458523566,1.513260149454176,382,96
compact,1,212,0.7788921970460899,1.5122741191781146,382,96
compact,1,213,0.7744771623140277,1.5132248237070216,382,96
compact,1,214,0.7734734426238008,1.5140220110802651,382,96
compact,1,215,0.7725585133713553,1.5143111904947644,382,96
compact,1,216,0.7717426062317544,1.5145121692900043,382,96
compact,1,217,0.7708921020632487,1.5145953578421765,382,96
compact,1,218,0.7679005384544149,1.511748314697736,382,96
compact,1,219,0.7658160734090969,1.5104931073073022,382,96
compact,1,220,0.7638420994462632,1.5093602018321133,382,96
compact,1,221,0.7614972945221661,1.5081268736395044,382,96
compact,1,222,0.7607362855870595,1.508994328059838,382,96
compact,1,223,0.7590765038202578,1.5080692902241435,382,96
compact,1,224,0.7555678812742922,1.506846565876926,382,96
compact,1,225,0.7525847432092253,1.5080451261190044,382,96
compact,1,226,0.7490654064092186,1.5067965504191752,382,96
compact,1,227,0.7484079646485782,1.507551561038575,382,96
compact,1,228,0.7449566957175396,1.5068094578964835,382,96
compact,1,229,0.7426290023330143,1.5079530326089614,382,96
compact,1,230,0.7411674498215114,1.5078568825819898,382,96
compact,1,231,0.7400397209161345,1.50870781673865,382,96
compact,1,232,0.7386919381031577,1.5092503313187113,382,96
compact,1,233,0.7361869525737462,1.5090461255914072,382,96
compact,1,234,0.7325464575249165,1.506602452092571,382,96
compact,1,235,0.7305906433073149,1.5072552556897927,382,96
compact,1,236,0.7278320337758666,1.5048869494148847,382,96
compact,1,237,0.7251873001368249,1.505645766802021,382,96
compact,1,238,0.7216969253102669,1.507490765013882,382,96
compact,1,239,0.7189545710370691,1.5076839609569668,382,96
compact,1,240,0.7181839105971118,1.507862425261894,382,96
compact,1,241,0.7160944661464306,1.5084360609958423,382,96
compact,1,242,0.7138234451716913,1.5086404278155465,382,96
compact,1,243,0.7121680556204156,1.5076085569107667,382,96
compact,1,244,0.7106845839242664,1.508106548409667,382,96
compact,1,245,0.710109835562857,1.5075666387129432,382,96
compact,1,246,0.7093974686872015,1.5079018152949908,382,96
compact,1,247,0.7087093754890033,1.5085639814284229,382,96
compact,1,248,0.7057170264327256,1.5052611712263138,382,96
compact,1,249,0.7035648555321468,1.5056171067425796,382,96
compact,1,250,0.7018688484332122,1.5049534571605576,382,96
compact,1,251,0.6992808051244773,1.5046827156258855,382,96
compact,1,252,0.6974123754544223,1.5055080683699584,382,96
compact,1,253,0.6956059238030778,1.5055332392250247,382,96
compact,1,254,0.6942996665102764,1.5060896890669242,382,96
compact,1,255,0.6933297007790397,1.5061897904640444,382,96
compact,1,256,0.6905283078925026,1.5056279608079681,382,96
compact,1,257,0.688970885961311,1.505623345691642,382,96
compact,1,258,0.6869781119638588,1.5049762012728816,382,96
compact,1,259,0.6847093687084046,1.5047684701027995,382,96
compact,1,260,0.6840791499769415,1.5048642356045792,382,96
compact,1,261,0.6819972535262201,1.5047858724429368,382,96
compact,1,262,0.6800528206548841,1.5051250563814884,382,96
compact,1,263,0.6792042474526265,1.5050208566517609,382,96
compact,1,264,0.6771882767771091,1.5063463609312977,382,96
compact,1,265,0.6751741389430858,1.506388112640818,382,96
compact,1,266,0.6733006424871978,1.505558120271911,382,96
compact,1,267,0.6712675039889596,1.5043714778323045,382,96
compact,1,268,0.6703465143238588,1.5045390548704713,382,96
compact,1,269,0.6699028928184352,1.5046805735880258,382,96
compact,1,270,0.6681633045516576,1.5040912054769702,382,96
compact,1,271,0.6669328382892457,1.5051391677391455,382,96
compact,1,272,0.6657458460529923,1.5038414074813966,382,96
compact,1,273,0.6635976976082516,1.5042151077298418,382,96
compact,1,274,0.6625421717157775,1.5044841059922578,382,96
compact,1,275,0.6602853737853778,1.5029805089262354,382,96
compact,1,276,0.6581202923040045,1.5016335826501628,382,96
compact,1,277,0.6564036308894892,1.5015352244000022,382,96
compact,1,278,0.654120540666314,1.500463153154646,382,96
compact,1,279,0.6525811989740213,1.5016612086173777,382,96
compact,1,280,0.6516854863272458,1.502470491442127,382,96
compact,1,281,0.6509064338966408,1.504011762579801,382,96
compact,1,282,0.6487824364658588,1.5028063065141686,382,96
compact,1,283,0.6470318387154322,1.5031729885427312,382,96
compact,1,284,0.6459108288604014,1.5036034570684076,382,96
compact,1,285,0.6441657943416852,1.5030715702182085,382,96
compact,1,286,0.6428767813602865,1.5030870490449062,382,96
compact,1,287,0.6424127178278076,1.5033207661484762,382,96
compact,1,288,0.6420399447692606,1.5034155128745674,382,96
compact,1,289,0.6414510963000062,1.5037767167261276,382,96
compact,1,290,0.6407852151644542,1.5041416891836497,382,96
compact,1,291,0.6391819116496328,1.5033168644234405,382,96
compact,1,292,0.6383678649151324,1.5027742910759818,382,96
compact,1,293,0.6364983130591129,1.502106568903769,382,96
compact,1,294,0.6351736746267322,1.5019467733297358,382,96
compact,1,295,0.6345930672028613,1.5028047466009125,382,96
compact,1,296,0.6332588277494574,1.5025021870800785,382,96
compact,1,297,0.6313955558433031,1.5009684043259077,382,96
compact,1,298,0.6300849582193255,1.5006414532828958,382,96
compact,1,299,0.629437731023666,1.501602976380239,382,96
compact,1,300,0.6283471690319709,1.5021751184665522,382,96
compact,1,301,0.6279330484010304,1.5026742529167247,382,96
compact,1,302,0.6263288638728836,1.5019954942053537,382,96
compact,1,303,0.6246907502363773,1.5009627539699402,382,96
compact,1,304,0.6231890772581676,1.5013454663209387,382,96
compact,1,305,0.62173468632808,1.5014610925249534,382,96
compact,1,306,0.6202325658896867,1.5018237490910324,382,96
compact,1,307,0.6194244913968525,1.5029136727055585,382,96
compact,1,308,0.6188798169141143,1.5025950253721245,382,96
compact,1,309,0.6180817135657769,1.501945046615742,382,96
compact,1,310,0.6162790168283779,1.501436953702921,382,96
compact,1,311,0.6158438776280182,1.501643262078688,382,96
compact,1,312,0.6142121873186127,1.4998576263987704,382,96
compact,1,313,0.6127952457267695,1.4991106657348012,382,96
compact,1,314,0.6112892339974985,1.4983147774212995,382,96
compact,1,315,0.6100925752261478,1.4977701507249577,382,96
compact,1,316,0.6086549304187552,1.4972885352043057,382,96
compact,1,317,0.6071153139616221,1.4966895000195053,382,96
compact,1,318,0.6060733157601895,1.494847347166388,382,96
compact,1,319,0.6044375154359634,1.4952259650930313,382,96
compact,1,320,0.6029833113561922,1.4954644253477298,382,96
compact,1,321,0.6022415716250251,1.4968975488298752,382,96
compact,1,322,0.6012721801236711,1.497443156884762,382,96
compact,1,323,0.5998171848990614,1.4975525706959503,382,96
compact,1,324,0.5983341998915321,1.4966811630913426,382,96
compact,1,325,0.5975772801741589,1.4971784481020816,382,96
compact,1,326,0.5959091939435823,1.497756335265654,382,96
compact,1,327,0.5950947221104228,1.4980958797088226,382,96
compact,1,328,0.5946209512268015,1.4983602770402134,382,96
compact,1,329,0.5942804705318268,1.4984943198682559,382,96
compact,1,330,0.5932169914264898,1.4973446452008032,382,96
compact,1,331,0.5924634012411278,1.4973908771270918,382,96
compact,1,332,0.5906914503624194,1.4968662742698475,382,96
compact,1,333,0.5893517437158065,1.497142815894869,382,96
compact,1,334,0.5885064329693309,1.4970526805220794,382,96
compact,1,335,0.588230258759379,1.4969997458327848,382,96
compact,1,336,0.5879302678392017,1.4972006083858895,382,96
compact,1,337,0.5866066015756695,1.4964998318722202,382,96
compact,1,338,0.5858751823160435,1.4977442994067334,382,96
compact,1,339,0.5855741995387093,1.4979298547964761,382,96
compact,1,340,0.5849328197312212,1.4980961585616326,382,96
compact,1,341,0.5842019150728694,1.4968566243499368,382,96
compact,1,342,0.5838035962936514,1.4975317459059707,382,96
compact,1,343,0.5830340998541731,1.4970317226360312,382,96
compact,1,344,0.5821861895307632,1.4971539619053043,382,96
compact,1,345,0.5817632223364887,1.4974251611613836,382,96
compact,1,346,0.5808314696152188,1.496928902448053,382,96
compact,1,347,0.5801362003690724,1.4962894795979906,382,96
compact,1,348,0.579860450822243,1.4964186076393837,382,96
compact,1,349,0.5786182232121696,1.4957329340411893,382,96
compact,1,350,0.5783732086070388,1.4961906954032416,382,96
compact,1,351,0.5767902788025528,1.496813719798099,382,96
compact,1,352,0.5757638364825132,1.4967757626478648,382,96
compact,1,353,0.5748494033102513,1.4966738736956275,382,96
compact,1,354,0.5735541971431115,1.4961231852964585,382,96
compact,1,355,0.5731135105251891,1.496073637741542,382,96
compact,1,356,0.5718697158503463,1.4961746890434422,382,96
compact,1,357,0.570885187191836,1.4960280911304784,382,96
compact,1,358,0.5707110958175438,1.4959698352079789,382,96
compact,1,359,0.5694904872601748,1.4961772476144077,382,96
compact,1,360,0.568591178631448,1.4946940471108223,382,96
compact,1,361,0.568360608236722,1.4944710990739554,382,96
compact,1,362,0.5675518392274266,1.4949786329041193,382,96
compact,1,363,0.5666209900438343,1.4936869851699912,382,96
compact,1,364,0.5659451015177366,1.4933884082568067,382,96
compact,1,365,0.5651326972863573,1.492252189413399,382,96
compact,1,366,0.5647881912327678,1.4924962195909597,382,96
compact,1,367,0.5634878018328296,1.492374909514637,382,96
compact,1,368,0.5626733596928413,1.492001057620148,382,96
compact,1,369,0.5615850824897762,1.4909147482337357,382,96
compact,1,370,0.560544637140247,1.4902701615639025,382,96
compact,1,371,0.5602613531027986,1.490416955574618,382,96
compact,1,372,0.5594440472401456,1.490580201057631,382,96
compact,1,373,0.5593040519853059,1.4905361650230475,382,96
compact,1,374,0.5582559188407947,1.4900185001224617,382,96
compact,1,375,0.5576218021058408,1.4896064698677849,382,96
compact,1,376,0.5570621238153701,1.4896892042694228,382,96
compact,1,377,0.5567906153045061,1.4897710169277725,382,96
compact,1,378,0.5558554012235154,1.4889956004636058,382,96
compact,1,379,0.5543063901011587,1.4887979182262225,382,96
compact,1,380,0.5540940743558019,1.4887966824759526,382,96
compact,1,381,0.5533647591897669,1.488043146226973,382,96
compact,1,382,0.5529697251399085,1.488519606394771,382,96
compact,1,383,0.5523801958556084,1.488880610731216,382,96
compact,1,384,0.551673513897303,1.4878320987551266,382,96
compact,1,385,0.5508973912503714,1.4874202366145206,382,96
compact,1,386,0.550054826782194,1.4867244360270726,382,96
compact,1,387,0.5492366570344845,1.4870412996843652,382,96
compact,1,388,0.5485846361257429,1.487771960722069,382,96
compact,1,389,0.5476416903999681,1.4874015699947745,382,96
compact,1,390,0.5469342413129269,1.4864176370978548,382,96
compact,1,391,0.5463514944139003,1.4863383150029688,382,96
compact,1,392,0.5454769023623462,1.4861673283260748,382,96
compact,1,393,0.544663678666472,1.4854083563573945,382,96
compact,1,394,0.5438229092456961,1.4850450510735442,382,96
compact,1,395,0.5432904663415226,1.4849761137968491,382,96
compact,1,396,0.5426278622909123,1.484833264067523,382,96
compact,1,397,0.5418542200061668,1.4848172942457245,382,96
compact,1,398,0.5410922445490859,1.485493031129364,382,96
compact,1,399,0.539931382809855,1.4854407945721073,382,96
compact,1,400,0.5394645513317883,1.485571193278183,382,96
base,1,1,2.5300811746536724,2.959128234853749,382,96
base,1,2,2.478450559517312,2.9020464659148324,382,96
base,1,3,2.4253717186907844,2.8426965303294036,382,96
base,1,4,2.384248402252814,2.8038190782658865,382,96
base,1,5,2.340002351546485,2.753098812087884,382,96
base,1,6,2.2951902546370087,2.7064695544705155,382,96
base,1,7,2.256273526776385,2.659652677039169,382,96
base,1,8,2.217595635624927,2.639580831954238,382,96
base,1,9,2.184222412468501,2.5980305245279687,382,96
base,1,10,2.146880234842761,2.574289058606389,382,96
base,1,11,2.112302271249101,2.5404921264157574,382,96
base,1,12,2.092631262329833,2.511393495188919,382,96
base,1,13,2.0676577200013844,2.480519330383291,382,96
base,1,14,2.0383146967123857,2.4472945471489416,382,96
base,1,15,2.0022144004381563,2.4021601444925897,382,96
base,1,16,1.9704671775429838,2.369583910626118,382,96
base,1,17,1.9413771470454457,2.3427728921702555,382,96
base,1,18,1.9185932205274776,2.3115493348215206,382,96
base,1,19,1.8898504774715756,2.2780578636364073,382,96
base,1,20,1.8605327533369185,2.249316577592346,382,96
base,1,21,1.8342968798995867,2.2166897747511616,382,96
base,1,22,1.8127663146507398,2.1932561080424544,382,96
base,1,23,1.7877226086431277,2.16756963873154,382,96
base,1,24,1.7654299414783439,2.1463900105262903,382,96
base,1,25,1.7419111884907077,2.117997644878142,382,96
base,1,26,1.7176034220831526,2.0855651604646397,382,96
base,1,27,1.6955189253610143,2.06088894897199,382,96
base,1,28,1.674262969854091,2.0445569314702943,382,96
base,1,29,1.650358981168078,2.0267647140098983,382,96
base,1,30,1.6337285951755778,2.013887880625168,382,96
base,1,31,1.6192038579788426,2.0001909995739773,382,96
base,1,32,1.6028554625159706,1.9879762788368804,382,96
base,1,33,1.584578093724657,1.966925583177421,382,96
base,1,34,1.5702221077784793,1.952559999260209,382,96
base,1,35,1.5555266831898642,1.9404750974212193,382,96
base,1,36,1.5403409917736077,1.9300203048168214,382,96
base,1,37,1.5289137755570417,1.9187211716459553,382,96
base,1,38,1.5181410211018003,1.9169031885543875,382,96
base,1,39,1.5067477908656528,1.907861871311557,382,96
base,1,40,1.4898000306599108,1.8925759414397316,382,96
base,1,41,1.47178713514443,1.8707318407202187,382,96
base,1,42,1.460213405004465,1.8585269830050533,382,96
base,1,43,1.4437293920024887,1.8512074205171656,382,96
base,1,44,1.428188888757043,1.8362199411890583,382,96
base,1,45,1.412376383899373,1.8198868141554672,382,96
base,1,46,1.3985645997049667,1.8060736120800551,382,96
base,1,47,1.3809031055386034,1.7880545183229353,382,96
base,1,48,1.3667420921610796,1.778989602390478,382,96
base,1,49,1.3563466796279047,1.7737957813522538,382,96
base,1,50,1.3439311507523606,1.75791821382495,382,96
base,1,51,1.3311216720197447,1.754265225087918,382,96
base,1,52,1.3211313280565136,1.7474184942991045,382,96
base,1,53,1.31304054362587,1.7424889335657894,382,96
base,1,54,1.3028681786073468,1.7335522978679345,382,96
base,1,55,1.2900745062803545,1.723435312239453,382,96
base,1,56,1.2812386750909868,1.7169376706517019,382,96
base,1,57,1.2723817710043757,1.7139186126007027,382,96
base,1,58,1.2596023297308936,1.702611409377068,382,96
base,1,59,1.247972897471355,1.6940215950237958,382,96
base,1,60,1.2375853095913931,1.6852375722033555,382,96
base,1,61,1.2261970503930042,1.6813087039364552,382,96
base,1,62,1.2175968221750475,1.6705984480083869,382,96
base,1,63,1.2071560794543927,1.6626128444315473,382,96
base,1,64,1.2016423121351172,1.6538360488762434,382,96
base,1,65,1.196473878161033,1.6480878548432696,382,96
base,1,66,1.1870842526297456,1.640069969519248,382,96
base,1,67,1.1761452453969818,1.6302131376260725,382,96
base,1,68,1.1666866319451998,1.6268557224883953,382,96
base,1,69,1.1586279398042607,1.6209738800690936,382,96
base,1,70,1.151012846997867,1.6181706327598875,382,96
base,1,71,1.1420075295035188,1.61599816706243,382,96
base,1,72,1.1352230324970063,1.610815252749949,382,96
base,1,73,1.128154146939,1.6065596836671865,382,96
base,1,74,1.1236605502377661,1.6038598634262469,382,96
base,1,75,1.120862776846811,1.6049014080601653,382,96
base,1,76,1.115600355519516,1.604405723235479,382,96
base,1,77,1.1093872205850774,1.600392955819111,382,96
base,1,78,1.1003619037208812,1.592218864091378,382,96
base,1,79,1.0939857904773371,1.586072424320022,382,96
base,1,80,1.0868001811957688,1.5826297866175438,382,96
base,1,81,1.082349981457182,1.5845772031050034,382,96
base,1,82,1.077645000615373,1.581936983109398,382,96
base,1,83,1.0711204178830738,1.576004742334832,382,96
base,1,84,1.0627588879712737,1.5668187353360312,382,96
base,1,85,1.058944262613472,1.565606969135297,382,96
base,1,86,1.0528402070380685,1.5638341522570887,382,96
base,1,87,1.0469523889151267,1.5615634802560703,382,96
base,1,88,1.0408977287790104,1.5550255043826164,382,96
base,1,89,1.035363451621364,1.5537851639590086,382,96
base,1,90,1.0293149370836499,1.5541737515996212,382,96
base,1,91,1.025226202665684,1.5496890138807524,382,96
base,1,92,1.020870271349723,1.5487166567171018,382,96
base,1,93,1.0168506602444927,1.5501604500754143,382,96
base,1,94,1.0158032629127496,1.5513423010475624,382,96
base,1,95,1.010190196831977,1.5486475874203256,382,96
base,1,96,1.00600493434896,1.5453694078217248,382,96
base,1,97,1.0008390161633667,1.5418345514264338,382,96
base,1,98,0.9978350032996696,1.5421609549716198,382,96
base,1,99,0.9921232963766109,1.5419501101379571,382,96
base,1,100,0.9865316056557958,1.5365562271987518,382,96
base,1,101,0.9811753396520022,1.5372404971321927,382,96
base,1,102,0.9761902154350417,1.5363573899962069,382,96
base,1,103,0.9726891671085898,1.535903901470181,382,96
base,1,104,0.971033489185207,1.5350380371564645,382,96
base,1,105,0.9672963352634906,1.5297291147111112,382,96
base,1,106,0.9637542441502176,1.5285705490767643,382,96
base,1,107,0.9586523615128032,1.5243119967643226,382,96
base,1,108,0.9555025615858374,1.5221502610494915,382,96
base,1,109,0.9528208852609411,1.5222597550006627,382,96
base,1,110,0.9510020132176173,1.5199633134769093,382,96
base,1,111,0.9464051744303501,1.5216899340775611,382,96
base,1,112,0.9428758422683867,1.5219967426572796,382,96
base,1,113,0.9399924696976587,1.5210264883922437,382,96
base,1,114,0.9369937822631929,1.5168569823286397,382,96
base,1,115,0.9337030558000551,1.5178883928505433,382,96
base,1,116,0.9289851922686919,1.5148004392317576,382,96
base,1,117,0.9253074597271196,1.5108683809922245,382,96
base,1,118,0.9228900114139071,1.5106899824231363,382,96
base,1,119,0.9189797430931708,1.5084645046831393,382,96
base,1,120,0.9172799198555688,1.5077877674415021,382,96
base,1,121,0.9161544019722544,1.507020253814105,382,96
base,1,122,0.9104695309203941,1.5045608373196606,382,96
base,1,123,0.9091546251512651,1.5049962281042406,382,96
base,1,124,0.9079831112227478,1.5051386892622465,382,96
base,1,125,0.9035597552142233,1.5049951960198384,382,96
base,1,126,0.900501137369856,1.5044008844097847,382,96
base,1,127,0.8995156577659864,1.5044761097466792,382,96
base,1,128,0.8964377808459008,1.5030536126554845,382,96
base,1,129,0.8936351524432844,1.5019572097822949,382,96
base,1,130,0.8914805103293607,1.4987078487369918,382,96
base,1,131,0.8883281662346516,1.4962617775158547,382,96
base,1,132,0.8844316354030249,1.4926895395067692,382,96
base,1,133,0.8834937619575806,1.4926424069872344,382,96
base,1,134,0.8800378068000229,1.4903190634887553,382,96
base,1,135,0.8770733255529592,1.4909208451314067,382,96
base,1,136,0.8729356235662352,1.4904278975459855,382,96
base,1,137,0.8697085696331281,1.4878908964651751,382,96
base,1,138,0.8669793992319028,1.488160258460487,382,96
base,1,139,0.865824573981452,1.488020041229264,382,96
base,1,140,0.8619452007389251,1.489321634549913,382,96
base,1,141,0.8576317309413006,1.4880263137707281,382,96
base,1,142,0.8543428738870564,1.4897064261189292,382,96
base,1,143,0.8531884855111913,1.4884534321488523,382,96
base,1,144,0.8501489325340443,1.4896158514961595,382,96
base,1,145,0.8470052891379951,1.4901000872066925,382,96
base,1,146,0.844945495260039,1.490096636315052,382,96
base,1,147,0.8417536943498806,1.488768900852507,382,96
base,1,148,0.8396772853324609,1.4892820563816593,382,96
base,1,149,0.8359220881945301,1.489199428397855,382,96
base,1,150,0.830878680212546,1.4880372438944638,382,96
base,1,151,0.8292626839509782,1.488036385949944,382,96
base,1,152,0.826456483264798,1.4887747941541174,382,96
base,1,153,0.823909269622773,1.4871027943583928,382,96
base,1,154,0.8201072348913897,1.4866948219148461,382,96
base,1,155,0.8175901394530817,1.4876448349332962,382,96
base,1,156,0.8151499223556177,1.4886632048919728,382,96
base,1,157,0.8122551723728042,1.4863306173854316,382,96
base,1,158,0.8091155332650936,1.486900010264074,382,96
base,1,159,0.8062225051526549,1.4838229231354778,382,96
base,1,160,0.8042660194357423,1.4836078624942324,382,96
base,1,161,0.800837050557164,1.4814073489982262,382,96
base,1,162,0.7993438911137668,1.481446379643983,382,96
base,1,163,0.7967006116255816,1.4832581955897832,382,96
base,1,164,0.7928933740327422,1.4830970165958597,382,96
base,1,165,0.7914894880906429,1.4826298040527663,382,96
base,1,166,0.7889674552768075,1.4815893598659056,382,96
base,1,167,0.7847390903199108,1.4797160686408097,382,96
base,1,168,0.7824009635762715,1.479847122192956,382,96
base,1,169,0.7789519595641032,1.4760935228441103,382,96
base,1,170,0.7778796551737981,1.4762105957756297,382,96
base,1,171,0.7763104941278824,1.4771485096169528,382,96
base,1,172,0.7752792996628441,1.4764551866391964,382,96
base,1,173,0.7720053557068591,1.4749582252562625,382,96
base,1,174,0.768517015907331,1.4768957855966227,382,96
base,1,175,0.7654702729073238,1.4731420849446222,382,96
base,1,176,0.7634693934383204,1.4717091850964226,382,96
base,1,177,0.7619185508317802,1.471145252241301,382,96
base,1,178,0.7597896419348921,1.4701233147000758,382,96
base,1,179,0.7570370607908917,1.4713791362409772,382,96
base,1,180,0.7524678210102878,1.4697366545291393,382,96
base,1,181,0.7505785211786932,1.4702201866797315,382,96
base,1,182,0.7478333105375489,1.469035746581663,382,96
base,1,183,0.7451676881236619,1.468893176998573,382,96
base,1,184,0.7441438146908386,1.4690156739462734,382,96
base,1,185,0.7413268026953228,1.4672945020860324,382,96
base,1,186,0.73920790392245,1.4668068516350765,382,96
base,1,187,0.7383789919215883,1.4670093844066823,382,96
base,1,188,0.735280491537471,1.4650787198515824,382,96
base,1,189,0.7325817942260369,1.4644361671163626,382,96
base,1,190,0.7318062609202081,1.4641198953382941,382,96
base,1,191,0.7309563581161623,1.4634769512560675,382,96
base,1,192,0.7295021307700054,1.4640903686969116,382,96
base,1,193,0.7273992897364446,1.463374801563552,382,96
base,1,194,0.7255877368921867,1.4620674039270865,382,96
base,1,195,0.7249322707190087,1.4622208080483625,382,96
base,1,196,0.7225382180532581,1.46189536128514,382,96
base,1,197,0.7206610796948748,1.461453122194943,382,96
base,1,198,0.7176011832868966,1.4620276665604306,382,96
base,1,199,0.716908460488952,1.462175366201157,382,96
base,1,200,0.714617615305167,1.4584664076505043,382,96
base,1,201,0.7114866083083087,1.4577816465512359,382,96
base,1,202,0.7109852786825548,1.4571831325458775,382,96
base,1,203,0.7099107566990887,1.4577339400872313,382,96
base,1,204,0.7093695939520943,1.4569059181174724,382,96
base,1,205,0.7087078434010308,1.4574280673221398,382,96
base,1,206,0.7046078411313325,1.4573308381102341,382,96
base,1,207,0.7013564096394084,1.4564129864455284,382,96
base,1,208,0.6984704160008829,1.4563426825935568,382,96
base,1,209,0.6975119422920251,1.4568842126232167,382,96
base,1,210,0.6968350279512525,1.4572823373205233,382,96
base,1,211,0.6964071102114454,1.4568920140081965,382,96
base,1,212,0.6942445943998049,1.455086283637646,382,96
base,1,213,0.6908368680622726,1.4544824522241964,382,96
base,1,214,0.6898013656026927,1.4552734954516182,382,96
base,1,215,0.689013675991139,1.454978238822891,382,96
base,1,216,0.6876279491510778,1.4541847142751705,382,96
base,1,217,0.687204037952412,1.454168430981113,382,96
base,1,218,0.6864285939114113,1.454115144258918,382,96
base,1,219,0.6858002764083931,1.453499303210897,382,96
base,1,220,0.6833337919716234,1.4532267784832948,382,96
base,1,221,0.6814032207754533,1.4537437343958004,382,96
base,1,222,0.6804096455401356,1.45303337300654,382,96
base,1,223,0.6799966317996834,1.4530752428316989,382,96
base,1,224,0.678028777392733,1.4519573216834052,382,96
base,1,225,0.6767274101152231,1.4516825855432187,382,96
base,1,226,0.6740116758406529,1.4505092941969424,382,96
base,1,227,0.6731657828094265,1.4512716720514112,382,96
base,1,228,0.672122662395986,1.4500488787255592,382,96
base,1,229,0.6710775803266421,1.450191001252544,382,96
base,1,230,0.6685187081675641,1.4502998537871272,382,96
base,1,231,0.6680298488014446,1.4498357910430968,382,96
base,1,232,0.6676829972704561,1.4498822249038368,382,96
base,1,233,0.663969067793973,1.449913194462306,382,96
base,1,234,0.6608710093528304,1.4493620855373446,382,96
base,1,235,0.6580385369533113,1.4514779733310696,382,96
base,1,236,0.6564620335402316,1.4508142041603942,382,96
base,1,237,0.654085839799115,1.4492545153058451,382,96
base,1,238,0.6537678989123565,1.4492459941630433,382,96
base,1,239,0.6516263123466008,1.4487365437642339,382,96
base,1,240,0.6513048189616374,1.4487449750230237,382,96
base,1,241,0.6495650001711195,1.4461516417377276,382,96
base,1,242,0.6489770376910261,1.4461345819905713,382,96
base,1,243,0.6478240789070517,1.446702971445815,382,96
base,1,244,0.6460646846290119,1.4458124770255143,382,96
base,1,245,0.6439890155606579,1.4456906720207514,382,96
base,1,246,0.6418143553142602,1.4452171796001418,382,96
base,1,247,0.6402330818485021,1.4423618236211995,382,96
base,1,248,0.6395153844188057,1.4424696748200732,382,96
base,1,249,0.6391118100964018,1.442069738968451,382,96
base,1,250,0.6386548895544133,1.4424744113095394,382,96
base,1,251,0.6367531112546542,1.4425272626839374,382,96
base,1,252,0.6350307256090558,1.4427852472423583,382,96
base,1,253,0.6327910102337534,1.4422043930538324,382,96
base,1,254,0.631502446680588,1.4418700173283077,382,96
base,1,255,0.6302200844081799,1.4415393720546015,382,96
base,1,256,0.6295463081098683,1.4417512785259874,382,96
base,1,257,0.6289089549710241,1.4418567491100593,382,96
base,1,258,0.6277700935696103,1.441493779966839,382,96
base,1,259,0.6261409578539622,1.442166669665853,382,96
base,1,260,0.6249432023652419,1.4418324678284113,382,96
base,1,261,0.6231947466820617,1.442201015792474,382,96
base,1,262,0.6203105944590765,1.4418976674912336,382,96
base,1,263,0.6201025181313257,1.4420648480218297,382,96
base,1,264,0.6192221690936259,1.4403185251076762,382,96
base,1,265,0.6174123754825022,1.440158848761511,382,96
base,1,266,0.6166885535888946,1.4388434338672942,382,96
base,1,267,0.6150643486771538,1.438285976704508,382,96
base,1,268,0.6131813403260131,1.437780142967158,382,96
base,1,269,0.6112242248145875,1.4375244833352836,382,96
base,1,270,0.6088047319371392,1.4371207175685823,382,96
base,1,271,0.6070452135414057,1.43546217794379,382,96
base,1,272,0.6064145306880799,1.4353229707514337,382,96
base,1,273,0.6057285546925012,1.4362703968014057,382,96
base,1,274,0.6046991537408014,1.4363502321325659,382,96
base,1,275,0.6030807404151601,1.4361719284062187,382,96
base,1,276,0.6008270393118248,1.4361844961671093,382,96
base,1,277,0.599326531435255,1.4366784068937717,382,96
base,1,278,0.5988225479748527,1.4370092174706965,382,96
base,1,279,0.5971249935099159,1.4354409155794596,382,96
base,1,280,0.5956069910750866,1.4361508830911975,382,96
base,1,281,0.5946665490783336,1.4355291386609563,382,96
base,1,282,0.5928299713947056,1.4349622164308888,382,96
base,1,283,0.5924800654875888,1.4348240237835037,382,96
base,1,284,0.5911318803308421,1.4347884078271131,382,96
base,1,285,0.589539416321242,1.4343017377381617,382,96
base,1,286,0.5890184217144504,1.4340311064928408,382,96
base,1,287,0.5875831651212385,1.4342195871057737,382,96
base,1,288,0.5861053634817938,1.4333110848432098,382,96
base,1,289,0.5857570330240683,1.4331015344516729,382,96
base,1,290,0.585274084602094,1.4330965280701715,382,96
base,1,291,0.58496825912845,1.4334797530305183,382,96
base,1,292,0.5841786827616713,1.433329604407562,382,96
base,1,293,0.583238181662669,1.4336013396198188,382,96
base,1,294,0.5820884725292119,1.4338459873167086,382,96
base,1,295,0.5805867286123747,1.4331560859925303,382,96
base,1,296,0.5793904977063844,1.4324714555889804,382,96
base,1,297,0.5780990089608928,1.43094540422753,382,96
base,1,298,0.577327344590428,1.4313067782332114,382,96
base,1,299,0.5771649592413775,1.4314627595781457,382,96
base,1,300,0.5768171608291496,1.4316128593205149,382,96
base,1,301,0.5764745387598245,1.431434431672594,382,96
base,1,302,0.5756279629463156,1.4307731800787422,382,96
base,1,303,0.5747722184861349,1.4309056814648495,382,96
base,1,304,0.5742417701905561,1.4310876947016862,382,96
base,1,305,0.5734938417857179,1.429906376094508,382,96
base,1,306,0.5723929811238205,1.4301026927556533,382,96
base,1,307,0.5714571797994002,1.431082979452187,382,96
base,1,308,0.570535674705736,1.4310499171752147,382,96
base,1,309,0.5695052179773412,1.4299348014290816,382,96
base,1,310,0.568337503362067,1.4299798187773989,382,96
base,1,311,0.5670100190789681,1.4267978685390397,382,96
base,1,312,0.5658602592786238,1.4256534164810417,382,96
base,1,313,0.5641333695467902,1.4261005923078776,382,96
base,1,314,0.5638800220815953,1.4258912078309347,382,96
base,1,315,0.5635700158212099,1.4260690945946624,382,96
base,1,316,0.5625485526176489,1.425791798354761,382,96
base,1,317,0.5615601942824385,1.4260034661598864,382,96
base,1,318,0.5612010515554386,1.425834078709548,382,96
base,1,319,0.5606606296098494,1.4252963895024702,382,96
base,1,320,0.5602367914583433,1.4244840145101565,382,96
base,1,321,0.5593421128898494,1.4234091332090784,382,96
base,1,322,0.5583366675125256,1.4224261030061731,382,96
base,1,323,0.557328740570429,1.422613848084578,382,96
base,1,324,0.5569633097933558,1.4228754360671527,382,96
base,1,325,0.555645637771139,1.4232225854900182,382,96
base,1,326,0.554643393905873,1.4232284415301353,382,96
base,1,327,0.5544204127343701,1.4234173621024233,382,96
base,1,328,0.5536103422570487,1.4236533415194024,382,96
base,1,329,0.552407625976824,1.4227703263468776,382,96
base,1,330,0.5514852909946781,1.4224656337344492,382,96
base,1,331,0.551234694168912,1.422238818450448,382,96
base,1,332,0.5505951977491107,1.4215899868752306,382,96
base,1,333,0.5498967293660064,1.4218344136613625,382,96
base,1,334,0.5493793980241765,1.4216380709569467,382,96
base,1,335,0.5491416489753055,1.4214204209211414,382,96
base,1,336,0.5483881701300312,1.42072573526406,382,96
base,1,337,0.5478292760097409,1.421052092540543,382,96
base,1,338,0.5475468565250405,1.4212652811681696,382,96
base,1,339,0.5472502626424933,1.4212316933597964,382,96
base,1,340,0.5461718123638596,1.4201665489303175,382,96
base,1,341,0.5447575925917312,1.4204809933778082,382,96
base,1,342,0.5442893705198272,1.4202685758547406,382,96
base,1,343,0.543746689371521,1.4196588217086106,382,96
base,1,344,0.5435002760073621,1.419208109375232,382,96
base,1,345,0.5433289137757651,1.4189816441954348,382,96
base,1,346,0.5431572707472873,1.4191138151669724,382,96
base,1,347,0.5421059155577964,1.4182906116713405,382,96
base,1,348,0.5419092685569413,1.418120887623198,382,96
base,1,349,0.5408252506932364,1.417181751014568,382,96
base,1,350,0.5405381947507437,1.417073070038956,382,96
base,1,351,0.5397137945071404,1.4172135171661548,382,96
base,1,352,0.5389957322135531,1.4172679529732881,382,96
base,1,353,0.5380156856379756,1.4168148795846738,382,96
base,1,354,0.5373521602728871,1.4164321482767546,382,96
base,1,355,0.537256590675015,1.4165451477845974,382,96
base,1,356,0.5367417072735267,1.4168329115072935,382,96
base,1,357,0.5359874331349167,1.416751444294141,382,96
base,1,358,0.5353486461762036,1.4164618121621884,382,96
base,1,359,0.5348290534351081,1.415867178477032,382,96
base,1,360,0.5342263301590373,1.4149612157378482,382,96
base,1,361,0.5334074497672889,1.4154376313152126,382,96
base,1,362,0.5324479574546298,1.4146614071906656,382,96
base,1,363,0.5323556625608951,1.414918954718233,382,96
base,1,364,0.5315100828019895,1.4146904873876904,382,96
base,1,365,0.5307888423205211,1.4148911568582219,382,96
base,1,366,0.5306003881754121,1.4150708095460505,382,96
base,1,367,0.529858434049929,1.4156556205540478,382,96
base,1,368,0.5290747045692427,1.4154518187472342,382,96
base,1,369,0.5289876917372592,1.415490363518975,382,96
base,1,370,0.5281271045531013,1.4157766581312397,382,96
base,1,371,0.5271714262893362,1.4147824527409076,382,96
base,1,372,0.52674429432484,1.4143565067541681,382,96
base,1,373,0.5265064586606242,1.4142654619619373,382,96
base,1,374,0.5260664384645538,1.413665826675035,382,96
base,1,375,0.525283239109703,1.4135890272413727,382,96
base,1,376,0.5251415050262807,1.413531293017788,382,96
base,1,377,0.5243697973982477,1.4133374467036304,382,96
base,1,378,0.5236962288736605,1.4131742044194635,382,96
base,1,379,0.5229885672311716,1.4129008753659529,382,96
base,1,380,0.5220316076573812,1.4124710117946586,382,96
base,1,381,0.5214445422067431,1.4111203222256097,382,96
base,1,382,0.5204783912082241,1.410596905024414,382,96
base,1,383,0.5199579676264892,1.4108017706151512,382,96
base,1,384,0.5191176158461515,1.4104263880493069,382,96
base,1,385,0.5183041338118514,1.4100096314237383,382,96
base,1,386,0.5177962342248308,1.4097171015066914,382,96
base,1,387,0.5175651500151117,1.4096704494578134,382,96
base,1,388,0.5168019920220414,1.4093435684321625,382,96
base,1,389,0.5161799560354389,1.4094235240502722,382,96
base,1,390,0.515289044077665,1.40986750926085,382,96
base,1,391,0.5147629438866534,1.409079073962124,382,96
base,1,392,0.5140166435481157,1.409094643444205,382,96
base,1,393,0.5138658584216291,1.4089080139835195,382,96
base,1,394,0.5129399195563047,1.4088959175314035,382,96
base,1,395,0.5127679538904014,1.4085616538315242,382,96
base,1,396,0.5119557571609655,1.4085716322941189,382,96
base,1,397,0.5117031774154758,1.4087281433571286,382,96
base,1,398,0.5114359618502583,1.4088847240755131,382,96
base,1,399,0.5108482644151803,1.4093053401448299,382,96
base,1,400,0.510691601115829,1.409115398739659,382,96
base,1,401,0.5103055774256534,1.409012059352378,382,96
base,1,402,0.5096626320758377,1.4092280352064803,382,96
base,1,403,0.508947467408455,1.4089109203859718,382,96
base,1,404,0.5083468033900252,1.408461472103752,382,96
base,1,405,0.5076680776485856,1.40848852852467,382,96
base,1,406,0.5068157315110137,1.4071565468501221,382,96
base,1,407,0.5061688769951124,1.4059549790837649,382,96
base,1,408,0.5056562635082674,1.405478440151019,382,96
base,1,409,0.5055117741565506,1.4054691082349453,382,96
base,1,410,0.5052965658880325,1.4053141740221409,382,96
base,1,411,0.5050869728394229,1.4051406380631866,382,96
base,1,412,0.5049642732201836,1.405208380315433,382,96
base,1,413,0.5043258939011265,1.4041629218225289,382,96
base,1,414,0.5039921465896272,1.403693558995162,382,96
base,1,415,0.5033936070721714,1.4035737712155485,382,96
base,1,416,0.502920071463032,1.4028424899516785,382,96
base,1,417,0.5023510342350653,1.4022650597405697,382,96
base,1,418,0.5017486900405881,1.4023461593871989,382,96
base,1,419,0.501319090844041,1.4025690157342667,382,96
base,1,420,0.5012197339567402,1.4025316555688474,382,96
base,1,421,0.5006530349210168,1.4030083835408655,382,96
base,1,422,0.5002833489176957,1.4029756777199043,382,96
base,1,423,0.5000044655957101,1.403180733467308,382,96
base,1,424,0.4997957958833146,1.4033264883364147,382,96
base,1,425,0.49926003382791545,1.4033856840261978,382,96
base,1,426,0.4986569680930463,1.4026659709712022,382,96
base,1,427,0.49856597814337744,1.4026072983157334,382,96
base,1,428,0.4982276749817158,1.4031434501973417,382,96
base,1,429,0.49755949527232685,1.403007886822026,382,96
base,1,430,0.4972680317569346,1.4030131525227059,382,96
base,1,431,0.49717031589639155,1.4030075071991697,382,96
base,1,432,0.4966713073430371,1.4028490902929052,382,96
base,1,433,0.49635856856692656,1.4027506773281413,382,96
base,1,434,0.49615345092716545,1.4028629524040335,382,96
base,1,435,0.4956975181868002,1.4028163322663936,382,96
base,1,436,0.4952657355527718,1.4021801647448313,382,96
base,1,437,0.49485239358277505,1.4020751933788824,382,96
base,1,438,0.49437101108746884,1.4018750546474277,382,96
base,1,439,0.49425360668073204,1.4016997572529721,382,96
base,1,440,0.49338478419846293,1.401096108427938,382,96
base,1,441,0.4929539526093785,1.4020101028479928,382,96
base,1,442,0.4924684663578578,1.4018216071998144,382,96
base,1,443,0.492098326434601,1.4025494788432518,382,96
base,1,444,0.49175254930525414,1.402398286689245,382,96
base,1,445,0.4916384902844815,1.402168598395728,382,96
base,1,446,0.4914435220789236,1.4020176660591197,382,96
base,1,447,0.4909166041622375,1.4020599813339591,382,96
base,1,448,0.490701046003362,1.4020053347243504,382,96
base,1,449,0.49048658431335534,1.402087186376461,382,96
base,1,450,0.49023941877600263,1.4017851106941355,382,96
base,1,451,0.4901623457264828,1.4017016738966617,382,96
base,1,452,0.4898597100949336,1.4014497741229588,382,96
base,1,453,0.48980091061214476,1.4014634586292098,382,96
base,1,454,0.4895404740604038,1.4014814599812397,382,96
base,1,455,0.4893820807526647,1.4014165152976914,382,96
base,1,456,0.4889097860952501,1.4011042915093452,382,96
base,1,457,0.4881108241130959,1.400703626464626,382,96
base,1,458,0.4880548749466606,1.4007553983198575,382,96
base,1,459,0.48768113277457265,1.40080837370534,382,96
base,1,460,0.4868702537834775,1.400928090130247,382,96
base,1,461,0.48629877647620473,1.4008366904349177,382,96
base,1,462,0.4855535022809066,1.4001365138012591,382,96
base,1,463,0.48509227489461476,1.400325706251578,382,96
base,1,464,0.48497237532238424,1.4004468129525653,382,96
base,1,465,0.4845641575268909,1.3998698992029746,382,96
base,1,466,0.484071296697823,1.3996021977281994,382,96
base,1,467,0.483574237545089,1.3993417611373988,382,96
base,1,468,0.48305984183548273,1.3988864472184803,382,96
base,1,469,0.48286730177168996,1.398992934838947,382,96
base,1,470,0.4823967021437775,1.3984232450555456,382,96
base,1,471,0.4823018170235222,1.398275644044253,382,96
base,1,472,0.4818433838829154,1.3975318306035593,382,96
base,1,473,0.48148064936822327,1.3973578921954013,382,96
base,1,474,0.48109576160945705,1.39744403567203,382,96
base,1,475,0.4809699098461499,1.39745550410574,382,96
base,1,476,0.4808229109952894,1.397408384244971,382,96
base,1,477,0.4804523131312148,1.3975442698367124,382,96
base,1,478,0.4799414073812292,1.3975969296461597,382,96
base,1,479,0.4798724925340589,1.3975308396330977,382,96
base,1,480,0.47949948095112577,1.3973044124044594,382,96
base,1,481,0.4791750521585519,1.3972221265003602,382,96
base,1,482,0.47852378181934596,1.3971743735222284,382,96
base,1,483,0.4784492419672455,1.3971786436663334,382,96
base,1,484,0.47797735889963866,1.3970624114826324,382,96
base,1,485,0.4778761090772469,1.397059842518831,382,96
base,1,486,0.4777311877986498,1.3971643814664327,382,96
base,1,487,0.477435517976389,1.3969720404879127,382,96
base,1,488,0.4768385416303748,1.3973039503667095,382,96
base,1,489,0.47662528174373225,1.397247397520654,382,96
base,1,490,0.4760515378782154,1.3970174594778306,382,96
base,1,491,0.475778621958033,1.3972503218836965,382,96
base,1,492,0.4756175411361386,1.3972865735085656,382,96
base,1,493,0.47526901570054675,1.397080909601346,382,96
base,1,494,0.47485284475715817,1.397241568198647,382,96
base,1,495,0.4746807396799262,1.397338788220409,382,96
base,1,496,0.4742442623694035,1.3966557038524718,382,96
base,1,497,0.4735874684777193,1.3971621337702311,382,96
base,1,498,0.47350388433799895,1.3970996730816156,382,96
base,1,499,0.4732333492859963,1.397344897105075,382,96
base,1,500,0.4728563825947014,1.3972077620122376,382,96
base,1,501,0.4727684602782339,1.3971097034033522,382,96
base,1,502,0.4724251585349211,1.3974242453411099,382,96
base,1,503,0.47236142577248624,1.3972542448057763,382,96
base,1,504,0.47198102444911966,1.3968794913880438,382,96
base,1,505,0.47182304499331323,1.396825947712413,382,96
base,1,506,0.4714106934663607,1.3967072350360863,382,96
base,1,507,0.47132723948050875,1.396562454427143,382,96
base,1,508,0.4708479393841686,1.3969046274641403,382,96
base,1,509,0.470535300795608,1.3969401673899584,382,96
base,1,510,0.4702707296757363,1.3961892108602032,382,96
base,1,511,0.4699711116517584,1.3959329793229718,382,96
base,1,512,0.4695819950833312,1.3960755455129459,382,96
base,1,513,0.4692993097289741,1.395975130422731,382,96
base,1,514,0.4688354350457982,1.39691417255834,382,96
base,1,515,0.46842688405601035,1.3966880288431347,382,96
base,1,516,0.46834324909803443,1.3967619472968789,382,96
base,1,517,0.46796262664785604,1.3972274342843312,382,96
base,1,518,0.4679045417078336,1.3972252635523692,382,96
base,1,519,0.46770327088739616,1.397084055278691,382,96
base,1,520,0.4675347149792068,1.3969916634185897,382,96
base,1,521,0.4673240250631568,1.397050781193102,382,96
base,1,522,0.46703415112103225,1.3972076014146122,382,96
base,1,523,0.466689611393159,1.3975165436595645,382,96
base,1,524,0.46638763557860563,1.3973946899004839,382,96
base,1,525,0.46612445993431734,1.3980831704820935,382,96
base,1,526,0.46606828133342554,1.3980714708772817,382,96
base,1,527,0.46574581465758425,1.397680349390002,382,96
base,1,528,0.465329250241401,1.3976942154919945,382,96
base,1,529,0.46514377597534384,1.3982396230930079,382,96
base,1,530,0.46500521651397586,1.3981431062792022,382,96
base,1,531,0.4645836648838681,1.3981248879282704,382,96
base,1,532,0.46426723199129444,1.3980808937934945,382,96
base,1,533,0.4640703633649754,1.3979747600891157,382,96
base,1,534,0.4636620715024215,1.3985569085947813,382,96
base,1,535,0.4633634795799246,1.398278973472043,382,96
base,1,536,0.4633382779321527,1.3982328536070623,382,96
base,1,537,0.4632094390591001,1.3980705195022272,382,96
base,1,538,0.4630962340558974,1.3980107578317869,382,96
base,1,539,0.4628094195371344,1.3977159941650674,382,96
base,1,540,0.4622969859950453,1.3975350740517778,382,96
base,1,541,0.46180771301398654,1.3977767132417251,382,96
base,1,542,0.4617034600839901,1.397739506585578,382,96
base,1,543,0.46154225076218175,1.3978188455799119,382,96
base,1,544,0.4614987424937433,1.397874261086053,382,96
base,1,545,0.4613308204812686,1.3980156494604747,382,96
base,1,546,0.4610910375433702,1.3986174493027432,382,96
base,1,547,0.4606538144536968,1.3987779865924752,382,96
base,1,548,0.4605889028010868,1.398806335252415,382,96
base,1,549,0.4605639998616865,1.3988789661049,382,96
base,1,550,0.46053275699591223,1.3988392352595573,382,96
base,1,551,0.4603072834501111,1.3986585947185926,382,96
base,1,552,0.4597845170920384,1.3987676643459304,382,96
base,1,553,0.4596400122284392,1.3989513582461046,382,96
base,1,554,0.4594429477777114,1.398718935545942,382,96
base,1,555,0.459413849983759,1.39870320028306,382,96
base,1,556,0.45914149473621896,1.3989620817434754,382,96
base,1,557,0.45886971864720477,1.3990467838125165,382,96
base,1,558,0.4586639491753073,1.3990511006637614,382,96
base,1,559,0.4585103431213978,1.3995523678757238,382,96
base,1,560,0.45826909576482855,1.3998359214973037,382,96
base,1,561,0.4579018094566104,1.399739920475005,382,96
base,1,562,0.4578182489984107,1.3997259406382558,382,96
base,1,563,0.4574385338563245,1.3995583733300252,382,96
base,1,564,0.457195199089734,1.4000429330703703,382,96
base,1,565,0.45717414110443905,1.4000572103358528,382,96
base,1,566,0.4571435489283671,1.4000814607799144,382,96
base,1,567,0.45696440092028684,1.3996425306078455,382,96
base,1,568,0.4568536152200102,1.3995572023822682,382,96
base,1,569,0.4564330297874016,1.3996667073411104,382,96
base,1,570,0.4561789238308908,1.3995168318169573,382,96
base,1,571,0.45574612502343015,1.3993621100028608,382,96
base,1,572,0.45539765576243696,1.398763441965482,382,96
base,1,573,0.4551608157279099,1.3989225185015774,382,96
base,1,574,0.4548584282118864,1.399655359476405,382,96
base,1,575,0.45454185631202754,1.3995862062160134,382,96
base,1,576,0.45450563462723553,1.3995728113169748,382,96
base,1,577,0.45425106196046405,1.399614886345356,382,96
base,1,578,0.4541578605792235,1.3996457620177578,382,96
base,1,579,0.45393160246664427,1.3999289138541158,382,96
base,1,580,0.45383932515677206,1.3999002988167617,382,96
base,1,581,0.4535915032095708,1.3999233111868243,382,96
base,1,582,0.45321646126745146,1.3997282579320112,382,96
base,1,583,0.45304427751030885,1.3999671516616703,382,96
base,1,584,0.4527316491039267,1.3998303452522338,382,96
base,1,585,0.4526418093940127,1.3996425679418598,382,96
base,1,586,0.45245206802364335,1.399574412833895,382,96
base,1,587,0.452179820383763,1.3995182718405206,382,96
base,1,588,0.4521572703173578,1.399486970711268,382,96
base,1,589,0.45213046402852625,1.3994930632267535,382,96
base,1,590,0.451961053126554,1.3997130015931745,382,96
base,1,591,0.45158047733666723,1.3995550088374735,382,96
base,1,592,0.4512415328270996,1.3995658889924578,382,96
base,1,593,0.4510114368176688,1.3996125839550448,382,96
base,1,594,0.45098515636524483,1.399654502185627,382,96
base,1,595,0.4508505895704891,1.399883132103993,382,96
base,1,596,0.45060990345165736,1.4003875531173093,382,96
base,1,597,0.4504213860389934,1.4001646734703248,382,96
base,1,598,0.45017583637439473,1.4000429718847964,382,96
base,1,599,0.4498002558552559,1.4003080228963385,382,96
base,1,600,0.4495898521088606,1.4001786185298526,382,96
deep_slow,1,1,2.549509367091953,2.9824657066788918,382,96
deep_slow,1,2,2.5166138956848534,2.9577623286414565,382,96
deep_slow,1,3,2.4872018402747624,2.921272315603557,382,96
deep_slow,1,4,2.457050231851703,2.886858587761443,382,96
deep_slow,1,5,2.4257199329654267,2.8502610991680815,382,96
deep_slow,1,6,2.4004147124114468,2.825648857045757,382,96
deep_slow,1,7,2.3696003534999064,2.8015315615526655,382,96
deep_slow,1,8,2.341772233992102,2.77187965404189,382,96
deep_slow,1,9,2.3162068839272854,2.7445273663418623,382,96
deep_slow,1,10,2.294116491238787,2.715881815533236,382,96
deep_slow,1,11,2.269759904961227,2.694787373351749,382,96
deep_slow,1,12,2.242298563001823,2.668032893984729,382,96
deep_slow,1,13,2.218937917658645,2.645347734862823,382,96
deep_slow,1,14,2.194565027544879,2.6169533748266294,382,96
deep_slow,1,15,2.172582790213796,2.5958006414301327,382,96
deep_slow,1,16,2.1474617582450906,2.5768958013415126,382,96
deep_slow,1,17,2.1259719823807197,2.5640663410514546,382,96
deep_slow,1,18,2.102157414943261,2.5438565450569963,382,96
deep_slow,1,19,2.079581128504483,2.515378402216422,382,96
deep_slow,1,20,2.0577872149093746,2.490753210458397,382,96
deep_slow,1,21,2.034942989560213,2.466036739203928,382,96
deep_slow,1,22,2.014112575031053,2.448631538999524,382,96
deep_slow,1,23,1.9959715746004654,2.433083348221555,382,96
deep_slow,1,24,1.976509212011039,2.4116978268688674,382,96
deep_slow,1,25,1.955807576794252,2.3856087044560303,382,96
deep_slow,1,26,1.9391184766355478,2.3657473755497573,382,96
deep_slow,1,27,1.9160336877374744,2.3401437538354215,382,96
deep_slow,1,28,1.8969926474812113,2.319427305105678,382,96
deep_slow,1,29,1.8794867555137802,2.2996305103352226,382,96
deep_slow,1,30,1.8606147283454129,2.281414398789252,382,96
deep_slow,1,31,1.8433974552635766,2.264414038705312,382,96
deep_slow,1,32,1.8278536939422296,2.251071869669262,382,96
deep_slow,1,33,1.812884150515627,2.238685925040957,382,96
deep_slow,1,34,1.79537730631058,2.2199720585953258,382,96
deep_slow,1,35,1.7787045951917582,2.197969994697251,382,96
deep_slow,1,36,1.7667010763070634,2.1918231519447433,382,96
deep_slow,1,37,1.7507083135209394,2.1730332631438376,382,96
deep_slow,1,38,1.7369825850495548,2.1641390109550285,382,96
deep_slow,1,39,1.7231420037105947,2.155280345721209,382,96
deep_slow,1,40,1.7084728847480233,2.1406542335307566,382,96
deep_slow,1,41,1.6930814854511869,2.121286922183317,382,96
deep_slow,1,42,1.680844186765882,2.104612577010805,382,96
deep_slow,1,43,1.663975072948039,2.083395775177939,382,96
deep_slow,1,44,1.6517648127424058,2.076338625162159,382,96
deep_slow,1,45,1.6396824172050737,2.0652589727008777,382,96
deep_slow,1,46,1.6279073089867915,2.0523525088253973,382,96
deep_slow,1,47,1.6151901925352852,2.0421716895831987,382,96
deep_slow,1,48,1.601398322507262,2.0306318200351585,382,96
deep_slow,1,49,1.589929919342069,2.018705299094024,382,96
deep_slow,1,50,1.574020989694768,2.002330306177134,382,96
deep_slow,1,51,1.5602259024589147,1.986012602847045,382,96
deep_slow,1,52,1.5471272067973383,1.9750023824434584,382,96
deep_slow,1,53,1.5341441156306475,1.9674091509727176,382,96
deep_slow,1,54,1.526682418932161,1.958283983212885,382,96
deep_slow,1,55,1.5156658450808715,1.9474576935196188,382,96
deep_slow,1,56,1.5061669325298814,1.9400760206201881,382,96
deep_slow,1,57,1.496874466711439,1.9342839443008562,382,96
deep_slow,1,58,1.4877355726595953,1.928862301326986,382,96
deep_slow,1,59,1.4805680917365234,1.9179336042374164,382,96
deep_slow,1,60,1.4673260780257267,1.9045442029588753,382,96
deep_slow,1,61,1.456365652994291,1.8962213792972669,382,96
deep_slow,1,62,1.444511140114536,1.8846147708893817,382,96
deep_slow,1,63,1.4343153508123219,1.8786615532738116,382,96
deep_slow,1,64,1.4243911606651596,1.8659745037692153,382,96
deep_slow,1,65,1.4183235608968128,1.8582749857042098,382,96
deep_slow,1,66,1.4125953486897733,1.8532460505437658,382,96
deep_slow,1,67,1.4005401531498665,1.8386175216053253,382,96
deep_slow,1,68,1.3915871780646165,1.827792890607806,382,96
deep_slow,1,69,1.3817729149553888,1.8219215856371538,382,96
deep_slow,1,70,1.3714729072310845,1.8126338385811598,382,96
deep_slow,1,71,1.3641657268625287,1.807911214619599,382,96
deep_slow,1,72,1.3552813143801172,1.80215104480635,382,96
deep_slow,1,73,1.3469198341168982,1.794699746104436,382,96
deep_slow,1,74,1.3398021814939163,1.7926301601801593,382,96
deep_slow,1,75,1.3336354486368873,1.784848956997625,382,96
deep_slow,1,76,1.3256183924266396,1.775458073818795,382,96
deep_slow,1,77,1.3178049644631675,1.770549626116103,382,96
deep_slow,1,78,1.3127043572694186,1.7640727087475645,382,96
deep_slow,1,79,1.3061130516284973,1.7603012079104365,382,96
deep_slow,1,80,1.3012261834499466,1.759906196617821,382,96
deep_slow,1,81,1.2943293020514732,1.7514142057573456,382,96
deep_slow,1,82,1.288270189274871,1.7492453319537014,382,96
deep_slow,1,83,1.2795181740346924,1.739373370004442,382,96
deep_slow,1,84,1.273830026248593,1.734152104690993,382,96
deep_slow,1,85,1.2661035783533274,1.7263132578460216,382,96
deep_slow,1,86,1.2597911511490838,1.722820930334148,382,96
deep_slow,1,87,1.2536748917972536,1.719109789942938,382,96
deep_slow,1,88,1.2478161188197894,1.7139762476073916,382,96
deep_slow,1,89,1.2410692960945076,1.709497224153997,382,96
deep_slow,1,90,1.2359622132040127,1.7062445960314954,382,96
deep_slow,1,91,1.2294295811290366,1.698792987783354,382,96
deep_slow,1,92,1.2235992135024234,1.6926175120309996,382,96
deep_slow,1,93,1.2193898363272822,1.6874057154995716,382,96
deep_slow,1,94,1.2130133542242059,1.680092801388562,382,96
deep_slow,1,95,1.2072878888474363,1.6769178530362412,382,96
deep_slow,1,96,1.202659414781644,1.671433598586396,382,96
deep_slow,1,97,1.195812874492317,1.6693440780281161,382,96
deep_slow,1,98,1.1887937516669773,1.6636566876750698,382,96
deep_slow,1,99,1.1832477952788605,1.6585828359461965,382,96
deep_slow,1,100,1.1758023590669247,1.6531277534589846,382,96
deep_slow,1,101,1.167784391715273,1.651506104682934,382,96
deep_slow,1,102,1.1620667318914022,1.6461722017171876,382,96
deep_slow,1,103,1.1561928402670427,1.6405843049275093,382,96
deep_slow,1,104,1.1506044294292443,1.6357552339690713,382,96
deep_slow,1,105,1.1459072141152566,1.6303006235978288,382,96
deep_slow,1,106,1.1389673973586978,1.6303559078812144,382,96
deep_slow,1,107,1.1361017922301224,1.6304369110930836,382,96
deep_slow,1,108,1.1310873712959715,1.627313613501618,382,96
deep_slow,1,109,1.127704829366259,1.6234475473028203,382,96
deep_slow,1,110,1.1225455686880865,1.621935056190566,382,96
deep_slow,1,111,1.1178451398839193,1.617743577632099,382,96
deep_slow,1,112,1.112755178931126,1.6151484622343313,382,96
deep_slow,1,113,1.1078350017881344,1.6102478091778405,382,96
deep_slow,1,114,1.1030268853189595,1.608762720404568,382,96
deep_slow,1,115,1.0973585968951278,1.6050636608379962,382,96
deep_slow,1,116,1.0936457313226258,1.6022090181690305,382,96
deep_slow,1,117,1.0906939522481576,1.6001619463063923,382,96
deep_slow,1,118,1.0864616452219389,1.5975507469288988,382,96
deep_slow,1,119,1.082799029017714,1.595014658151841,382,96
deep_slow,1,120,1.0778499841275706,1.5900745168395056,382,96
deep_slow,1,121,1.0738218626886016,1.5872709060130152,382,96
deep_slow,1,122,1.0678142751248207,1.5829215117794473,382,96
deep_slow,1,123,1.064519062935511,1.5786652340515868,382,96
deep_slow,1,124,1.0628363143091573,1.578678343737351,382,96
deep_slow,1,125,1.0611171081660642,1.578590213669732,382,96
deep_slow,1,126,1.0551998180112778,1.5765300317509312,382,96
deep_slow,1,127,1.0512871359324982,1.5750430048248512,382,96
deep_slow,1,128,1.0471963162566973,1.5700740865537426,382,96
deep_slow,1,129,1.0443038802026108,1.565212112214492,382,96
deep_slow,1,130,1.0390430853602552,1.5645664278997944,382,96
deep_slow,1,131,1.0356033313485247,1.5623099969015337,382,96
deep_slow,1,132,1.0329107051511273,1.5613757858605763,382,96
deep_slow,1,133,1.0299113983197117,1.5599705226326805,382,96
deep_slow,1,134,1.0258613678464719,1.5561562945121568,382,96
deep_slow,1,135,1.0221774314754997,1.5553984040133533,382,96
deep_slow,1,136,1.0202157404956833,1.5552292230315294,382,96
deep_slow,1,137,1.0156290518342996,1.5545883335116406,382,96
deep_slow,1,138,1.012383391560867,1.5525182535507338,382,96
deep_slow,1,139,1.010366405493291,1.5523861206235088,382,96
deep_slow,1,140,1.0053386950897591,1.5495118581417275,382,96
deep_slow,1,141,1.0040584990234844,1.5493162231474404,382,96
deep_slow,1,142,0.9999328266964238,1.5478457331471214,382,96
deep_slow,1,143,0.9961440126569869,1.545487039500681,382,96
deep_slow,1,144,0.991771469871616,1.5422239836527913,382,96
deep_slow,1,145,0.9896789168418437,1.5412807157962247,382,96
deep_slow,1,146,0.9871528002887776,1.5406593678314988,382,96
deep_slow,1,147,0.9857855172593541,1.5405453044301167,382,96
deep_slow,1,148,0.981820507122436,1.5389225592401494,382,96
deep_slow,1,149,0.9800124970575046,1.5382139983451788,382,96
deep_slow,1,150,0.9780225075638251,1.5366085669296456,382,96
deep_slow,1,151,0.9746005392427703,1.533868301144449,382,96
deep_slow,1,152,0.9704006735827618,1.5313882173998032,382,96
deep_slow,1,153,0.967853797270288,1.5317050658517306,382,96
deep_slow,1,154,0.9637390482941971,1.5281176727953298,382,96
deep_slow,1,155,0.9612712811877572,1.5267023836788598,382,96
deep_slow,1,156,0.9580575315769426,1.523984060414224,382,96
deep_slow,1,157,0.952362563242173,1.5191730218229973,382,96
deep_slow,1,158,0.9486852295006547,1.5179825386140648,382,96
deep_slow,1,159,0.9459712097768131,1.5168544741242787,382,96
deep_slow,1,160,0.9439690324662436,1.5167008835517202,382,96
deep_slow,1,161,0.9412421132714012,1.513937954359674,382,96
deep_slow,1,162,0.9395885670836546,1.5142375587828205,382,96
deep_slow,1,163,0.9375170175388614,1.5138297842160442,382,96
deep_slow,1,164,0.9361126538290144,1.5125490110000896,382,96
deep_slow,1,165,0.9324959741831721,1.509998158111281,382,96
deep_slow,1,166,0.929659826277188,1.5094275237832133,382,96
deep_slow,1,167,0.9261263777465981,1.5053722201385837,382,96
deep_slow,1,168,0.923024489090354,1.5028611685586928,382,96
deep_slow,1,169,0.920883952258321,1.5011824689103046,382,96
deep_slow,1,170,0.9172649072407928,1.5007157751082694,382,96
deep_slow,1,171,0.9143988254652081,1.5009127285766928,382,96
deep_slow,1,172,0.9120590913719557,1.5002398720337624,382,96
deep_slow,1,173,0.9092804089461318,1.4993486459774856,382,96
deep_slow,1,174,0.9077325782865941,1.4984644119362036,382,96
deep_slow,1,175,0.9056475196590028,1.4972545867102953,382,96
deep_slow,1,176,0.9032352042299235,1.4956376450682052,382,96
deep_slow,1,177,0.901024681080167,1.49576894682796,382,96
deep_slow,1,178,0.8974909400455557,1.4934445709427202,382,96
deep_slow,1,179,0.8950573729771109,1.4921414350585067,382,96
deep_slow,1,180,0.8919362909001173,1.491991155410861,382,96
deep_slow,1,181,0.8895584042441408,1.490427520015522,382,96
deep_slow,1,182,0.8878289373975569,1.4914183149355866,382,96
deep_slow,1,183,0.8861571395132728,1.490601298677219,382,96
deep_slow,1,184,0.8834861724776646,1.4896707036725767,382,96
deep_slow,1,185,0.8816426453940465,1.4884710161963381,382,96
deep_slow,1,186,0.878366273659472,1.4867818380635682,382,96
deep_slow,1,187,0.8763356879774433,1.485068646298701,382,96
deep_slow,1,188,0.8731688197452548,1.4827327074641854,382,96
deep_slow,1,189,0.8712973823968814,1.4816861429627461,382,96
deep_slow,1,190,0.8691842544558536,1.4802622034958384,382,96
deep_slow,1,191,0.8670434636627545,1.4788615760901458,382,96
deep_slow,1,192,0.8652479845924171,1.4784324324491267,382,96
deep_slow,1,193,0.8618162036877811,1.4794540831545073,382,96
deep_slow,1,194,0.8595138636955434,1.4793483938139296,382,96
deep_slow,1,195,0.8580870144435263,1.4785049366101013,382,96
deep_slow,1,196,0.856472693037411,1.477700685517479,382,96
deep_slow,1,197,0.8545145621788828,1.4768175431901995,382,96
deep_slow,1,198,0.8532320753840824,1.4767284689007774,382,96
deep_slow,1,199,0.8496914290438017,1.4745567184916553,382,96
deep_slow,1,200,0.8464250104751202,1.4718857422570106,382,96
deep_slow,1,201,0.8441771475568086,1.470055701956996,382,96
deep_slow,1,202,0.8424982955910584,1.4691433711086856,382,96
deep_slow,1,203,0.8402471518105822,1.4684943341653887,382,96
deep_slow,1,204,0.8386841900585214,1.4663215104517322,382,96
deep_slow,1,205,0.8357122870095839,1.4647853895591305,382,96
deep_slow,1,206,0.8327380808548608,1.4630556433009592,382,96
deep_slow,1,207,0.8300257523660622,1.4621843337062133,382,96
deep_slow,1,208,0.827960982377365,1.462158149537588,382,96
deep_slow,1,209,0.8272061088994689,1.4619458914456793,382,96
deep_slow,1,210,0.8254470364577743,1.460370901351696,382,96
deep_slow,1,211,0.8222200303084987,1.4597676270394138,382,96
deep_slow,1,212,0.8210136482346124,1.459786420971502,382,96
deep_slow,1,213,0.8184993185194445,1.45893084257899,382,96
deep_slow,1,214,0.8164731303756808,1.4589242243103826,382,96
deep_slow,1,215,0.8152999020066102,1.458619184515424,382,96
deep_slow,1,216,0.8132285285472357,1.4572494479666827,382,96
deep_slow,1,217,0.8126979503576478,1.4573085516467394,382,96
deep_slow,1,218,0.8101281379148645,1.456294856908613,382,96
deep_slow,1,219,0.807827446062651,1.4566198821754381,382,96
deep_slow,1,220,0.8070318439545773,1.45678686207169,382,96
deep_slow,1,221,0.8063125687836061,1.4561085545130217,382,96
deep_slow,1,222,0.8049145937715422,1.4556982087237362,382,96
deep_slow,1,223,0.8030254669283305,1.4555144580318196,382,96
deep_slow,1,224,0.799712365747764,1.4545264398767523,382,96
deep_slow,1,225,0.7978626634492502,1.4547360517789063,382,96
deep_slow,1,226,0.7960146071323654,1.4528614463586562,382,96
deep_slow,1,227,0.7940196400952344,1.4508093177418313,382,96
deep_slow,1,228,0.791744475792159,1.4507598130045436,382,96
deep_slow,1,229,0.7893871620847173,1.4502770178108915,382,96
deep_slow,1,230,0.78832889368162,1.4495817611830404,382,96
deep_slow,1,231,0.787288280716679,1.4495943546480348,382,96
deep_slow,1,232,0.7854653671832921,1.4494006438216822,382,96
deep_slow,1,233,0.7829557852132862,1.449679400272835,382,96
deep_slow,1,234,0.7808487094040291,1.4497378676036972,382,96
deep_slow,1,235,0.7791608682281209,1.4491061495492548,382,96
deep_slow,1,236,0.7770161233608864,1.4491758410397386,382,96
deep_slow,1,237,0.7750138834026475,1.4491511621880484,382,96
deep_slow,1,238,0.7740163252641131,1.4490509172427377,382,96
deep_slow,1,239,0.771418047016213,1.449910073821074,382,96
deep_slow,1,240,0.770252257837859,1.4492887103686567,382,96
deep_slow,1,241,0.7691621280091554,1.4494711553497786,382,96
deep_slow,1,242,0.7679044479723746,1.4490359420434158,382,96
deep_slow,1,243,0.7664046973564763,1.4483578719574104,382,96
deep_slow,1,244,0.7642524235064452,1.4481958813762867,382,96
deep_slow,1,245,0.7626211434963633,1.4486776611724332,382,96
deep_slow,1,246,0.7604756211342848,1.44775697553501,382,96
deep_slow,1,247,0.758618209108441,1.4465573376238399,382,96
deep_slow,1,248,0.7569100650456415,1.4471987703217963,382,96
deep_slow,1,249,0.754595132657481,1.44778455141095,382,96
deep_slow,1,250,0.7529993982585579,1.447100149796416,382,96
deep_slow,1,251,0.751838500236512,1.4469827697185567,382,96
deep_slow,1,252,0.7504679605476896,1.446201888673806,382,96
deep_slow,1,253,0.7486271472874435,1.4468482271893341,382,96
deep_slow,1,254,0.7470332713581622,1.4459290063769326,382,96
deep_slow,1,255,0.745432508284579,1.4460268344094884,382,96
deep_slow,1,256,0.7444020801304378,1.4452465806545132,382,96
deep_slow,1,257,0.743556317455954,1.4444594822649754,382,96
deep_slow,1,258,0.7427634992307258,1.4440881099059169,382,96
deep_slow,1,259,0.7402976802389151,1.4444062901130752,382,96
deep_slow,1,260,0.7384817766569525,1.4435179007798937,382,96
deep_slow,1,261,0.7372730818755238,1.4436097272825401,382,96
deep_slow,1,262,0.7366150354588543,1.4434088682899509,382,96
deep_slow,1,263,0.7358307428783463,1.442822669598032,382,96
deep_slow,1,264,0.7339216250372237,1.4419802108356636,382,96
deep_slow,1,265,0.732479213641222,1.4416632969811791,382,96
deep_slow,1,266,0.7302787269511967,1.441939326040824,382,96
deep_slow,1,267,0.7282490737637252,1.4425534242782292,382,96
deep_slow,1,268,0.726310371787412,1.4419788527671233,382,96
deep_slow,1,269,0.7251047869928736,1.4404952385175507,382,96
deep_slow,1,270,0.7226313643765611,1.4395587529264864,382,96
deep_slow,1,271,0.7215905471920281,1.439116817088466,382,96
deep_slow,1,272,0.7198728427625276,1.4385694551580934,382,96
deep_slow,1,273,0.7180627295532485,1.4383274918465772,382,96
deep_slow,1,274,0.7165213084061272,1.4384504829335447,382,96
deep_slow,1,275,0.7160616214750096,1.4382529385621616,382,96
deep_slow,1,276,0.714365103662021,1.4377876324207315,382,96
deep_slow,1,277,0.7132281074381022,1.4379095492634353,382,96
deep_slow,1,278,0.7114197129814237,1.4384479497424274,382,96
deep_slow,1,279,0.7101106782061312,1.4376135454904386,382,96
deep_slow,1,280,0.7078374056958214,1.4375135525181295,382,96
deep_slow,1,281,0.7063107525622091,1.4375797800351027,382,96
deep_slow,1,282,0.7050745359203793,1.4373138753281465,382,96
deep_slow,1,283,0.7033462334877831,1.4367581474975217,382,96
deep_slow,1,284,0.7013141728986376,1.4363298837693923,382,96
deep_slow,1,285,0.7005011983005697,1.4362224072296235,382,96
deep_slow,1,286,0.6989569152702844,1.4359514810912928,382,96
deep_slow,1,287,0.6974217588420021,1.4352701474907565,382,96
deep_slow,1,288,0.695509528674706,1.4358117455619772,382,96
deep_slow,1,289,0.6937484990239055,1.433512960167167,382,96
deep_slow,1,290,0.6923970578594653,1.4333761911884335,382,96
deep_slow,1,291,0.6909714211042537,1.4337102727077717,382,96
deep_slow,1,292,0.6893420163414395,1.4333961383556122,382,96
deep_slow,1,293,0.6880701390399345,1.4333725060405043,382,96
deep_slow,1,294,0.6874424185146221,1.4332473277982352,382,96
deep_slow,1,295,0.6865204013443803,1.4330242732814769,382,96
deep_slow,1,296,0.684795715169411,1.432681614587957,382,96
deep_slow,1,297,0.6840234025931637,1.4322177879479592,382,96
deep_slow,1,298,0.6831937986328527,1.432124845957196,382,96
deep_slow,1,299,0.681983989645623,1.4315935885227522,382,96
deep_slow,1,300,0.6812407796602753,1.4314458713691873,382,96
deep_slow,1,301,0.6788744295571792,1.4311483280235455,382,96
deep_slow,1,302,0.6778106930501038,1.4313519606052898,382,96
deep_slow,1,303,0.6758660571377758,1.4303993851262167,382,96
deep_slow,1,304,0.6740752394199971,1.4293110910698852,382,96
deep_slow,1,305,0.6735677595146311,1.428905618780817,382,96
deep_slow,1,306,0.6727511909117078,1.429150347358599,382,96
deep_slow,1,307,0.6702394384198689,1.4300001644783356,382,96
deep_slow,1,308,0.6676533497906425,1.4297599593834913,382,96
deep_slow,1,309,0.6664808114881728,1.4286400574239002,382,96
deep_slow,1,310,0.6649862636257889,1.4287464477754903,382,96
deep_slow,1,311,0.6644201203405916,1.428685029959118,382,96
deep_slow,1,312,0.6632885552169475,1.4285989226632096,382,96
deep_slow,1,313,0.6629090636380884,1.4282710822686322,382,96
deep_slow,1,314,0.6608723937242886,1.4285365149549898,382,96
deep_slow,1,315,0.6598027466704489,1.4278267827966127,382,96
deep_slow,1,316,0.6594337505975187,1.4274017753411157,382,96
deep_slow,1,317,0.658097338702629,1.4273516894858804,382,96
deep_slow,1,318,0.6569906371081637,1.4273453376442637,382,96
deep_slow,1,319,0.6558620145441304,1.4273317222750765,382,96
deep_slow,1,320,0.6554748082476544,1.4266205692770775,382,96
deep_slow,1,321,0.6533614792537983,1.4257313973271246,382,96
deep_slow,1,322,0.6527180060483828,1.4258429899876173,382,96
deep_slow,1,323,0.6517477308552738,1.4269230014810415,382,96
deep_slow,1,324,0.649412944220251,1.4263733747010825,382,96
deep_slow,1,325,0.6482445037329818,1.4258362603975043,382,96
deep_slow,1,326,0.6465977494794367,1.4256687725586878,382,96
deep_slow,1,327,0.6444962405813606,1.425959601280638,382,96
deep_slow,1,328,0.6427842068675367,1.425885422861735,382,96
deep_slow,1,329,0.6417116976794097,1.425603114813001,382,96
deep_slow,1,330,0.6411114196389617,1.4256377423340039,382,96
deep_slow,1,331,0.6397300930448003,1.4243855395636773,382,96
deep_slow,1,332,0.6385474886337397,1.4227738519955644,382,96
deep_slow,1,333,0.6381324447069469,1.4223119518072223,382,96
deep_slow,1,334,0.6368654245475647,1.422483393875001,382,96
deep_slow,1,335,0.6354696657973907,1.422513419059539,382,96
deep_slow,1,336,0.6343561360345106,1.4221425186067604,382,96
deep_slow,1,337,0.6333687975030576,1.4220350107854343,382,96
deep_slow,1,338,0.6322451336563841,1.4215247836083476,382,96
deep_slow,1,339,0.631578496932043,1.4214876387391264,382,96
deep_slow,1,340,0.6312403015977515,1.4209476510297505,382,96
deep_slow,1,341,0.6297710376897137,1.421410174108063,382,96
deep_slow,1,342,0.6289228184691178,1.4214687390467002,382,96
deep_slow,1,343,0.6271153969972031,1.420853907467886,382,96
deep_slow,1,344,0.6256398758105498,1.420687025914578,382,96
deep_slow,1,345,0.6253197411618088,1.4203416030114109,382,96
deep_slow,1,346,0.6241458609205088,1.4212815268771086,382,96
deep_slow,1,347,0.6236773900514524,1.421344691271699,382,96
deep_slow,1,348,0.6225073369224848,1.4213559419981734,382,96
deep_slow,1,349,0.6221520613789434,1.4209468169890132,382,96
deep_slow,1,350,0.6209648137377497,1.4207589515668873,382,96
deep_slow,1,351,0.6200762341036313,1.4206389087331557,382,96
deep_slow,1,352,0.6183503663042841,1.4202643466968066,382,96
deep_slow,1,353,0.6179620141418041,1.419743115862598,382,96
deep_slow,1,354,0.6176396334493497,1.4197331489284277,382,96
deep_slow,1,355,0.6173543379323843,1.419404451160261,382,96
deep_slow,1,356,0.6161912128656976,1.4195187273264773,382,96
deep_slow,1,357,0.6154440336793593,1.4191685531462936,382,96
deep_slow,1,358,0.6142665008730466,1.4176889516462672,382,96
deep_slow,1,359,0.6139425486909255,1.4174700549093386,382,96
deep_slow,1,360,0.6130754675408372,1.416671703436405,382,96
deep_slow,1,361,0.611895676419348,1.416059104984769,382,96
deep_slow,1,362,0.6102458754334971,1.4161896150896947,382,96
deep_slow,1,363,0.6088104693369388,1.41610097747766,382,96
deep_slow,1,364,0.6080348884261351,1.415820820526739,382,96
deep_slow,1,365,0.6071599364565152,1.4158354020413415,382,96
deep_slow,1,366,0.6059144305321292,1.415429495740313,382,96
deep_slow,1,367,0.6045845967002837,1.4146522424222199,382,96
deep_slow,1,368,0.6034537292874584,1.4145259164370958,382,96
deep_slow,1,369,0.6016896214370365,1.4138978488582574,382,96
deep_slow,1,370,0.6008636484163589,1.413122797330865,382,96
deep_slow,1,371,0.5997115684067935,1.4124083459953085,382,96
deep_slow,1,372,0.5994055319130183,1.4121434580806718,382,96
deep_slow,1,373,0.599030111631907,1.41185130292654,382,96
deep_slow,1,374,0.5986582784819309,1.411927606526268,382,96
deep_slow,1,375,0.5983654281643966,1.4119668902728086,382,96
deep_slow,1,376,0.5980859005616441,1.411899348406036,382,96
deep_slow,1,377,0.5966223747286513,1.41122312988087,382,96
deep_slow,1,378,0.5959709650518487,1.4112020002081391,382,96
deep_slow,1,379,0.5946416582346543,1.4108870863837235,382,96
deep_slow,1,380,0.5943613801231734,1.4110386465496272,382,96
deep_slow,1,381,0.5937306961645046,1.4110902708183473,382,96
deep_slow,1,382,0.5934435378814974,1.4108575755675246,382,96
deep_slow,1,383,0.593226041936755,1.4106326309876154,382,96
deep_slow,1,384,0.5917960254932105,1.4108225327963346,382,96
deep_slow,1,385,0.5912255884026352,1.4105151627620591,382,96
deep_slow,1,386,0.5904169779346186,1.409924956859266,382,96
deep_slow,1,387,0.5891866776628698,1.4096496493497988,382,96
deep_slow,1,388,0.5888313101086682,1.40977209059211,382,96
deep_slow,1,389,0.5878981708530137,1.4101872438469025,382,96
deep_slow,1,390,0.5876318095217705,1.4105847607904443,382,96
deep_slow,1,391,0.587357226480644,1.4106757265241345,382,96
deep_slow,1,392,0.5870665799475027,1.4106953570072218,382,96
deep_slow,1,393,0.5867537270532732,1.4107421354850205,382,96
deep_slow,1,394,0.5864168415694047,1.4108200678458875,382,96
deep_slow,1,395,0.5857116387622588,1.4107598335791331,382,96
deep_slow,1,396,0.5850697240575784,1.4099420594281578,382,96
deep_slow,1,397,0.584418269057589,1.4099571508835644,382,96
deep_slow,1,398,0.5841182297651583,1.410002228667821,382,96
deep_slow,1,399,0.5838412228310698,1.4100376127500591,382,96
deep_slow,1,400,0.5836364053644244,1.4102066103821087,382,96
deep_slow,1,401,0.5833900331063261,1.4100494302595874,382,96
deep_slow,1,402,0.5831445535871058,1.4099311956568328,382,96
deep_slow,1,403,0.5829580358693742,1.4100197152420477,382,96
deep_slow,1,404,0.5826880592146717,1.4102594115410783,382,96
deep_slow,1,405,0.5821551575067493,1.410327476384499,382,96
deep_slow,1,406,0.5816178551110918,1.4102075160103125,382,96
deep_slow,1,407,0.5813454307841512,1.4105080716532614,382,96
deep_slow,1,408,0.5810569517276657,1.4105847317552167,382,96
deep_slow,1,409,0.5808038894235673,1.4104820096513586,382,96
deep_slow,1,410,0.5805526488077069,1.4105312267980608,382,96
deep_slow,1,411,0.5803002364974109,1.4102862156376055,382,96
deep_slow,1,412,0.5800405566729224,1.410376486522309,382,96
deep_slow,1,413,0.5798212049408106,1.4102584297121312,382,96
deep_slow,1,414,0.5795153521819788,1.4104784145236469,382,96
deep_slow,1,415,0.5790957384463263,1.4105915906584503,382,96
deep_slow,1,416,0.5782471561537283,1.4101699931223481,382,96
deep_slow,1,417,0.5779950552636819,1.4102774808363583,382,96
deep_slow,1,418,0.5777424980085795,1.4103709289882922,382,96
deep_slow,1,419,0.5769135437049535,1.410607687014099,382,96
deep_slow,1,420,0.5761989874711184,1.4100470758347448,382,96
deep_slow,1,421,0.5759093005766268,1.4100415301534182,382,96
deep_slow,1,422,0.5757173964278411,1.4099385565589726,382,96
deep_slow,1,423,0.5754935059423305,1.4097543470305691,382,96
deep_slow,1,424,0.5753148163427524,1.4097375910875978,382,96
deep_slow,1,425,0.5751929027703774,1.4098779834108286,382,96
deep_slow,1,426,0.5749679317307004,1.410218136109264,382,96
deep_slow,1,427,0.5742356524342708,1.4099052493817346,382,96
deep_slow,1,428,0.573420367817103,1.4094845943533854,382,96
deep_slow,1,429,0.5726804324750174,1.4093506304727397,382,96
deep_slow,1,430,0.5725260223917631,1.4093688093084633,382,96
deep_slow,1,431,0.5718761775146277,1.409287824765733,382,96
deep_slow,1,432,0.5707948127322258,1.4081790616258816,382,96
deep_slow,1,433,0.5697764260589605,1.4083661891141552,382,96
deep_slow,1,434,0.5695672409737993,1.4084815980439351,382,96
deep_slow,1,435,0.5690750253889407,1.4083155932748321,382,96
deep_slow,1,436,0.5684702876186883,1.4082994078263744,382,96
deep_slow,1,437,0.5672509772629045,1.4085915509191163,382,96
deep_slow,1,438,0.5663390150925913,1.4086172408721895,382,96
deep_slow,1,439,0.5656992445563599,1.408456509532842,382,96
deep_slow,1,440,0.5655216904011993,1.4085856371778354,382,96
deep_slow,1,441,0.5653399148407247,1.4085681772142986,382,96
deep_slow,1,442,0.5643821389584988,1.4086270727857448,382,96
deep_slow,1,443,0.5642061226425434,1.4083598626164269,382,96
deep_slow,1,444,0.5634829127789315,1.4079409124703257,382,96
deep_slow,1,445,0.5624962851471563,1.407441382169392,382,96
deep_slow,1,446,0.561194747664185,1.4072718151920807,382,96
deep_slow,1,447,0.5599095039881076,1.4066548995821813,382,96
deep_slow,1,448,0.5589229604482545,1.4061152645803734,382,96
deep_slow,1,449,0.5581108925753957,1.4055798458359074,382,96
deep_slow,1,450,0.5571845117796933,1.40525848807947,382,96
deep_slow,1,451,0.5561108187805858,1.4048910406168003,382,96
deep_slow,1,452,0.5555712342456673,1.4050430074771945,382,96
deep_slow,1,453,0.5551327177660309,1.4053503201065358,382,96
deep_slow,1,454,0.5548632453173682,1.4052842960069505,382,96
deep_slow,1,455,0.5546687107115891,1.4052042127619737,382,96
deep_slow,1,456,0.554498712175579,1.405486673097323,382,96
deep_slow,1,457,0.5536108453215599,1.4059447953816628,382,96
deep_slow,1,458,0.5534745448939717,1.4061425558170668,382,96
deep_slow,1,459,0.5528794111139764,1.4059171920051172,382,96
deep_slow,1,460,0.552685913819588,1.4057748467248787,382,96
deep_slow,1,461,0.5520930299457565,1.4056703660398404,382,96
deep_slow,1,462,0.5516132564767707,1.4050747153799115,382,96
deep_slow,1,463,0.5514079233109329,1.4051637660605851,382,96
deep_slow,1,464,0.5507635618233225,1.4049264559535268,382,96
deep_slow,1,465,0.550615437108752,1.404737887440256,382,96
deep_slow,1,466,0.5503389605455539,1.4045970456878307,382,96
deep_slow,1,467,0.5499260139651461,1.4048898552809297,382,96
deep_slow,1,468,0.5490887124912133,1.4044148497277242,382,96
deep_slow,1,469,0.5479297902120486,1.4038055246106727,382,96
deep_slow,1,470,0.5473412623526273,1.4035991032365183,382,96
deep_slow,1,471,0.5471560789763447,1.4035151143494486,382,96
deep_slow,1,472,0.5469538497719857,1.4031801550318577,382,96
deep_slow,1,473,0.5462025246602168,1.4031252080699024,382,96
deep_slow,1,474,0.5454371966993479,1.4025647554752831,382,96
deep_slow,1,475,0.5449661126494726,1.4022915768822262,382,96
deep_slow,1,476,0.5440951918503493,1.402185834544791,382,96
deep_slow,1,477,0.5436230682011471,1.4022281754182646,382,96
deep_slow,1,478,0.5428601163176097,1.4018443649818053,382,96
deep_slow,1,479,0.5427724582200073,1.4020268596324132,382,96
deep_slow,1,480,0.5423067479935872,1.402018712785843,382,96
deep_slow,1,481,0.5414497403577306,1.4018566921607158,382,96
deep_slow,1,482,0.5412617319482576,1.4018751883435703,382,96
deep_slow,1,483,0.540187215831526,1.40183157772884,382,96
deep_slow,1,484,0.5399615239995496,1.4017033003851316,382,96
deep_slow,1,485,0.5398858045102244,1.4019579272520524,382,96
deep_slow,1,486,0.5391605999029927,1.401445616808981,382,96
deep_slow,1,487,0.538521673490309,1.401033158961986,382,96
deep_slow,1,488,0.5375439046134671,1.4009351653435094,382,96
deep_slow,1,489,0.536936726415482,1.4006590724232195,382,96
deep_slow,1,490,0.5367817982255731,1.400544705889652,382,96
deep_slow,1,491,0.5361262423312964,1.401423002661544,382,96
deep_slow,1,492,0.5354766901957109,1.4011961423462205,382,96
deep_slow,1,493,0.5352866203028774,1.4013609560611544,382,96
deep_slow,1,494,0.534917296660747,1.4012426022102331,382,96
deep_slow,1,495,0.534123115510792,1.401255660277665,382,96
deep_slow,1,496,0.5337056112780001,1.401319945650193,382,96
deep_slow,1,497,0.5330544116130371,1.4007698401496411,382,96
deep_slow,1,498,0.5329713034147774,1.4008590852345995,382,96
deep_slow,1,499,0.5322492904805016,1.4008395240385139,382,96
deep_slow,1,500,0.5317400626971125,1.4007527624578433,382,96
deep_slow,1,501,0.5311474039419991,1.4007400530463427,382,96
deep_slow,1,502,0.5310005410691329,1.4006884275179936,382,96
deep_slow,1,503,0.5305700148645517,1.4007815772776053,382,96
deep_slow,1,504,0.5300725532226591,1.4005742103795982,382,96
deep_slow,1,505,0.5293174079857854,1.4006675383789449,382,96
deep_slow,1,506,0.5291692988172035,1.400698404791136,382,96
deep_slow,1,507,0.5284154974816212,1.400720998921944,382,96
deep_slow,1,508,0.5276218823427802,1.4005103284235287,382,96
deep_slow,1,509,0.5269400027858422,1.4009345389677794,382,96
deep_slow,1,510,0.5267298606180107,1.4010958128312954,382,96
deep_slow,1,511,0.5258884455001933,1.4004179522030102,382,96
deep_slow,1,512,0.5255173526463133,1.4004884784928209,382,96
deep_slow,1,513,0.5245879527039373,1.400487978850162,382,96
deep_slow,1,514,0.5241319863605827,1.4002756604577749,382,96
deep_slow,1,515,0.5235897267391265,1.4003104533281385,382,96
deep_slow,1,516,0.5230975828769788,1.4006947197918995,382,96
deep_slow,1,517,0.5225805676500533,1.4007785395605403,382,96
deep_slow,1,518,0.5220179627138446,1.400901759163484,382,96
deep_slow,1,519,0.5218179202051844,1.400820314456469,382,96
deep_slow,1,520,0.5211330161485755,1.4007034449854274,382,96
deep_slow,1,521,0.5206140953918702,1.4007116608927932,382,96
deep_slow,1,522,0.5199721135150784,1.4005686232660224,382,96
deep_slow,1,523,0.5193982496819675,1.3997489272034935,382,96
deep_slow,1,524,0.5182738919273902,1.399755066052414,382,96
deep_slow,1,525,0.5177789935499577,1.3997381919623055,382,96
deep_slow,1,526,0.5168902238355163,1.3999577721234095,382,96
deep_slow,1,527,0.5164594400288361,1.400011425737209,382,96
deep_slow,1,528,0.5162427715245109,1.3999315850516436,382,96
deep_slow,1,529,0.5157010584141982,1.3995214348926412,382,96
deep_slow,1,530,0.5150783739097011,1.399739153287419,382,96
deep_slow,1,531,0.5149798795239723,1.4000079446119418,382,96
deep_slow,1,532,0.5145720026601045,1.3996088196996255,382,96
deep_slow,1,533,0.5139836177261358,1.3995048068060951,382,96
deep_slow,1,534,0.5134077116294851,1.3995210726225413,382,96
deep_slow,1,535,0.5129750126084319,1.3998247018378436,382,96
deep_slow,1,536,0.5124798668253058,1.4001768580626661,382,96
deep_slow,1,537,0.5123231957294285,1.4000696327541164,382,96
deep_slow,1,538,0.5117228083658847,1.4003696515798723,382,96
deep_slow,1,539,0.5116035817380145,1.4002718557251164,382,96
deep_slow,1,540,0.5113779082667064,1.3999389225213457,382,96
deep_slow,1,541,0.5110578319505705,1.3997967277667538,382,96
deep_slow,1,542,0.51071595264511,1.3996545646686236,382,96
deep_slow,1,543,0.5105466201548255,1.3997577130223826,382,96
deep_slow,1,544,0.5101086164652673,1.3996393896788883,382,96
deep_slow,1,545,0.509397172619899,1.3996677473876167,382,96
deep_slow,1,546,0.5088788325854059,1.39876250271052,382,96
deep_slow,1,547,0.508598179037907,1.3985328375415127,382,96
deep_slow,1,548,0.5084216522317486,1.398394698939785,382,96
deep_slow,1,549,0.5079753247624631,1.3984974427619756,382,96
deep_slow,1,550,0.5076696653728845,1.3982823192348561,382,96
deep_slow,1,551,0.5072338315568259,1.398065147612859,382,96
deep_slow,1,552,0.5067832244380154,1.3981153160100057,382,96
deep_slow,1,553,0.5067201541959887,1.3982506167112312,382,96
deep_slow,1,554,0.5062098778556999,1.3982215033231478,382,96
deep_slow,1,555,0.5058177353696484,1.39786149043935,382,96
deep_slow,1,556,0.5055361391232898,1.397744250475808,382,96
deep_slow,1,557,0.5050869159687497,1.3974955131499387,382,96
deep_slow,1,558,0.5049575585169024,1.397408054340672,382,96
deep_slow,1,559,0.5048042655836572,1.3974897624053968,382,96
deep_slow,1,560,0.5044604961037984,1.397837770620857,382,96
deep_slow,1,561,0.504217778691344,1.3979193956467648,382,96
deep_slow,1,562,0.5037328981327943,1.3980418849143352,382,96
deep_slow,1,563,0.5036188135270223,1.3978938448856766,382,96
deep_slow,1,564,0.5032722372209592,1.3977498418255168,382,96
deep_slow,1,565,0.5029256855734024,1.3975119251082095,382,96
deep_slow,1,566,0.5028002544780213,1.3976137552677803,382,96
deep_slow,1,567,0.502548124253583,1.397615637504701,382,96
deep_slow,1,568,0.5024437979539843,1.3975323868841523,382,96
deep_slow,1,569,0.5019252527979234,1.3972239465863312,382,96
deep_slow,1,570,0.5015173011478153,1.3971852353203438,382,96
deep_slow,1,571,0.5008196601335909,1.3972342499500736,382,96
deep_slow,1,572,0.5007268292295777,1.3972696916426925,382,96
deep_slow,1,573,0.5005804646442056,1.3972429517371516,382,96
deep_slow,1,574,0.500230874869631,1.3972042359751435,382,96
deep_slow,1,575,0.5000610119117301,1.3970499960198846,382,96
deep_slow,1,576,0.4996042165734715,1.3965816485487734,382,96
deep_slow,1,577,0.4993106093978506,1.3966113017594477,382,96
deep_slow,1,578,0.4991823234008576,1.396468941757137,382,96
deep_slow,1,579,0.4986178696554589,1.3965488979522351,382,96
deep_slow,1,580,0.49834922615341753,1.3964032580270038,382,96
deep_slow,1,581,0.4979405681182459,1.3965802925674176,382,96
deep_slow,1,582,0.4977103980420768,1.3965848816637512,382,96
deep_slow,1,583,0.49711934898108534,1.396575821592578,382,96
deep_slow,1,584,0.4970439760495762,1.3966137388933584,382,96
deep_slow,1,585,0.49662662601943736,1.3965706460349254,382,96
deep_slow,1,586,0.49648603547212694,1.3966890953480815,382,96
deep_slow,1,587,0.49602567326937713,1.3967671015532492,382,96
deep_slow,1,588,0.4956529650443039,1.3967120469536605,382,96
deep_slow,1,589,0.4955422816827972,1.3966134224117763,382,96
deep_slow,1,590,0.49508779610575726,1.3965003958376423,382,96
deep_slow,1,591,0.4947296553028345,1.3964723810876807,382,96
deep_slow,1,592,0.4943727291689301,1.3963573193456895,382,96
deep_slow,1,593,0.49397337386297885,1.3963693519894842,382,96
deep_slow,1,594,0.4934855468377263,1.3957219888661603,382,96
deep_slow,1,595,0.4932069103949139,1.3957194664537993,382,96
deep_slow,1,596,0.49275816813619283,1.3954119370452738,382,96
deep_slow,1,597,0.492479544230949,1.395245416701766,382,96
deep_slow,1,598,0.492202529632793,1.3952778985015213,382,96
deep_slow,1,599,0.4916310058938559,1.3947156822771618,382,96
deep_slow,1,600,0.4912427066723018,1.394652220214169,382,96
deep_slow,1,601,0.49113399067343366,1.3945704838326431,382,96
deep_slow,1,602,0.4907463076737733,1.3944056123857134,382,96
deep_slow,1,603,0.49053554804429483,1.3944029961014466,382,96
deep_slow,1,604,0.49022816876606456,1.394372135712814,382,96
deep_slow,1,605,0.48995250203214874,1.394450226490091,382,96
deep_slow,1,606,0.4895955430071265,1.3942360304461432,382,96
deep_slow,1,607,0.48952390934949497,1.3943631550664262,382,96
deep_slow,1,608,0.48912125122777284,1.3942230751143871,382,96
deep_slow,1,609,0.4888277567660947,1.3941340247862308,382,96
deep_slow,1,610,0.4886078260022121,1.3942140102623162,382,96
deep_slow,1,611,0.4882087620402108,1.394438994997782,382,96
deep_slow,1,612,0.4881390097363535,1.3945538050699744,382,96
deep_slow,1,613,0.48779654652961973,1.3944224203990017,382,96
deep_slow,1,614,0.48761241775091535,1.394425696089786,382,96
deep_slow,1,615,0.4871850784113403,1.3939884555475506,382,96
deep_slow,1,616,0.48690931590304143,1.3937932545657288,382,96
deep_slow,1,617,0.48647112081541116,1.3936222853005273,382,96
deep_slow,1,618,0.48623169155302726,1.3935079440396927,382,96
deep_slow,1,619,0.48611742639938965,1.393552032221712,382,96
deep_slow,1,620,0.4860162728908991,1.3935757798338582,382,96
deep_slow,1,621,0.4855955465639814,1.3933792026267076,382,96
deep_slow,1,622,0.4851794082357984,1.393076084658638,382,96
deep_slow,1,623,0.4849712752782267,1.3927062772335577,382,96
deep_slow,1,624,0.48466212480110893,1.3924653505004863,382,96
deep_slow,1,625,0.48433845991110924,1.3922736140789327,382,96
deep_slow,1,626,0.48412329735098303,1.3921380555956853,382,96
deep_slow,1,627,0.4838449467001271,1.3920474865804437,382,96
deep_slow,1,628,0.4834484107141388,1.3923983695403146,382,96
deep_slow,1,629,0.48324341411026195,1.3922602240925843,382,96
deep_slow,1,630,0.483162815854421,1.3922604751719125,382,96
deep_slow,1,631,0.48264471771092443,1.3922007052756988,382,96
deep_slow,1,632,0.4825652944587431,1.392265702995465,382,96
deep_slow,1,633,0.48221683781051783,1.3923892484059786,382,96
deep_slow,1,634,0.48186717866914514,1.3923397558895592,382,96
deep_slow,1,635,0.4817902072595737,1.3923375213848597,382,96
deep_slow,1,636,0.48150648669951207,1.3921139662138293,382,96
deep_slow,1,637,0.48107176725041634,1.3924043117275886,382,96
deep_slow,1,638,0.4809898590054707,1.3924981299237749,382,96
deep_slow,1,639,0.4808849952524755,1.3925922947699265,382,96
deep_slow,1,640,0.48074310335561626,1.3926316525879798,382,96
deep_slow,1,641,0.4803497034708949,1.3925961726416263,382,96
deep_slow,1,642,0.4802054203630765,1.3925151485687297,382,96
deep_slow,1,643,0.4800929807921925,1.3924319951162898,382,96
deep_slow,1,644,0.4796660097693885,1.3924373825947938,382,96
deep_slow,1,645,0.4795235932024497,1.392730145571387,382,96
deep_slow,1,646,0.47942735730287966,1.3928052702536626,382,96
deep_slow,1,647,0.47916966286237855,1.3927730513224297,382,96
deep_slow,1,648,0.4787840202645849,1.3927017750897799,382,96
deep_slow,1,649,0.4787082155357973,1.392692125178806,382,96
deep_slow,1,650,0.4786315211693702,1.392601028882587,382,96
deep_slow,1,651,0.478291103969549,1.3925244646853965,382,96
deep_slow,1,652,0.47793320260546907,1.3926440347032834,382,96
deep_slow,1,653,0.4775557514256999,1.3922043455993642,382,96
deep_slow,1,654,0.47743172128956085,1.3921836344884646,382,96
deep_slow,1,655,0.47708463958927255,1.3920447376527147,382,96
deep_slow,1,656,0.4767920017010601,1.391747830533805,382,96
deep_slow,1,657,0.47669847994979253,1.3917532783945348,382,96
deep_slow,1,658,0.4765328010923441,1.391849613943609,382,96
deep_slow,1,659,0.4761342682389313,1.391883115530746,382,96
deep_slow,1,660,0.4760383814659767,1.3919533548761336,382,96
deep_slow,1,661,0.47597236682472704,1.3918605968441835,382,96
deep_slow,1,662,0.4757203338808594,1.3921087234050358,382,96
deep_slow,1,663,0.4755212260083942,1.3919093733464216,382,96
deep_slow,1,664,0.47526107230700426,1.3919377220316045,382,96
deep_slow,1,665,0.4750095729168325,1.3917371348755954,382,96
deep_slow,1,666,0.47494898295488264,1.39176661494008,382,96
deep_slow,1,667,0.4748567192183827,1.391836346207651,382,96
deep_slow,1,668,0.4746359324824982,1.3917071446029414,382,96
deep_slow,1,669,0.47434706998073606,1.3916593207496275,382,96
deep_slow,1,670,0.47425716221320613,1.391688548047993,382,96
deep_slow,1,671,0.47393826049053706,1.3914058568583512,382,96
deep_slow,1,672,0.4738628180058637,1.3914781687657194,382,96
deep_slow,1,673,0.4736299215284222,1.3912284442069858,382,96
deep_slow,1,674,0.4735581059856319,1.3912544802818865,382,96
deep_slow,1,675,0.47328336805974364,1.3911421674490672,382,96
deep_slow,1,676,0.47307053580820957,1.3906973919295291,382,96
deep_slow,1,677,0.47270567168077154,1.3906978980745517,382,96
deep_slow,1,678,0.4724651005921901,1.3905208791154855,382,96
deep_slow,1,679,0.47232218420015076,1.3905097048407884,382,96
deep_slow,1,680,0.4719090560162359,1.3900596063434183,382,96
deep_slow,1,681,0.4717481218860784,1.3903980929563475,382,96
deep_slow,1,682,0.4715878587978395,1.3905127083125988,382,96
deep_slow,1,683,0.4712307329483868,1.390452088671502,382,96
deep_slow,1,684,0.47093577900471745,1.3903067354202443,382,96
deep_slow,1,685,0.47065397498717204,1.3899189101709166,382,96
deep_slow,1,686,0.470602776410367,1.389947540816382,382,96
deep_slow,1,687,0.47037369477310587,1.389838008554896,382,96
deep_slow,1,688,0.4700331107113659,1.3897170994370383,382,96
deep_slow,1,689,0.469887378294579,1.3894604704402402,382,96
deep_slow,1,690,0.46966431894902344,1.3894208959640237,382,96
deep_slow,1,691,0.469396030835963,1.389327783085581,382,96
deep_slow,1,692,0.4692497213043106,1.3896331067643966,382,96
deep_slow,1,693,0.468991053884512,1.3897266717988745,382,96
deep_slow,1,694,0.4688708165687163,1.3897866293677796,382,96
deep_slow,1,695,0.46847857629711176,1.3898380252642526,382,96
deep_slow,1,696,0.4682499128202614,1.389854156848971,382,96
deep_slow,1,697,0.4680714313632565,1.3896447490741748,382,96
deep_slow,1,698,0.467925603748875,1.3896335306141394,382,96
deep_slow,1,699,0.4677589817904028,1.3896814590729298,382,96
deep_slow,1,700,0.4674899260676787,1.3896562259081913,382,96
deep_slow,1,701,0.4672387922109169,1.3896868853786568,382,96
deep_slow,1,702,0.46675021742494566,1.3899229123379993,382,96
deep_slow,1,703,0.4665437494958485,1.3896927908677446,382,96
deep_slow,1,704,0.46627853297984406,1.3895280096172204,382,96
deep_slow,1,705,0.4660724326363381,1.3893763376041337,382,96
deep_slow,1,706,0.4658391459149341,1.3889425906702333,382,96
deep_slow,1,707,0.4656188188601447,1.389089777960321,382,96
deep_slow,1,708,0.46536699817524635,1.3892566814812621,382,96
deep_slow,1,709,0.4652007077692679,1.3889524999382483,382,96
deep_slow,1,710,0.46493240534091623,1.3889256360660873,382,96
deep_slow,1,711,0.46486951269785415,1.3889464338670734,382,96
deep_slow,1,712,0.4645945632077747,1.388957171816932,382,96
deep_slow,1,713,0.4642804814879499,1.3890999754790256,382,96
deep_slow,1,714,0.46420781181363013,1.3891691856669588,382,96
deep_slow,1,715,0.463971145832598,1.3891164171801007,382,96
deep_slow,1,716,0.46369126940450145,1.3891180095823457,382,96
deep_slow,1,717,0.4634030554346253,1.388942405767696,382,96
deep_slow,1,718,0.46304543720455316,1.3889417363668042,382,96
deep_slow,1,719,0.462792798502885,1.3888308557848392,382,96
deep_slow,1,720,0.46270685018583757,1.3888483312615665,382,96
deep_slow,1,721,0.4624621740720314,1.3886711220299797,382,96
deep_slow,1,722,0.46223160537001867,1.388701406146969,382,96
deep_slow,1,723,0.46216782033622167,1.3887289352632797,382,96
deep_slow,1,724,0.4621197850587361,1.3887373233137619,382,96
deep_slow,1,725,0.46187982901721053,1.3888766325913442,382,96
deep_slow,1,726,0.46181300751592397,1.3887642942354261,382,96
deep_slow,1,727,0.4617249324674013,1.3886905283718982,382,96
deep_slow,1,728,0.46148615246909913,1.3886421767968855,382,96
deep_slow,1,729,0.46110977693670485,1.3885042320266359,382,96
deep_slow,1,730,0.4610534637096898,1.3884861545595837,382,96
deep_slow,1,731,0.4609290905538529,1.3884948085643507,382,96
deep_slow,1,732,0.46063121858607325,1.3886173975659724,382,96
deep_slow,1,733,0.4605549731409569,1.3886609181214746,382,96
deep_slow,1,734,0.46037485704165076,1.388599827611767,382,96
deep_slow,1,735,0.46004743880419274,1.3885146133638517,382,96
deep_slow,1,736,0.4599532627891863,1.3885525819406515,382,96
deep_slow,1,737,0.45970341115010044,1.3883015004711459,382,96
deep_slow,1,738,0.459383299661237,1.3882234158047793,382,96
deep_slow,1,739,0.4592234470740282,1.3882818705956617,382,96
deep_slow,1,740,0.45915452425170344,1.3883646019302218,382,96
deep_slow,1,741,0.4589405974002863,1.3884513119975195,382,96
deep_slow,1,742,0.45879179072227144,1.388493945981477,382,96
deep_slow,1,743,0.45862548273779297,1.3884769569972537,382,96
deep_slow,1,744,0.4583476933542679,1.3883227528311246,382,96
deep_slow,1,745,0.4582648069063621,1.388472035357828,382,96
deep_slow,1,746,0.4580400483054692,1.3885865324837525,382,96
deep_slow,1,747,0.457827251517689,1.3883560292133603,382,96
deep_slow,1,748,0.4575488097053565,1.388469572826251,382,96
deep_slow,1,749,0.45733712580319197,1.3885009980144258,382,96
deep_slow,1,750,0.45709344956456677,1.3885495073355356,382,96
deep_slow,1,751,0.456941353152952,1.3885355119100025,382,96
deep_slow,1,752,0.45689468063109095,1.3885933677934528,382,96
deep_slow,1,753,0.45660933344985405,1.3883445292986727,382,96
deep_slow,1,754,0.45652314592836274,1.3884320667495829,382,96
deep_slow,1,755,0.45646841179443154,1.3885317690550887,382,96
deep_slow,1,756,0.4564197682715562,1.3885667848013605,382,96
deep_slow,1,757,0.4561929089731311,1.3883424045791666,382,96
deep_slow,1,758,0.45595666501844223,1.3885857487204047,382,96
deep_slow,1,759,0.4557664547281501,1.3886518493643116,382,96
deep_slow,1,760,0.45557980372108076,1.3883159062349983,382,96
deep_slow,1,761,0.4553291717114993,1.3881379433080259,382,96
deep_slow,1,762,0.4551750871467642,1.388051649066017,382,96
deep_slow,1,763,0.45494918134782547,1.3878081062582777,382,96
deep_slow,1,764,0.45484925306150376,1.3878117975887634,382,96
deep_slow,1,765,0.45478109189327076,1.3878173087890682,382,96
deep_slow,1,766,0.45449982994469934,1.38772706150323,382,96
deep_slow,1,767,0.45447602580751056,1.387801738172499,382,96
deep_slow,1,768,0.4542014827265545,1.3878754481537812,382,96
deep_slow,1,769,0.45413225606942803,1.3879333099201245,382,96
deep_slow,1,770,0.4541098100014241,1.3879445945145759,382,96
deep_slow,1,771,0.4539065409641162,1.387671162378699,382,96
deep_slow,1,772,0.45375860953396147,1.387654731052362,382,96
deep_slow,1,773,0.4534188913017005,1.3877620292263497,382,96
deep_slow,1,774,0.4533261885373511,1.3874239583080845,382,96
deep_slow,1,775,0.45311778397587066,1.387274083453387,382,96
deep_slow,1,776,0.45294204567724694,1.3871429125551824,382,96
deep_slow,1,777,0.4528128247380357,1.3871609022324405,382,96
deep_slow,1,778,0.4527334128540785,1.3871569905334165,382,96
deep_slow,1,779,0.4526480764355683,1.3870259403662544,382,96
deep_slow,1,780,0.4524432937302803,1.3871054529402513,382,96
deep_slow,1,781,0.4522665841326389,1.3871382234713199,382,96
deep_slow,1,782,0.4520243430536156,1.3870121092137722,382,96
deep_slow,1,783,0.4518386129458725,1.3870521936283118,382,96
deep_slow,1,784,0.4516747516267611,1.3868453975070256,382,96
deep_slow,1,785,0.45151348094760824,1.386840794620497,382,96
deep_slow,1,786,0.45129230800351133,1.386844552613744,382,96
deep_slow,1,787,0.45121452972114184,1.3868494163077527,382,96
deep_slow,1,788,0.45114119989024676,1.3869243731378387,382,96
deep_slow,1,789,0.45105775741370624,1.3868253782899351,382,96
deep_slow,1,790,0.4509413102222796,1.3866699503579474,382,96
deep_slow,1,791,0.45063889099279025,1.3865504748046193,382,96
deep_slow,1,792,0.450411756849096,1.386404008594393,382,96
deep_slow,1,793,0.45031917495477053,1.3862546101374733,382,96
deep_slow,1,794,0.45017899265832134,1.3860878479237395,382,96
deep_slow,1,795,0.45003234527726493,1.3861483496571072,382,96
deep_slow,1,796,0.4498305723005377,1.386185200674602,382,96
deep_slow,1,797,0.44965902512826356,1.3857752194454065,382,96
deep_slow,1,798,0.44948677032029505,1.3857361417903167,382,96
deep_slow,1,799,0.44941297116478685,1.385469446586192,382,96
deep_slow,1,800,0.44936889589054807,1.38547541107069,382,96
compact,2,1,2.6844629480672455,2.33702509876957,382,96
compact,2,2,2.623615201105038,2.2745133579345596,382,96
compact,2,3,2.581229958153584,2.236392013359949,382,96
compact,2,4,2.5303937051106336,2.1999888813026773,382,96
compact,2,5,2.478964776160307,2.160116853554251,382,96
compact,2,6,2.421611679158801,2.1123464946262223,382,96
compact,2,7,2.3810425162249436,2.0863201312290864,382,96
compact,2,8,2.343133041356438,2.0620995716452075,382,96
compact,2,9,2.3030979859778067,2.0277280839113323,382,96
compact,2,10,2.2579914508895564,1.9900940380387264,382,96
compact,2,11,2.225720801546675,1.9701229538040446,382,96
compact,2,12,2.1892532502981847,1.9479299439437026,382,96
compact,2,13,2.1588964684215965,1.9321045668587804,382,96
compact,2,14,2.1304425226494303,1.9078831527784161,382,96
compact,2,15,2.0990736078513694,1.8892120939548451,382,96
compact,2,16,2.0656786552132056,1.86284381922482,382,96
compact,2,17,2.0322525523211006,1.8317449690511611,382,96
compact,2,18,2.0039174603821652,1.8117607610147053,382,96
compact,2,19,1.972140607382982,1.7934248064342546,382,96
compact,2,20,1.94377321683889,1.773356255733746,382,96
compact,2,21,1.922201829152048,1.7671248987687573,382,96
compact,2,22,1.8985877300684757,1.7493431314862034,382,96
compact,2,23,1.8707623627932437,1.7235790254834282,382,96
compact,2,24,1.8468952185941834,1.7083271889593825,382,96
compact,2,25,1.8223742267610814,1.6912929685071343,382,96
compact,2,26,1.7955710738219857,1.6693028391154892,382,96
compact,2,27,1.772372301913309,1.6585898056871688,382,96
compact,2,28,1.7558345748119037,1.6486616651998502,382,96
compact,2,29,1.7341237890105188,1.635828289846044,382,96
compact,2,30,1.7141054274553214,1.6342311685110362,382,96
compact,2,31,1.691160266203591,1.626346683126008,382,96
compact,2,32,1.6737986594509533,1.6154929785666994,382,96
compact,2,33,1.6578427675424645,1.6098331063048332,382,96
compact,2,34,1.637010966788098,1.598961491820861,382,96
compact,2,35,1.6190953744923637,1.590769149271414,382,96
compact,2,36,1.606593272433726,1.5834846317612423,382,96
compact,2,37,1.5936009190011293,1.5757527516969037,382,96
compact,2,38,1.5788489166383697,1.567355762138738,382,96
compact,2,39,1.5610780861898739,1.5543394826292516,382,96
compact,2,40,1.54868503618739,1.5450872526029387,382,96
compact,2,41,1.5317296825723468,1.5340800349071964,382,96
compact,2,42,1.5183367252660886,1.5248645979257742,382,96
compact,2,43,1.5073621943395497,1.5234147054406444,382,96
compact,2,44,1.4927011543367663,1.5129535798759302,382,96
compact,2,45,1.4788769339207117,1.5105717309690572,382,96
compact,2,46,1.461736042558663,1.4934204779950113,382,96
compact,2,47,1.4534821191510885,1.4893138438223217,382,96
compact,2,48,1.4397835509927197,1.4832418875820979,382,96
compact,2,49,1.4287688556411335,1.4769880264636204,382,96
compact,2,50,1.4139507380692935,1.475969010359156,382,96
compact,2,51,1.4029269556822486,1.4752424345002433,382,96
compact,2,52,1.3949858833045898,1.4723837282382162,382,96
compact,2,53,1.3868603508037571,1.4691469861079534,382,96
compact,2,54,1.3797707785973856,1.4648981501009342,382,96
compact,2,55,1.37084427498516,1.4586951771273045,382,96
compact,2,56,1.364095596716764,1.455016653345305,382,96
compact,2,57,1.3531745230940622,1.4499457511993277,382,96
compact,2,58,1.3453957427733285,1.4482458059830448,382,96
compact,2,59,1.3346681104967695,1.4465472118694735,382,96
compact,2,60,1.3262898357027457,1.445108797947022,382,96
compact,2,61,1.3156429784956165,1.441289539213057,382,96
compact,2,62,1.307256789051262,1.4358364074052274,382,96
compact,2,63,1.3000099543782073,1.4328363172256018,382,96
compact,2,64,1.2886699723287138,1.4306625652607876,382,96
compact,2,65,1.2808903497984185,1.4246040367190569,382,96
compact,2,66,1.270133225623523,1.4171356579230017,382,96
compact,2,67,1.2673428249839718,1.4159586256157406,382,96
compact,2,68,1.2583955514704488,1.4096442496236459,382,96
compact,2,69,1.2540849235086635,1.410026644477665,382,96
compact,2,70,1.2498634907259252,1.4075200105950691,382,96
compact,2,71,1.2435597979485928,1.403921356851507,382,96
compact,2,72,1.2369652290854585,1.404458274388456,382,96
compact,2,73,1.229588642786347,1.4012419921986583,382,96
compact,2,74,1.224010544770958,1.3983569275065064,382,96
compact,2,75,1.2189536639503729,1.3978095190936894,382,96
compact,2,76,1.2110685098643825,1.3948437993514782,382,96
compact,2,77,1.2027314574078967,1.390070591690061,382,96
compact,2,78,1.1957224758252667,1.388068871596964,382,96
compact,2,79,1.189235906476224,1.3880599987378093,382,96
compact,2,80,1.1832337475859132,1.38498030792673,382,96
compact,2,81,1.1755726049185082,1.382450857087896,382,96
compact,2,82,1.1688858923971053,1.3794321034234158,382,96
compact,2,83,1.1634337229327438,1.3784997038117832,382,96
compact,2,84,1.1596922464540615,1.3761499077905037,382,96
compact,2,85,1.1523192957091135,1.3765786410910734,382,96
compact,2,86,1.1444643586385999,1.3755859467885496,382,96
compact,2,87,1.1366568957871834,1.3730496058160642,382,96
compact,2,88,1.131743079721101,1.369677009466378,382,96
compact,2,89,1.1291036437312783,1.3671112425875804,382,96
compact,2,90,1.1207444952699788,1.3606644795360863,382,96
compact,2,91,1.1157376769340857,1.3586299035614942,382,96
compact,2,92,1.1120130004360431,1.3573991547139743,382,96
compact,2,93,1.1071886043323032,1.3557540167544184,382,96
compact,2,94,1.1017592573684385,1.3519121213159278,382,96
compact,2,95,1.0970924619689577,1.3515229075174198,382,96
compact,2,96,1.0902347282915428,1.3506677767233095,382,96
compact,2,97,1.0840880667848019,1.3470624860540301,382,96
compact,2,98,1.079504562986145,1.3462265550259167,382,96
compact,2,99,1.0760078917816591,1.3451733006660787,382,96
compact,2,100,1.071213427204199,1.3432039405547462,382,96
compact,2,101,1.0668604951286607,1.3416542659052764,382,96
compact,2,102,1.0630208922118738,1.3410785358878174,382,96
compact,2,103,1.0565570987482147,1.3399014876494253,382,96
compact,2,104,1.050235641205109,1.3382805621053804,382,96
compact,2,105,1.0484782189768855,1.3378316050845285,382,96
compact,2,106,1.045270008154733,1.3366279092711888,382,96
compact,2,107,1.0408435576535564,1.3370964620053616,382,96
compact,2,108,1.0384399433666525,1.3361699165108143,382,96
compact,2,109,1.0337625497957934,1.3357944094908205,382,96
compact,2,110,1.0287345818614104,1.335090217654877,382,96
compact,2,111,1.0251132292392242,1.3344502190580783,382,96
compact,2,112,1.0231424408224155,1.333092912272202,382,96
compact,2,113,1.020313195484033,1.3341133073515465,382,96
compact,2,114,1.0173251753694925,1.332847977964294,382,96
compact,2,115,1.0142698249820343,1.3304992085135938,382,96
compact,2,116,1.0124810363668086,1.3307592820451317,382,96
compact,2,117,1.0065877128115936,1.3292116426659597,382,96
compact,2,118,1.0033361631990403,1.3278545984212575,382,96
compact,2,119,0.9973218647946318,1.3268678035116463,382,96
compact,2,120,0.993398772204146,1.3268313895010464,382,96
compact,2,121,0.9886254581728695,1.3257695400312188,382,96
compact,2,122,0.9861351881628819,1.3249343683834494,382,96
compact,2,123,0.9833966706479637,1.3235031173538365,382,96
compact,2,124,0.9784911246096336,1.3227072367253732,382,96
compact,2,125,0.9767125059315941,1.321542850329864,382,96
compact,2,126,0.9741194801187623,1.3206218833972605,382,96
compact,2,127,0.9725562130851425,1.3199800509101112,382,96
compact,2,128,0.9704797474408002,1.3194343789621492,382,96
compact,2,129,0.9667010013211969,1.3180043251628006,382,96
compact,2,130,0.9638784706750085,1.3194065426503812,382,96
compact,2,131,0.9592251713227382,1.3172847021937666,382,96
compact,2,132,0.9552959036188584,1.3171421559802292,382,96
compact,2,133,0.9484386088019973,1.313946276745174,382,96
compact,2,134,0.9465669494291018,1.3127983618235697,382,96
compact,2,135,0.9443199510329495,1.31331107454421,382,96
compact,2,136,0.9426189561520695,1.3129991088274142,382,96
compact,2,137,0.9395144355738623,1.3141976730761473,382,96
compact,2,138,0.937968359201158,1.3140507209659202,382,96
compact,2,139,0.936499917933243,1.3137577574420445,382,96
compact,2,140,0.9345574130962874,1.3136499933689134,382,96
compact,2,141,0.9328101642810919,1.313988510079953,382,96
compact,2,142,0.9299496802357632,1.3132765731603053,382,96
compact,2,143,0.9285640499156015,1.3139751285701666,382,96
compact,2,144,0.927377013438573,1.313526195558697,382,96
compact,2,145,0.9253545549657884,1.3144489943702988,382,96
compact,2,146,0.9202469472087181,1.308162250024036,382,96
compact,2,147,0.9184758590932247,1.3087908723668404,382,96
compact,2,148,0.913817964003349,1.3080484610012728,382,96
compact,2,149,0.9123243521861545,1.3081481535319233,382,96
compact,2,150,0.9110247643549347,1.3081101935109456,382,96
compact,2,151,0.9079841997758893,1.3057898773055703,382,96
compact,2,152,0.9044384632263294,1.3068989952490164,382,96
compact,2,153,0.9026100415667799,1.307518307720205,382,96
compact,2,154,0.8985393278689905,1.306227601458282,382,96
compact,2,155,0.8958884775813586,1.3067487617751068,382,96
compact,2,156,0.8939834884976684,1.3073670196431504,382,96
compact,2,157,0.8914018515194969,1.3079109351616278,382,96
compact,2,158,0.8895005405138132,1.3094354736165716,382,96
compact,2,159,0.8881476503308636,1.3105701668952592,382,96
compact,2,160,0.884092660531282,1.3083796616896977,382,96
compact,2,161,0.8827793191833777,1.3090813085560944,382,96
compact,2,162,0.8778103605828934,1.3080626901734103,382,96
compact,2,163,0.873740208805996,1.3074043771610404,382,96
compact,2,164,0.8696052709573385,1.3037649437186911,382,96
compact,2,165,0.8662458442375268,1.3047891986101274,382,96
compact,2,166,0.8651287858832464,1.3027503896561325,382,96
compact,2,167,0.8636772520901033,1.3037665474511955,382,96
compact,2,168,0.8623357395755623,1.303685819026803,382,96
compact,2,169,0.8582007286394037,1.3015639885459978,382,96
compact,2,170,0.8549074407636805,1.301124961054943,382,96
compact,2,171,0.8534814142139069,1.3011263658810055,382,96
compact,2,172,0.8486133069888285,1.2999042692824387,382,96
compact,2,173,0.8470242060537654,1.3008992546906843,382,96
compact,2,174,0.8453757248161168,1.3011076666958727,382,96
compact,2,175,0.8435766750916517,1.3024515630861349,382,96
compact,2,176,0.840218662132989,1.3021349845432566,382,96
compact,2,177,0.8361245263364732,1.2993228963769146,382,96
compact,2,178,0.8343553403535269,1.300660708672058,382,96
compact,2,179,0.8303704153188356,1.2984879571199466,382,96
compact,2,180,0.8285977225708909,1.2997905568623964,382,96
compact,2,181,0.8251815433121545,1.2998298301397058,382,96
compact,2,182,0.8216618843635967,1.2970579760287697,382,96
compact,2,183,0.8177217426495547,1.2966058487718355,382,96
compact,2,184,0.8161936474954726,1.2978919233002089,382,96
compact,2,185,0.8122193760732178,1.2972595439146932,382,96
compact,2,186,0.811091918869268,1.2975358561894585,382,96
compact,2,187,0.807481347496193,1.2965668206425767,382,96
compact,2,188,0.8050158388339623,1.2966502575265408,382,96
compact,2,189,0.804024755969525,1.2966583364317106,382,96
compact,2,190,0.8026564278178163,1.2955243936867422,382,96
compact,2,191,0.8017285603536151,1.2955310616675129,382,96
compact,2,192,0.7988466287668057,1.2952253373246285,382,96
compact,2,193,0.79780934663229,1.295804574984258,382,96
compact,2,194,0.7969875768811039,1.2963802642330446,382,96
compact,2,195,0.7938013713542404,1.295428355849085,382,96
compact,2,196,0.791228842762923,1.2955535917977168,382,96
compact,2,197,0.7886375575023301,1.2953337971540646,382,96
compact,2,198,0.7878231994116838,1.295700149396713,382,96
compact,2,199,0.7842318427121356,1.29677285834353,382,96
compact,2,200,0.7834408686419536,1.2969773927953019,382,96
compact,2,201,0.7798324462884375,1.2935879690345773,382,96
compact,2,202,0.7787696936380887,1.2931962660917442,382,96
compact,2,203,0.7755901238084618,1.292784139473731,382,96
compact,2,204,0.7748477712471712,1.2933387292538925,382,96
compact,2,205,0.772313076624748,1.294546417750653,382,96
compact,2,206,0.7682043317331704,1.2931441316391616,382,96
compact,2,207,0.7674843640984356,1.2935104008241103,382,96
compact,2,208,0.7648192530907212,1.2913843564896237,382,96
compact,2,209,0.7636767133489109,1.2921376539141687,382,96
compact,2,210,0.7628742959859703,1.2919973140329681,382,96
compact,2,211,0.7621090842325893,1.2917574512304861,382,96
compact,2,212,0.7589986132627049,1.2909134036244423,382,96
compact,2,213,0.7562643606428776,1.2901553318701655,382,96
compact,2,214,0.7532026497537906,1.288685852122992,382,96
compact,2,215,0.7521663932590581,1.2881895566728476,382,96
compact,2,216,0.7515728502063953,1.287824112929203,382,96
compact,2,217,0.7486480104963972,1.2862454451691308,382,96
compact,2,218,0.7477639381802286,1.2857424422351011,382,96
compact,2,219,0.7454111626244948,1.2834458007152587,382,96
compact,2,220,0.7424629010075854,1.281675050420024,382,96
compact,2,221,0.7404151712201457,1.2816374648625424,382,96
compact,2,222,0.7393241439964111,1.2827116438131383,382,96
compact,2,223,0.7386293059738791,1.2827007839607614,382,96
compact,2,224,0.7356321393303027,1.2811922862055358,382,96
compact,2,225,0.7337200290185873,1.2804723339510393,382,96
compact,2,226,0.731354650036542,1.2804719092398584,382,96
compact,2,227,0.7292929632195,1.281112956740246,382,96
compact,2,228,0.7286411200430911,1.2811030702751833,382,96
compact,2,229,0.726604923464386,1.2816565501415744,382,96
compact,2,230,0.7259900563870292,1.2816613900193392,382,96
compact,2,231,0.723194392997698,1.281177089663976,382,96
compact,2,232,0.7211936373362939,1.2797859294837062,382,96
compact,2,233,0.7207367854974737,1.2797880680456029,382,96
compact,2,234,0.71822567840802,1.2780418995235758,382,96
compact,2,235,0.7158622041848274,1.278878844366739,382,96
compact,2,236,0.7133437848666371,1.2769363564041103,382,96
compact,2,237,0.7111859859114933,1.2765019145119685,382,96
compact,2,238,0.709436389201087,1.2739833530516642,382,96
compact,2,239,0.7073108794142536,1.2731680903185305,382,96
compact,2,240,0.7067995727122648,1.2732818178176024,382,96
compact,2,241,0.7048483185757118,1.2745316368829185,382,96
compact,2,242,0.7033547414170827,1.273932713588781,382,96
compact,2,243,0.70093023444769,1.2751192233343858,382,96
compact,2,244,0.6993815871635839,1.2746642346548402,382,96
compact,2,245,0.6977415975522228,1.2737455489075282,382,96
compact,2,246,0.6970212309313754,1.2743895583186993,382,96
compact,2,247,0.6956935772729695,1.274585154383703,382,96
compact,2,248,0.6942049215093101,1.2730354607299978,382,96
compact,2,249,0.6922279015599455,1.271634286635656,382,96
compact,2,250,0.6910521543512738,1.2701735303582182,382,96
compact,2,251,0.6905832775440511,1.2695087897379194,382,96
compact,2,252,0.6900667050782473,1.2693361389232873,382,96
compact,2,253,0.688640481020355,1.269981824362798,382,96
compact,2,254,0.6881548149497034,1.2704153232212767,382,96
compact,2,255,0.685934885977952,1.2715918753000293,382,96
compact,2,256,0.6852417062711175,1.2720015493645787,382,96
compact,2,257,0.6834733700843963,1.2695239727382324,382,96
compact,2,258,0.6815593015399419,1.270064581329774,382,96
compact,2,259,0.6795463057107165,1.26924348512423,382,96
compact,2,260,0.6790578445642013,1.2690586304727793,382,96
compact,2,261,0.6777648600874493,1.2670680418524745,382,96
compact,2,262,0.6763068237463118,1.2664519380266777,382,96
compact,2,263,0.6750201400476368,1.2663886928762067,382,96
compact,2,264,0.6736362257057149,1.268332861937295,382,96
compact,2,265,0.6727098702396312,1.2672108325422435,382,96
compact,2,266,0.6722960188726517,1.2670417052825538,382,96
compact,2,267,0.671684518137258,1.267248297804094,382,96
compact,2,268,0.669746766563328,1.2672310655459955,382,96
compact,2,269,0.6689597334680891,1.267896070582303,382,96
compact,2,270,0.6683714276593185,1.2682719220564953,382,96
compact,2,271,0.6663309100407325,1.267800608654152,382,96
compact,2,272,0.6646626824840735,1.2671807053982624,382,96
compact,2,273,0.6642756978286875,1.2675655195523987,382,96
compact,2,274,0.6632727134635122,1.2669547419003664,382,96
compact,2,275,0.6611889271072444,1.2666300607704204,382,96
compact,2,276,0.6608092813093324,1.2664939629270906,382,96
compact,2,277,0.6591806240018134,1.2662716134003766,382,96
compact,2,278,0.65782381149787,1.2633403124685951,382,96
compact,2,279,0.6574623999012585,1.2632078874536412,382,96
compact,2,280,0.656072882870586,1.2633902984135108,382,96
compact,2,281,0.6539901026130369,1.2622473728485863,382,96
compact,2,282,0.6526913177018574,1.261810523803724,382,96
compact,2,283,0.6521846704187636,1.2622362008433836,382,96
compact,2,284,0.6501909543268929,1.2628960393805395,382,96
compact,2,285,0.6493243920919752,1.261775221201139,382,96
compact,2,286,0.6473186361110999,1.2606561841009316,382,96
compact,2,287,0.6462694044478007,1.2596492945906237,382,96
compact,2,288,0.6452151505614026,1.259799836609515,382,96
compact,2,289,0.6434118176508258,1.2597836813497205,382,96
compact,2,290,0.6420006843361443,1.2586369697491628,382,96
compact,2,291,0.6414986237199356,1.259179177732099,382,96
compact,2,292,0.6407733559343923,1.2583456244363134,382,96
compact,2,293,0.6385173568212915,1.258543209924913,382,96
compact,2,294,0.6380628928660471,1.2590581002924033,382,96
compact,2,295,0.6364944489760448,1.2599927912789408,382,96
compact,2,296,0.6352549449339248,1.2605072175180165,382,96
compact,2,297,0.6348770487763672,1.260378027987222,382,96
compact,2,298,0.6334180852522778,1.2602646786510052,382,96
compact,2,299,0.6330715641493871,1.2599906112447106,382,96
compact,2,300,0.632758649368099,1.2598758263607401,382,96
compact,2,301,0.631260505705492,1.26089208683842,382,96
compact,2,302,0.6308383283467288,1.2612557242285962,382,96
compact,2,303,0.6302440874352464,1.2610439166696208,382,96
compact,2,304,0.6290877705454447,1.2615927921706345,382,96
compact,2,305,0.6277304683831444,1.2614621057204503,382,96
compact,2,306,0.6270298866897833,1.2599819483026684,382,96
compact,2,307,0.6267490443223888,1.2598710536881335,382,96
compact,2,308,0.6244608013938018,1.2592819544681293,382,96
compact,2,309,0.6232431272242736,1.2594636446390275,382,96
compact,2,310,0.6217336186092831,1.2592249015219241,382,96
compact,2,311,0.6207428270745048,1.259529887356708,382,96
compact,2,312,0.6199364072188636,1.2594879701287383,382,96
compact,2,313,0.6184801326237098,1.2593530700737443,382,96
compact,2,314,0.6181501527541767,1.2597182852113988,382,96
compact,2,315,0.6178800501831453,1.259612321360984,382,96
compact,2,316,0.6161581736635815,1.2596573563707656,382,96
compact,2,317,0.614675586880304,1.258842874386111,382,96
compact,2,318,0.6143658065305594,1.258974097440237,382,96
compact,2,319,0.6134682874755364,1.2588579100315562,382,96
compact,2,320,0.6121371601094507,1.2579087003287854,382,96
compact,2,321,0.6115207083567035,1.2572641007403198,382,96
compact,2,322,0.6094397329397442,1.2564768794259646,382,96
compact,2,323,0.6091929635079755,1.2564005496720072,382,96
compact,2,324,0.6087766413491409,1.2564580050127456,382,96
compact,2,325,0.6070791383084531,1.2558618714077776,382,96
compact,2,326,0.6061728025642666,1.254560697123793,382,96
compact,2,327,0.6058028672408127,1.2548665544700073,382,96
compact,2,328,0.6048455491127164,1.2546997292101012,382,96
compact,2,329,0.6032565509780178,1.255328704159434,382,96
compact,2,330,0.6025308287372128,1.2557152094205954,382,96
compact,2,331,0.6012161891712233,1.255121894824231,382,96
compact,2,332,0.6004081864754385,1.2550731559257344,382,96
compact,2,333,0.600132356936815,1.255488770353525,382,96
compact,2,334,0.59866573605627,1.2560568867970858,382,96
compact,2,335,0.5984392817627338,1.2559640381028851,382,96
compact,2,336,0.597633110388496,1.2547262172203806,382,96
compact,2,337,0.5973818969773482,1.2545357196645472,382,96
compact,2,338,0.5971564155880631,1.2545528432021313,382,96
compact,2,339,0.5960348692540153,1.2541490324282867,382,96
compact,2,340,0.5953903151719016,1.2541150495366165,382,96
compact,2,341,0.5943903748411015,1.2529444617324415,382,96
compact,2,342,0.5935492726067201,1.2524889527130865,382,96
compact,2,343,0.5919282104061956,1.251872153550521,382,96
compact,2,344,0.5910759748815017,1.2527080941595157,382,96
compact,2,345,0.5895933755409808,1.2531410399429617,382,96
compact,2,346,0.5883009520334397,1.2526205958729464,382,96
compact,2,347,0.5880794584545825,1.2525479383268276,382,96
compact,2,348,0.5877313814065248,1.2522834526537585,382,96
compact,2,349,0.5870499766054496,1.2528466333629589,382,96
compact,2,350,0.5862388031584204,1.2519004610012765,382,96
compact,2,351,0.5848919775678303,1.2521374157357263,382,96
compact,2,352,0.5840680458618518,1.2521485136447936,382,96
compact,2,353,0.5838353767130509,1.2520262052939921,382,96
compact,2,354,0.5823675555295446,1.2519086829657808,382,96
compact,2,355,0.5811485219657796,1.2517708487349881,382,96
compact,2,356,0.5803773137695588,1.251164590251541,382,96
compact,2,357,0.5800495717456735,1.251402486568861,382,96
compact,2,358,0.5797578854038355,1.2512717756308867,382,96
compact,2,359,0.5786688799227441,1.2505842222171102,382,96
compact,2,360,0.5777344648739701,1.2497385793126738,382,96
compact,2,361,0.5769394833224423,1.2497985505556302,382,96
compact,2,362,0.5767671964298963,1.2497227183098385,382,96
compact,2,363,0.5765062887453536,1.2494125664537539,382,96
compact,2,364,0.5754437720766059,1.2486654929733627,382,96
compact,2,365,0.5744508769076584,1.2487245067621988,382,96
compact,2,366,0.5733520312756815,1.2486096472137007,382,96
compact,2,367,0.5725065082433479,1.2485020594363736,382,96
compact,2,368,0.5717318923807239,1.248704416734675,382,96
compact,2,369,0.5709375912303555,1.2480911891298618,382,96
compact,2,370,0.5707366060788134,1.2481680065374448,382,96
compact,2,371,0.5693744832118371,1.2478470440065876,382,96
compact,2,372,0.5689569219318038,1.2479064247577876,382,96
compact,2,373,0.5683105842890942,1.249186021602813,382,96
compact,2,374,0.5680227221997901,1.249058324974718,382,96
compact,2,375,0.5672732061224969,1.2483905745878805,382,96
compact,2,376,0.56636719533252,1.2476480770031924,382,96
compact,2,377,0.5653126056602081,1.2482565269433652,382,96
compact,2,378,0.5649238280427338,1.2477713763349088,382,96
compact,2,379,0.564211310639185,1.247357806579898,382,96
compact,2,380,0.5629440319239665,1.2466447836176817,382,96
compact,2,381,0.562535213917298,1.2463658808985079,382,96
compact,2,382,0.5619092813169408,1.2463891695050429,382,96
compact,2,383,0.560771733943062,1.246027672589521,382,96
compact,2,384,0.560603454333711,1.245954633143812,382,96
compact,2,385,0.5600421996923293,1.2460411293639768,382,96
compact,2,386,0.5597853175775392,1.2459481273859192,382,96
compact,2,387,0.5585951963989406,1.2437639128418816,382,96
compact,2,388,0.5575641248831339,1.242553388733199,382,96
compact,2,389,0.5567383229230166,1.2430364896016015,382,96
compact,2,390,0.5560487155137389,1.2426060729047321,382,96
compact,2,391,0.5551232104622056,1.2424653310575269,382,96
compact,2,392,0.5537806615206965,1.2408843841340238,382,96
compact,2,393,0.5528993431967977,1.2404661286989385,382,96
compact,2,394,0.5522765856522296,1.2400922597319906,382,96
compact,2,395,0.5519975558323648,1.2398729194972846,382,96
compact,2,396,0.551817226665329,1.2401648049973517,382,96
compact,2,397,0.5513593443628803,1.2397878168022125,382,96
compact,2,398,0.5512088433276426,1.2395942597893215,382,96
compact,2,399,0.5504243333056957,1.2395453510780037,382,96
compact,2,400,0.5499443168080604,1.2387573587307437,382,96
base,2,1,2.6848283226551413,2.3402438337141724,382,96
base,2,2,2.6327784303982136,2.2954461621295845,382,96
base,2,3,2.5745869668507013,2.2470629573806344,382,96
base,2,4,2.5177306193458353,2.2061170222682094,382,96
base,2,5,2.4687945910358033,2.179151851042659,382,96
base,2,6,2.4328505294339946,2.146426988370664,382,96
base,2,7,2.388086602069418,2.1064691899549546,382,96
base,2,8,2.3422305747160905,2.0648787206237063,382,96
base,2,9,2.2942889601350984,2.031078142151049,382,96
base,2,10,2.254217125086183,2.0028067718707026,382,96
base,2,11,2.21831171347129,1.9777397089118058,382,96
base,2,12,2.177836266877493,1.950627376455189,382,96
base,2,13,2.142936445117926,1.9279910748019242,382,96
base,2,14,2.109253232930824,1.9028375781627538,382,96
base,2,15,2.074501376888485,1.8712461965330973,382,96
base,2,16,2.044991255897797,1.8549194465155545,382,96
base,2,17,2.010470441004835,1.8330224888546813,382,96
base,2,18,1.9901515078123273,1.8211880550695088,382,96
base,2,19,1.9534712750760135,1.7958346323087973,382,96
base,2,20,1.9209662265377248,1.7757624228118722,382,96
base,2,21,1.8971305870978994,1.7617852171605268,382,96
base,2,22,1.8662551206104439,1.7362360980305285,382,96
base,2,23,1.8392220584659147,1.718036818318321,382,96
base,2,24,1.8146341264718964,1.7064761638379744,382,96
base,2,25,1.7917184009919478,1.68968938884796,382,96
base,2,26,1.7654573497086945,1.6726352825262494,382,96
base,2,27,1.738720347366413,1.6616612022587904,382,96
base,2,28,1.7149514138344124,1.6443783331024653,382,96
base,2,29,1.6881445495273186,1.6288592087909597,382,96
base,2,30,1.658622751956807,1.6064007086746204,382,96
base,2,31,1.6366916419575177,1.5961536744345888,382,96
base,2,32,1.6190005903386695,1.5873836616764865,382,96
base,2,33,1.6014884785987074,1.5806423228682849,382,96
base,2,34,1.5846020337733304,1.5724562495407228,382,96
base,2,35,1.5674730626190927,1.5628672149467644,382,96
base,2,36,1.5485591613207284,1.5569182209021484,382,96
base,2,37,1.5336648002652793,1.5490853213933233,382,96
base,2,38,1.5200683847206389,1.543371398445129,382,96
base,2,39,1.5072007065354192,1.5349868744232,382,96
base,2,40,1.4910344039452432,1.5251481782667093,382,96
base,2,41,1.4736450571647652,1.513644555806991,382,96
base,2,42,1.455226992908932,1.5035948304488076,382,96
base,2,43,1.4382419151737622,1.494724680823955,382,96
base,2,44,1.4193343813228954,1.484418877233882,382,96
base,2,45,1.4050820442091296,1.4759614881931564,382,96
base,2,46,1.3945359106788375,1.4703088948778091,382,96
base,2,47,1.3811861223116981,1.4684883858930236,382,96
base,2,48,1.3656557868856565,1.4592870346732942,382,96
base,2,49,1.3485911808981481,1.4471620566294572,382,96
base,2,50,1.3256945888400207,1.4382997646467799,382,96
base,2,51,1.3144350697156097,1.436346266148738,382,96
base,2,52,1.3030615916844013,1.4306321076274437,382,96
base,2,53,1.292791395145011,1.4262438681498717,382,96
base,2,54,1.285139836963848,1.423085200823288,382,96
base,2,55,1.279012399503826,1.4202422459755346,382,96
base,2,56,1.2695170409506586,1.4185213379654857,382,96
base,2,57,1.2624649612735768,1.4148171466277977,382,96
base,2,58,1.2519922880926555,1.4116380418907402,382,96
base,2,59,1.244274435185216,1.4110457010033846,382,96
base,2,60,1.2307504743919788,1.4042565857534137,382,96
base,2,61,1.2201184647497298,1.3996829994384643,382,96
base,2,62,1.2106511874756238,1.3936397054175256,382,96
base,2,63,1.2017058572324768,1.3905367489886133,382,96
base,2,64,1.1894119728616244,1.3861291769509925,382,96
base,2,65,1.1792252826125944,1.382194350803177,382,96
base,2,66,1.1755283918366792,1.3813546649449473,382,96
base,2,67,1.1676455535451888,1.3743197247960048,382,96
base,2,68,1.1592507736023805,1.3690607513988025,382,96
base,2,69,1.1519331554469308,1.3652235611447954,382,96
base,2,70,1.1472621822790567,1.3636469038175019,382,96
base,2,71,1.1381901859812267,1.362516174951002,382,96
base,2,72,1.130351160481584,1.3596377487556555,382,96
base,2,73,1.121575012480166,1.3568864084211052,382,96
base,2,74,1.1112826285195223,1.3556621318483042,382,96
base,2,75,1.1060046060894744,1.3551155163652917,382,96
base,2,76,1.0999089400791344,1.3537080620349462,382,96
base,2,77,1.0958326262358282,1.3548282698269998,382,96
base,2,78,1.0888799918803818,1.3526755392036036,382,96
base,2,79,1.0833011213094976,1.3519753819853977,382,96
base,2,80,1.0752641191829582,1.3477396903309493,382,96
base,2,81,1.0700607810207128,1.3461495198601467,382,96
base,2,82,1.065021885228923,1.344919122962908,382,96
base,2,83,1.057376262995402,1.3410161775122633,382,96
base,2,84,1.0541267581038398,1.3400183174354434,382,96
base,2,85,1.051020844572037,1.340481576036722,382,96
base,2,86,1.0417838439936968,1.3353839705924968,382,96
base,2,87,1.0358719418831315,1.3350689186613165,382,96
base,2,88,1.029153629955887,1.3331895793813822,382,96
base,2,89,1.0232907622065677,1.3293666869314773,382,96
base,2,90,1.0208476926169132,1.3287428918177513,382,96
base,2,91,1.0172010897708714,1.3292465465478378,382,96
base,2,92,1.0131938660839688,1.3289440614757868,382,96
base,2,93,1.0052285366700426,1.3270683601499582,382,96
base,2,94,1.0020493227574545,1.3260129025561116,382,96
base,2,95,0.9970271212791004,1.3251907860018022,382,96
base,2,96,0.9920458461808949,1.3223862571373395,382,96
base,2,97,0.9886499135658288,1.322680614214363,382,96
base,2,98,0.9862008441127844,1.3199961178669684,382,96
base,2,99,0.9808142735441668,1.3204093661983063,382,96
base,2,100,0.9786474828909879,1.321755450390498,382,96
base,2,101,0.9734617841640857,1.318023714671632,382,96
base,2,102,0.9683964691313358,1.316769610991413,382,96
base,2,103,0.964461156562146,1.3154369159915396,382,96
base,2,104,0.9598016784924286,1.3141173993227062,382,96
base,2,105,0.9555567971304402,1.3145584395068142,382,96
base,2,106,0.9498987277779092,1.3148046786194099,382,96
base,2,107,0.9467279795352938,1.3138253443661325,382,96
base,2,108,0.9430004845320261,1.313413694941541,382,96
base,2,109,0.9384015473208602,1.3115121198031352,382,96
base,2,110,0.9352274488581858,1.311568921272603,382,96
base,2,111,0.9302042170296566,1.3087624068372876,382,96
base,2,112,0.9271527043527505,1.30763688426225,382,96
base,2,113,0.9214827632525308,1.3036541992479427,382,96
base,2,114,0.9173077605399765,1.302010075586894,382,96
base,2,115,0.9165152631511745,1.301796890050042,382,96
base,2,116,0.912007207597805,1.2999690347272648,382,96
base,2,117,0.9075614346601508,1.2967680936009,382,96
base,2,118,0.9050215032860005,1.2966116940264785,382,96
base,2,119,0.9034612925845179,1.2963480986786322,382,96
base,2,120,0.9004459071331863,1.2959401074382282,382,96
base,2,121,0.8990399899566932,1.2954408537468747,382,96
base,2,122,0.8972362595483527,1.2952926373886309,382,96
base,2,123,0.8924458595932546,1.2926950226940843,382,96
base,2,124,0.8876538854977123,1.292488132704408,382,96
base,2,125,0.8838676259358538,1.2894802742676215,382,96
base,2,126,0.8807521852533216,1.2897194617946843,382,96
base,2,127,0.8770186492495384,1.290339487561812,382,96
base,2,128,0.8734589993144051,1.289118950796585,382,96
base,2,129,0.8705209951167824,1.287729835970429,382,96
base,2,130,0.867957334159283,1.2867317269635785,382,96
base,2,131,0.8663756626928177,1.2868221693094564,382,96
base,2,132,0.8635250361488533,1.2844345582921552,382,96
base,2,133,0.8584426544061562,1.2831589219972201,382,96
base,2,134,0.8538415439947977,1.2835879096642269,382,96
base,2,135,0.8518072542680298,1.2841719660015545,382,96
base,2,136,0.8494451938358211,1.2831734981224807,382,96
base,2,137,0.8468027045184607,1.2809795077657051,382,96
base,2,138,0.8439916617771264,1.2795634260381639,382,96
base,2,139,0.8398665576247825,1.2780959981104516,382,96
base,2,140,0.837880562625905,1.278598492480657,382,96
base,2,141,0.8352162751290264,1.2781577232654995,382,96
base,2,142,0.8331461515709235,1.2784113063104117,382,96
base,2,143,0.8292547463315543,1.2771019911879693,382,96
base,2,144,0.8259897903571171,1.2759995885398607,382,96
base,2,145,0.8237416052340892,1.2762055281689824,382,96
base,2,146,0.8219591029787924,1.2763122951590076,382,96
base,2,147,0.8193141815100482,1.275992287551843,382,96
base,2,148,0.8178774077716595,1.2758820541499238,382,96
base,2,149,0.816428347758507,1.2753328555546464,382,96
base,2,150,0.815241732277074,1.2761692543128127,382,96
base,2,151,0.812966004821879,1.2768385250025547,382,96
base,2,152,0.8118590031043146,1.276569134702886,382,96
base,2,153,0.8104348204817241,1.277125880792163,382,96
base,2,154,0.8060518185714783,1.2762087659280068,382,96
base,2,155,0.8025179862102014,1.274942458569193,382,96
base,2,156,0.8011061129409888,1.2756997454213195,382,96
base,2,157,0.7967728389967258,1.2734081367581616,382,96
base,2,158,0.7953836606634228,1.273115432839978,382,96
base,2,159,0.7921010878643747,1.2698924277805785,382,96
base,2,160,0.78907591244581,1.2691527487440089,382,96
base,2,161,0.7857926862693955,1.2678816894481661,382,96
base,2,162,0.7849371519961155,1.2679126076903435,382,96
base,2,163,0.7837247127810527,1.2683713551565212,382,96
base,2,164,0.7802564928868757,1.2668289940679873,382,96
base,2,165,0.7789832332923318,1.2663580006229949,382,96
base,2,166,0.7745661784924803,1.2633260153599544,382,96
base,2,167,0.7731219318529812,1.2639527364727339,382,96
base,2,168,0.7703383133567849,1.2637813224051455,382,96
base,2,169,0.7693652084729755,1.2642490764453544,382,96
base,2,170,0.7663340863429451,1.2653693173593283,382,96
base,2,171,0.7627663360541419,1.2626853177258004,382,96
base,2,172,0.7579402038288598,1.2622173239543613,382,96
base,2,173,0.754558270804087,1.260932958247625,382,96
base,2,174,0.7535693682059409,1.2612024160630901,382,96
base,2,175,0.7525785642320567,1.2617238181197281,382,96
base,2,176,0.7487295520805699,1.2598428771422003,382,96
base,2,177,0.7453347191498931,1.2597381852165193,382,96
base,2,178,0.7437982693594115,1.2603839212711265,382,96
base,2,179,0.7428325770471501,1.2607753902460495,382,96
base,2,180,0.7402585886947479,1.259744651994632,382,96
base,2,181,0.7362978366224318,1.2591466710133246,382,96
base,2,182,0.7340250824656019,1.2575512520424406,382,96
base,2,183,0.7328145972587947,1.2581771497203027,382,96
base,2,184,0.7293470226874413,1.2582399652522156,382,96
base,2,185,0.7264498399676008,1.2590595124856234,382,96
base,2,186,0.7243780622052131,1.259226892718225,382,96
base,2,187,0.7230799574083515,1.2601025437724114,382,96
base,2,188,0.7220455805897017,1.260714702195221,382,96
base,2,189,0.7196101325360291,1.2603726998872724,382,96
base,2,190,0.7161334828230461,1.261318283098566,382,96
base,2,191,0.7130560964935863,1.2600675255898133,382,96
base,2,192,0.7122303677413635,1.2600675046416407,382,96
base,2,193,0.7115091045869805,1.260360332478094,382,96
base,2,194,0.7105399695386553,1.2609597383503928,382,96
base,2,195,0.7083598679670419,1.260935270829744,382,96
base,2,196,0.7046940002409033,1.2595961147092771,382,96
base,2,197,0.7009660854858809,1.2605345400884245,382,96
base,2,198,0.6988928997932013,1.2612182339321516,382,96
base,2,199,0.6956267751200277,1.2613398741784652,382,96
base,2,200,0.6932722778666186,1.2610293737198095,382,96
base,2,201,0.6923664795878464,1.261373460063677,382,96
base,2,202,0.6897102478335362,1.2610274203239629,382,96
base,2,203,0.6888591239359877,1.2615848397783642,382,96
base,2,204,0.6872543362107627,1.2608130119848768,382,96
base,2,205,0.6841354143424246,1.2596954885537281,382,96
base,2,206,0.6834440991867142,1.260044106208534,382,96
base,2,207,0.6827676172985757,1.2600444582194024,382,96
base,2,208,0.6821900759425193,1.2602537322146397,382,96
base,2,209,0.6815116087424341,1.2605853029257863,382,96
base,2,210,0.6791890653922515,1.2612904384946952,382,96
base,2,211,0.6764224060694887,1.2601745704167944,382,96
base,2,212,0.6756857554347674,1.2605257675397827,382,96
base,2,213,0.6736259508964809,1.2602802874959198,382,96
base,2,214,0.6710347016773163,1.2600617295085872,382,96
base,2,215,0.6684676650328812,1.260056296471155,382,96
base,2,216,0.6679077976721328,1.2598751157296866,382,96
base,2,217,0.6673085136219236,1.260173897269082,382,96
base,2,218,0.6656012801969655,1.2599304427895883,382,96
base,2,219,0.6632169979919985,1.259669328095416,382,96
base,2,220,0.6627090463219905,1.2598249466912261,382,96
base,2,221,0.6604479175313769,1.2589434483034703,382,96
base,2,222,0.6590608522475712,1.2573018016545774,382,96
base,2,223,0.6585031500213245,1.257065146721776,382,96
base,2,224,0.6558261902523265,1.2560587614339482,382,96
base,2,225,0.6539538040131577,1.2574843980250585,382,96
base,2,226,0.6533105522575371,1.2577444840060903,382,96
base,2,227,0.6521969543632493,1.2590554089315726,382,96
base,2,228,0.651647888745271,1.2592248860667261,382,96
base,2,229,0.6497718415096787,1.2582632783883554,382,96
base,2,230,0.6477378407921783,1.2565699374435826,382,96
base,2,231,0.6455597073220583,1.2564090790342846,382,96
base,2,232,0.6434075916889289,1.2563975229952389,382,96
base,2,233,0.6418754333696887,1.2569123358547791,382,96
base,2,234,0.6396188630928709,1.2567111803454583,382,96
base,2,235,0.637416887044832,1.255300720534016,382,96
base,2,236,0.636035369701788,1.2548226377353102,382,96
base,2,237,0.6346229699357006,1.255583913117021,382,96
base,2,238,0.63415357789306,1.2554527080585358,382,96
base,2,239,0.6317810444480031,1.255381837268397,382,96
base,2,240,0.6313343695313397,1.255098431406363,382,96
base,2,241,0.6308016550170711,1.2553583296328878,382,96
base,2,242,0.6303698940789471,1.2555386125758559,382,96
base,2,243,0.6289914299041832,1.2560885434102083,382,96
base,2,244,0.628550006714688,1.2562864815574672,382,96
base,2,245,0.6272504503792077,1.2562526411860586,382,96
base,2,246,0.6258237899174183,1.2564996431149689,382,96
base,2,247,0.6254215892236088,1.2565042566941087,382,96
base,2,248,0.6241502665914954,1.2562788974308774,382,96
base,2,249,0.6233495546619826,1.2555441516781565,382,96
base,2,250,0.6220527870117375,1.2570387212524599,382,96
base,2,251,0.6202454292095901,1.2560986592079553,382,96
base,2,252,0.6186623342854067,1.2559076597854293,382,96
base,2,253,0.6182194927750881,1.2561871509763787,382,96
base,2,254,0.6178433625014464,1.256425991610854,382,96
base,2,255,0.6168745563725665,1.2571342100529828,382,96
base,2,256,0.6147571387821628,1.2553560648071074,382,96
base,2,257,0.6135097689955189,1.2565927336748857,382,96
base,2,258,0.6118471536484934,1.2562268194148956,382,96
base,2,259,0.6114953531618503,1.256399275585401,382,96
base,2,260,0.6101276322446865,1.2560223839023412,382,96
base,2,261,0.6080871789430913,1.2558862216311817,382,96
base,2,262,0.6077313321307831,1.2561506236957414,382,96
base,2,263,0.607388219509183,1.2559224235716193,382,96
base,2,264,0.6069969102914136,1.256070580546619,382,96
base,2,265,0.606576761935762,1.2562794692204244,382,96
base,2,266,0.6054336283611089,1.2566403943032032,382,96
base,2,267,0.6051606145551219,1.2565059570671557,382,96
base,2,268,0.6034813517894198,1.2570260162589109,382,96
base,2,269,0.6031106641809632,1.2572832235062203,382,96
base,2,270,0.6023834705860984,1.2575042952593862,382,96
base,2,271,0.6012186914442494,1.2570802493717668,382,96
base,2,272,0.5999393711254063,1.2575708810161528,382,96
base,2,273,0.5990482449102431,1.2567378268964011,382,96
base,2,274,0.5976647526257536,1.2565198820516805,382,96
base,2,275,0.5959251195807126,1.256687727890315,382,96
base,2,276,0.5950926325052656,1.257525843279121,382,96
base,2,277,0.5945668733440856,1.2577169959454395,382,96
base,2,278,0.5935704602947086,1.2577156467390656,382,96
base,2,279,0.5917485892037461,1.2569476643146082,382,96
base,2,280,0.591258955549917,1.2571166835669723,382,96
base,2,281,0.5898193894258196,1.2571794194313664,382,96
base,2,282,0.5885893508398347,1.257021298859374,382,96
base,2,283,0.5882398110536365,1.2569723330340368,382,96
base,2,284,0.5874505841578974,1.2559316893068868,382,96
base,2,285,0.5859901588633373,1.2562560124570292,382,96
base,2,286,0.5848659087155662,1.2565029018851532,382,96
base,2,287,0.5838338627634085,1.2562129604806087,382,96
base,2,288,0.5835067568310698,1.2562671688467602,382,96
base,2,289,0.5830753467664013,1.2565330838047977,382,96
base,2,290,0.5828004237982964,1.256655684392486,382,96
base,2,291,0.5813865445788454,1.2562392555991,382,96
base,2,292,0.5800761410927245,1.2562925009043542,382,96
base,2,293,0.5793642223386851,1.2562087715911288,382,96
base,2,294,0.5778721009241208,1.2553269843502706,382,96
base,2,295,0.576521898250733,1.2548218261034068,382,96
base,2,296,0.5761499280501126,1.25490192377044,382,96
base,2,297,0.5748367703380936,1.2549470197675843,382,96
base,2,298,0.5743720071230435,1.254603142505486,382,96
base,2,299,0.573194780435323,1.2543219680465825,382,96
base,2,300,0.5723358848032327,1.253841174356387,382,96
base,2,301,0.5721450088247851,1.253762452229841,382,96
base,2,302,0.5706661054461957,1.2524741874759704,382,96
base,2,303,0.5700324705471521,1.2528056390805062,382,96
base,2,304,0.5698048195684488,1.2528226643365616,382,96
base,2,305,0.5687637329033955,1.2526959781955902,382,96
base,2,306,0.5673187847184029,1.2521784970860073,382,96
base,2,307,0.5670679446567283,1.252361255762938,382,96
base,2,308,0.56602865208115,1.25260622570428,382,96
base,2,309,0.5647265232391019,1.252549279327618,382,96
base,2,310,0.5635281547122033,1.2521940356676375,382,96
base,2,311,0.5628584366073871,1.2525353633085627,382,96
base,2,312,0.5622073797832855,1.251931453866599,382,96
base,2,313,0.5613063427214209,1.251787658848795,382,96
base,2,314,0.5604995958920905,1.2515543078177163,382,96
base,2,315,0.5596668570277278,1.251816740017457,382,96
base,2,316,0.5594708461322313,1.2515155154735207,382,96
base,2,317,0.558584800866011,1.251917252913283,382,96
base,2,318,0.5583535055112022,1.2521084209355735,382,96
base,2,319,0.5577513472028286,1.2518270241842078,382,96
base,2,320,0.5569119886950874,1.251141134174156,382,96
base,2,321,0.555941419526631,1.250809762686168,382,96
base,2,322,0.5557128448985894,1.2508941744406061,382,96
base,2,323,0.5555476290323018,1.250898127001912,382,96
base,2,324,0.5550299948471229,1.2504274111171283,382,96
base,2,325,0.554087119813094,1.2506157888862561,382,96
base,2,326,0.5538637121123122,1.2506471093217213,382,96
base,2,327,0.5528014521615253,1.2495288909807662,382,96
base,2,328,0.5516015661803241,1.2503869025208179,382,96
base,2,329,0.551048584213192,1.2505443192566452,382,96
base,2,330,0.5502920584815282,1.2498940121332789,382,96
base,2,331,0.5500990142405859,1.2499760031251954,382,96
base,2,332,0.5498819259276743,1.249651005332821,382,96
base,2,333,0.5497408213816023,1.249673530782361,382,96
base,2,334,0.548651949081033,1.2497900287237482,382,96
base,2,335,0.5475523403308779,1.2490036029244536,382,96
base,2,336,0.5471826496906449,1.2488749229671825,382,96
base,2,337,0.5461294402457997,1.2483185485669213,382,96
base,2,338,0.5455728652832947,1.248461203166987,382,96
base,2,339,0.5446847303013084,1.2480458034170288,382,96
base,2,340,0.5437362887564422,1.247336608537192,382,96
base,2,341,0.5430015158401956,1.247223260598282,382,96
base,2,342,0.5424989283271509,1.2469990843643284,382,96
base,2,343,0.5423760261139309,1.2469604576585929,382,96
base,2,344,0.541437972201263,1.246800503411755,382,96
base,2,345,0.5402470323542655,1.2462538229404108,382,96
base,2,346,0.5389739963357011,1.2455834636711962,382,96
base,2,347,0.5382160528090739,1.2459556906124103,382,96
base,2,348,0.5373306412043163,1.2459401991590586,382,96
base,2,349,0.5368337867086317,1.2464622041394748,382,96
base,2,350,0.5364731391393563,1.246121719139668,382,96
base,2,351,0.5356002039362924,1.245313257123796,382,96
base,2,352,0.535239926544472,1.2456270239813318,382,96
base,2,353,0.5349921324503921,1.2457627188198543,382,96
base,2,354,0.5343927311062762,1.2455977930343478,382,96
base,2,355,0.533843981954366,1.2457876285161684,382,96
base,2,356,0.5331373199216716,1.2454649968175422,382,96
base,2,357,0.5328892046443817,1.2455977529636328,382,96
base,2,358,0.5327338718702367,1.2457429459536724,382,96
base,2,359,0.532597152181202,1.2456454234667527,382,96
base,2,360,0.5317185702403293,1.2453193556801139,382,96
base,2,361,0.5315860630572701,1.2454201694778637,382,96
base,2,362,0.5309590286110838,1.2447290820679093,382,96
base,2,363,0.5304438681474158,1.2441645352528312,382,96
base,2,364,0.5302425963300238,1.2441348368556748,382,96
base,2,365,0.5290190767088815,1.2435721088532457,382,96
base,2,366,0.5287629207513527,1.2436142521440752,382,96
base,2,367,0.5281781400055224,1.243316485722,382,96
base,2,368,0.5272585048390375,1.2427428384150145,382,96
base,2,369,0.5268504395989719,1.2427458050212097,382,96
base,2,370,0.5267026258562001,1.2427865043013568,382,96
base,2,371,0.5262997540098201,1.2436257372747412,382,96
base,2,372,0.5259439049965156,1.2437483280907118,382,96
base,2,373,0.5253736824870388,1.2432013206146442,382,96
base,2,374,0.5248834647456829,1.2421113280618628,382,96
base,2,375,0.5243298865068405,1.2419774741684564,382,96
base,2,376,0.5239912469049597,1.2417316611191214,382,96
base,2,377,0.5235109939764165,1.2415682226749145,382,96
base,2,378,0.5231714207861147,1.2416220088778456,382,96
base,2,379,0.5225274957089892,1.2411326978643928,382,96
base,2,380,0.5219439252259326,1.2412496985808859,382,96
base,2,381,0.5209021631657536,1.240760913132045,382,96
base,2,382,0.5202232109427216,1.2399839668798467,382,96
base,2,383,0.5197058842964907,1.23982468967021,382,96
base,2,384,0.5189774945953842,1.2402472686005674,382,96
base,2,385,0.5186151514471371,1.2400466546883628,382,96
base,2,386,0.5180103563203384,1.2392257529309016,382,96
base,2,387,0.5175417584153915,1.2384664661868119,382,96
base,2,388,0.5172345281245577,1.2383767679013613,382,96
base,2,389,0.5171601455082363,1.2384735622621947,382,96
base,2,390,0.5168171667073086,1.2382553506679341,382,96
base,2,391,0.5160520493305241,1.237914381605678,382,96
base,2,392,0.515938668393932,1.2380196940712902,382,96
base,2,393,0.5158553086381351,1.2379959899403314,382,96
base,2,394,0.5151512950046614,1.2375170113861955,382,96
base,2,395,0.5149802607033027,1.237678444667584,382,96
base,2,396,0.5146281882485285,1.2381132099830554,382,96
base,2,397,0.5145294459116514,1.2379247538291493,382,96
base,2,398,0.5143104055354578,1.237917363373002,382,96
base,2,399,0.514058421289104,1.2376393625166924,382,96
base,2,400,0.5139136645701617,1.2376592505581139,382,96
base,2,401,0.5135052472044319,1.2375453622946508,382,96
base,2,402,0.5129814258818175,1.2372873130087976,382,96
base,2,403,0.5127432534931489,1.2371494579756086,382,96
base,2,404,0.5126611738189956,1.2371755656968768,382,96
base,2,405,0.5125009668579885,1.2372993467381013,382,96
base,2,406,0.5122865919746041,1.2370753834520583,382,96
base,2,407,0.5119107343530886,1.2371672419334072,382,96
base,2,408,0.5115949460100867,1.237445189403812,382,96
base,2,409,0.5112874267853299,1.2371691102303461,382,96
base,2,410,0.5106178364012154,1.2363736839495434,382,96
base,2,411,0.5100606916526207,1.2358650580544017,382,96
base,2,412,0.5099912810800038,1.2357563926396278,382,96
base,2,413,0.5094871255203044,1.2357574971681324,382,96
base,2,414,0.5091208427034579,1.2356305650952693,382,96
base,2,415,0.508802102049914,1.2361130243434972,382,96
base,2,416,0.5083482806710301,1.2365268146995216,382,96
base,2,417,0.5078107674182505,1.2365759316916767,382,96
base,2,418,0.5071229897131567,1.2364298683183557,382,96
base,2,419,0.5066992866080771,1.2364528802813186,382,96
base,2,420,0.5060647595620629,1.2369813076898963,382,96
base,2,421,0.5055373908492219,1.236616585104497,382,96
base,2,422,0.5050780796425929,1.2365243052303811,382,96
base,2,423,0.5049281046387211,1.2365579501798853,382,96
base,2,424,0.504670768133225,1.2366242735807798,382,96
base,2,425,0.5042015785037465,1.2366010612340066,382,96
base,2,426,0.5034814760058892,1.2365578100143455,382,96
base,2,427,0.503122329082845,1.2364548491013427,382,96
base,2,428,0.5030204398558934,1.2363292089142326,382,96
base,2,429,0.5023806206733784,1.2362212348586885,382,96
base,2,430,0.5019183860202054,1.2364300037099338,382,96
base,2,431,0.5017691131775494,1.2364076295676634,382,96
base,2,432,0.501342957722542,1.2363324522098886,382,96
base,2,433,0.5009874114557697,1.2363499536406541,382,96
base,2,434,0.5004419272878945,1.23585397640253,382,96
base,2,435,0.5002897666254295,1.2358220986969517,382,96
base,2,436,0.5000168527157618,1.2350319954181523,382,96
base,2,437,0.4996413626430123,1.235043220691028,382,96
base,2,438,0.49928577009028235,1.2347110089433713,382,96
base,2,439,0.49908120743177214,1.2347244297542348,382,96
base,2,440,0.4987482422621466,1.2345526814629562,382,96
base,2,441,0.49869248917948,1.2345972852001843,382,96
base,2,442,0.4981203400398954,1.2344007020369865,382,96
base,2,443,0.49768037804391724,1.2342250041880065,382,96
base,2,444,0.4973150507328556,1.2341910649560428,382,96
base,2,445,0.4970514005089497,1.2343780357972227,382,96
base,2,446,0.4964937486957612,1.2340116305489202,382,96
base,2,447,0.496079390847233,1.233835532951328,382,96
base,2,448,0.4957226775247806,1.2337790479883128,382,96
base,2,449,0.49547141556542035,1.2337074080196082,382,96
base,2,450,0.4952797607502032,1.2336447797645764,382,96
base,2,451,0.494963835582726,1.2332446462778552,382,96
base,2,452,0.49473386319357515,1.2332232547076216,382,96
base,2,453,0.49429449877437054,1.2328117033819703,382,96
base,2,454,0.49422202135372173,1.2329142990798012,382,96
base,2,455,0.49408695449128764,1.2327750923144423,382,96
base,2,456,0.49372237294085175,1.2326462721084674,382,96
base,2,457,0.49324273036508726,1.2325885537714685,382,96
base,2,458,0.4927414743920688,1.2323256297310015,382,96
base,2,459,0.49236626318915694,1.2319424188568657,382,96
base,2,460,0.4923125505700311,1.2320427117134336,382,96
base,2,461,0.4919382286067777,1.2313485329526224,382,96
base,2,462,0.4913597767433216,1.2306560900609047,382,96
base,2,463,0.49118736759858145,1.2308045309964954,382,96
base,2,464,0.49113697080522994,1.2309104301438345,382,96
base,2,465,0.4908219194061463,1.230738984402974,382,96
base,2,466,0.49071073905090157,1.230797101905663,382,96
base,2,467,0.49009632532982417,1.2303655556670698,382,96
base,2,468,0.48986945402684606,1.2306179182647476,382,96
base,2,469,0.48980324722365115,1.230634320779686,382,96
base,2,470,0.48961020479999395,1.2302426109436166,382,96
base,2,471,0.4893678610478625,1.2302465834512868,382,96
base,2,472,0.4892188483584664,1.230376105751943,382,96
base,2,473,0.4891315344680887,1.2302357620653728,382,96
base,2,474,0.4890495758769496,1.2301575283210198,382,96
base,2,475,0.4887375788176402,1.2301938358217548,382,96
base,2,476,0.4886906101685367,1.230299006825934,382,96
base,2,477,0.48864742452995585,1.2302649322530745,382,96
base,2,478,0.48833365292988906,1.230163078029761,382,96
base,2,479,0.4877850830508884,1.2295435752871227,382,96
base,2,480,0.48738533310820886,1.2290182879156024,382,96
base,2,481,0.48701963466248915,1.2289937975577525,382,96
base,2,482,0.4866892991128029,1.2290554059667036,382,96
base,2,483,0.48645550361446355,1.2290472037228557,382,96
base,2,484,0.4863197601236263,1.2290050540095778,382,96
base,2,485,0.48622185242674254,1.2290150112553022,382,96
base,2,486,0.4859833068932667,1.2290098296731748,382,96
base,2,487,0.4857763632802472,1.229072458328838,382,96
base,2,488,0.4854540534013931,1.2292244697718573,382,96
base,2,489,0.4851484001287555,1.2290455585364217,382,96
base,2,490,0.4850684809099264,1.22912223745429,382,96
base,2,491,0.4846873151388606,1.2295788658943203,382,96
base,2,492,0.4846359009638116,1.2296957830412707,382,96
base,2,493,0.48459223452287215,1.2297212255673609,382,96
base,2,494,0.48454365835304997,1.2298063389995424,382,96
base,2,495,0.4839322411809373,1.229944864901804,382,96
base,2,496,0.4835368969007662,1.2298198995461882,382,96
base,2,497,0.483209187666911,1.229247060253657,382,96
base,2,498,0.48294306358098704,1.2291137505592928,382,96
base,2,499,0.48262041222877583,1.2290326717562385,382,96
base,2,500,0.4825666064165504,1.2288294511085152,382,96
base,2,501,0.4821266016890529,1.228548001986157,382,96
base,2,502,0.4817461505838945,1.228310258922753,382,96
base,2,503,0.48169170459289373,1.228304990690484,382,96
base,2,504,0.48138677140991964,1.2285446278674061,382,96
base,2,505,0.48111111108535737,1.2282813556527505,382,96
base,2,506,0.4808274999941854,1.228152154168686,382,96
base,2,507,0.48054937339385745,1.228194944636157,382,96
base,2,508,0.4804563146883256,1.2283552407578269,382,96
base,2,509,0.4802142935625553,1.22832920707479,382,96
base,2,510,0.4801215475872699,1.2283749868178906,382,96
base,2,511,0.4798078915045666,1.2283679269301704,382,96
base,2,512,0.4795893272329596,1.2283449509288211,382,96
base,2,513,0.47950594301058697,1.2283039414139219,382,96
base,2,514,0.4793784193735095,1.2283342013987428,382,96
base,2,515,0.4792678913387837,1.2285921008489145,382,96
base,2,516,0.4791846216910082,1.2285991464852026,382,96
base,2,517,0.4787260112646322,1.227915424460796,382,96
base,2,518,0.47843075758599346,1.227396975226041,382,96
base,2,519,0.4781895649618085,1.227468749237604,382,96
base,2,520,0.4780787630671226,1.2274286596285924,382,96
base,2,521,0.47783188766600615,1.2274205345062141,382,96
base,2,522,0.47760323783092606,1.2274362428138366,382,96
base,2,523,0.4774109446449161,1.2274032904387895,382,96
base,2,524,0.4773437041107389,1.2274200371149442,382,96
base,2,525,0.4772871510140697,1.2274636037790119,382,96
base,2,526,0.4770489232569861,1.2270883334059401,382,96
base,2,527,0.47662750338104154,1.2273662098242177,382,96
base,2,528,0.4765928901036694,1.2273930923698273,382,96
base,2,529,0.4762240635774225,1.2269026048049314,382,96
base,2,530,0.4759854885847647,1.226440900917683,382,96
base,2,531,0.4757079011314661,1.226397034035958,382,96
base,2,532,0.4756575068969259,1.2264410825631535,382,96
base,2,533,0.4754682245603084,1.2266435634923938,382,96
base,2,534,0.47526546712713774,1.226394524998038,382,96
base,2,535,0.47506809534625194,1.2262342603454464,382,96
base,2,536,0.4747423389239,1.226259881671726,382,96
base,2,537,0.47463864211217205,1.2262004857067528,382,96
base,2,538,0.4744163858613546,1.226164554153131,382,96
base,2,539,0.4743862723463125,1.2261904452273824,382,96
base,2,540,0.47423153603647195,1.2261632897339758,382,96
base,2,541,0.4741594582914031,1.2259681688050401,382,96
base,2,542,0.47391415947633186,1.22588657777788,382,96
base,2,543,0.4738363250597804,1.2257815850941807,382,96
base,2,544,0.4735760436102695,1.2257440567442983,382,96
base,2,545,0.4733357052393477,1.2256243941385598,382,96
base,2,546,0.4731574392593402,1.2255938630790582,382,96
base,2,547,0.47268577784725224,1.2255998264236814,382,96
base,2,548,0.47242336007157043,1.2258091816307635,382,96
base,2,549,0.47227457904329895,1.2256732126164878,382,96
base,2,550,0.47225121316432817,1.2255545946318773,382,96
base,2,551,0.47205477073730495,1.2254722575048969,382,96
base,2,552,0.47198774215506895,1.2254796737010354,382,96
base,2,553,0.47195924064985456,1.2254391020026385,382,96
base,2,554,0.47190537290730483,1.2253666160930252,382,96
base,2,555,0.47183680050354876,1.2253912511701892,382,96
base,2,556,0.47155006215509876,1.225300774328351,382,96
base,2,557,0.4715199303869398,1.2252609738302893,382,96
base,2,558,0.47124725833873576,1.2253687632454155,382,96
base,2,559,0.4710646359377265,1.225483535366378,382,96
base,2,560,0.4708359203285429,1.2253143128077606,382,96
base,2,561,0.47063791951382433,1.225263371958023,382,96
base,2,562,0.470562470849858,1.2251717686058294,382,96
base,2,563,0.47033075322372275,1.2251944929116987,382,96
base,2,564,0.47021608634543216,1.2252263189819772,382,96
base,2,565,0.4701717077086816,1.2251134193368725,382,96
base,2,566,0.46986867353337347,1.2249932366130236,382,96
base,2,567,0.46957958053623544,1.2246210955202161,382,96
base,2,568,0.4692567556488793,1.224154998688657,382,96
base,2,569,0.46896313867581524,1.2238930531744097,382,96
base,2,570,0.46864595076543386,1.2236347520733826,382,96
base,2,571,0.468591256346168,1.223609435585616,382,96
base,2,572,0.4685398529137882,1.2236641857627433,382,96
base,2,573,0.46825143202375713,1.223359944474047,382,96
base,2,574,0.4680719531731335,1.223367865567251,382,96
base,2,575,0.46789090377016535,1.2232176081677157,382,96
base,2,576,0.46786869014588073,1.223184127005074,382,96
base,2,577,0.4676482772908694,1.2230261864116119,382,96
base,2,578,0.4674135772866726,1.2228810503982572,382,96
base,2,579,0.46729218605966993,1.222969062021005,382,96
base,2,580,0.46727499355484575,1.2229177001060276,382,96
base,2,581,0.46712883472586514,1.222762212765597,382,96
base,2,582,0.46698471180626505,1.222791135297932,382,96
base,2,583,0.4668082015964296,1.2227594504664616,382,96
base,2,584,0.46676794586567705,1.22283099940413,382,96
base,2,585,0.46663965829120424,1.222804876524221,382,96
base,2,586,0.4666184005821411,1.2226840828510932,382,96
base,2,587,0.46660622749034203,1.2226797954382014,382,96
base,2,588,0.46658618540113217,1.2227368342386296,382,96
base,2,589,0.46632070234964695,1.222352433685863,382,96
base,2,590,0.46620958261377576,1.222250018429942,382,96
base,2,591,0.46595878859284273,1.2222678039033248,382,96
base,2,592,0.46593628418669575,1.2222879883092963,382,96
base,2,593,0.4659116644322249,1.222336102775471,382,96
base,2,594,0.4658884747773832,1.2224280856578187,382,96
base,2,595,0.46582330243780784,1.222433350020688,382,96
base,2,596,0.46558810528683553,1.2226458903626047,382,96
base,2,597,0.4654747804831702,1.2229603932553834,382,96
base,2,598,0.4653307137995086,1.222745145783854,382,96
base,2,599,0.46508843357980983,1.2230034062208845,382,96
base,2,600,0.46503921769794965,1.2229230834683338,382,96
deep_slow,2,1,2.7091631963967004,2.3602374834902586,382,96
deep_slow,2,2,2.6766257947114047,2.3386756878117967,382,96
deep_slow,2,3,2.6407083554812507,2.315107682932019,382,96
deep_slow,2,4,2.6081057674225447,2.2892204975459207,382,96
deep_slow,2,5,2.570534985039712,2.262702401092616,382,96
deep_slow,2,6,2.535008113997547,2.2342730723213204,382,96
deep_slow,2,7,2.502887591667031,2.205710764437274,382,96
deep_slow,2,8,2.47695300198494,2.1879099133254254,382,96
deep_slow,2,9,2.4439601008428893,2.162034660738405,382,96
deep_slow,2,10,2.4171714530352237,2.139873471892912,382,96
deep_slow,2,11,2.383779026830394,2.112481761880116,382,96
deep_slow,2,12,2.354892922545969,2.092465751243395,382,96
deep_slow,2,13,2.329748761840795,2.06553482754842,382,96
deep_slow,2,14,2.2998393495592366,2.0445656424233136,382,96
deep_slow,2,15,2.274105515147587,2.0231770261675557,382,96
deep_slow,2,16,2.2489741029926837,2.0041065117742725,382,96
deep_slow,2,17,2.2282755197060187,1.990622976386578,382,96
deep_slow,2,18,2.2021742675509657,1.9761552385834031,382,96
deep_slow,2,19,2.173147708230147,1.9552399073715323,382,96
deep_slow,2,20,2.1504466683512695,1.9369495259628406,382,96
deep_slow,2,21,2.1255267481341225,1.9195354953657005,382,96
deep_slow,2,22,2.101123493119201,1.90249919791791,382,96
deep_slow,2,23,2.0811228964468076,1.8931617358434678,382,96
deep_slow,2,24,2.058424253385194,1.8767588718462043,382,96
deep_slow,2,25,2.037909824569408,1.8651247654670002,382,96
deep_slow,2,26,2.0173277497183726,1.850207030784606,382,96
deep_slow,2,27,1.9967017815035946,1.8338596513362504,382,96
deep_slow,2,28,1.9777423820584878,1.8210029967017685,382,96
deep_slow,2,29,1.9576653099258914,1.8087766323774364,382,96
deep_slow,2,30,1.9358257290776502,1.7989284052030183,382,96
deep_slow,2,31,1.9149121211033926,1.785584885728369,382,96
deep_slow,2,32,1.8947750797457377,1.7739878416336143,382,96
deep_slow,2,33,1.8764841121478337,1.761244294939729,382,96
deep_slow,2,34,1.8581198915776187,1.7445205728324051,382,96
deep_slow,2,35,1.8421188577682304,1.734078809749799,382,96
deep_slow,2,36,1.8260741002406418,1.7245657283835978,382,96
deep_slow,2,37,1.8078363218619156,1.717359969168056,382,96
deep_slow,2,38,1.7919720422277927,1.7075607797333145,382,96
deep_slow,2,39,1.7794687606196715,1.700489768498182,382,96
deep_slow,2,40,1.7623826998965648,1.6856726098612864,382,96
deep_slow,2,41,1.7467017574676167,1.6760579229009038,382,96
deep_slow,2,42,1.7318827975138378,1.6704291287777815,382,96
deep_slow,2,43,1.7128071837394676,1.6569905255417448,382,96
deep_slow,2,44,1.7005778541268322,1.650941568249349,382,96
deep_slow,2,45,1.6892711042997752,1.645544922786384,382,96
deep_slow,2,46,1.672971423354577,1.634732273861562,382,96
deep_slow,2,47,1.6598225192620453,1.6292955623288392,382,96
deep_slow,2,48,1.6465152147089057,1.6218848720712857,382,96
deep_slow,2,49,1.6352331780045617,1.6173391197706342,382,96
deep_slow,2,50,1.6218973150506488,1.6117546510589875,382,96
deep_slow,2,51,1.6097029889565642,1.607606014094305,382,96
deep_slow,2,52,1.5958273364458158,1.6024585267399463,382,96
deep_slow,2,53,1.5800833897472457,1.590653797510747,382,96
deep_slow,2,54,1.5669316977893324,1.583955382795658,382,96
deep_slow,2,55,1.5532246188091934,1.5758386408548097,382,96
deep_slow,2,56,1.5424908654765135,1.5716826302567521,382,96
deep_slow,2,57,1.53047407133459,1.5647008425390299,382,96
deep_slow,2,58,1.5189558324739756,1.5563038953250319,382,96
deep_slow,2,59,1.5073607342771789,1.5493682608305288,382,96
deep_slow,2,60,1.4969669350049148,1.5467402311589078,382,96
deep_slow,2,61,1.4876638647995837,1.5416906583444443,382,96
deep_slow,2,62,1.4779614588207186,1.5367412211513687,382,96
deep_slow,2,63,1.4647751316278614,1.5362658357221368,382,96
deep_slow,2,64,1.4554319242272613,1.532449253189415,382,96
deep_slow,2,65,1.4464037331618824,1.5250143458949752,382,96
deep_slow,2,66,1.438157269256096,1.5219514443007907,382,96
deep_slow,2,67,1.4257393330871626,1.5122817949752434,382,96
deep_slow,2,68,1.4168006084577582,1.5065160216325786,382,96
deep_slow,2,69,1.410432626267774,1.502783728428953,382,96
deep_slow,2,70,1.3978926541248062,1.4985525115828786,382,96
deep_slow,2,71,1.3919932225655347,1.496946234493208,382,96
deep_slow,2,72,1.3812849761401713,1.4913959053320656,382,96
deep_slow,2,73,1.3727047503231238,1.4874745703194558,382,96
deep_slow,2,74,1.3662542925940442,1.4847492711379409,382,96
deep_slow,2,75,1.3589138520242336,1.4796659130976795,382,96
deep_slow,2,76,1.3512344298472005,1.4782056569090396,382,96
deep_slow,2,77,1.341541526995267,1.475836373673604,382,96
deep_slow,2,78,1.3345104070782483,1.4723640549047676,382,96
deep_slow,2,79,1.3263883341284082,1.4683529769926438,382,96
deep_slow,2,80,1.3183665427305329,1.46555907425694,382,96
deep_slow,2,81,1.3107083376807462,1.4624561281370012,382,96
deep_slow,2,82,1.3033094918736097,1.459288964183272,382,96
deep_slow,2,83,1.2967694531285763,1.45535456519828,382,96
deep_slow,2,84,1.2907021539640728,1.453544831054292,382,96
deep_slow,2,85,1.2826945069012188,1.4499846884126844,382,96
deep_slow,2,86,1.2751948519770326,1.4455636600270871,382,96
deep_slow,2,87,1.2706178750513808,1.4432994877482288,382,96
deep_slow,2,88,1.2615784504916618,1.440494322782332,382,96
deep_slow,2,89,1.2529626515558991,1.4411313456950774,382,96
deep_slow,2,90,1.2462881131056665,1.4379192214727332,382,96
deep_slow,2,91,1.2389179366068381,1.4340844280155038,382,96
deep_slow,2,92,1.2314353952133474,1.4319685147680659,382,96
deep_slow,2,93,1.2270807977767064,1.4295851029037254,382,96
deep_slow,2,94,1.2188231623527215,1.4261467146358986,382,96
deep_slow,2,95,1.211845388104638,1.4232948531876508,382,96
deep_slow,2,96,1.2062826527504633,1.420859071874,382,96
deep_slow,2,97,1.1996953943561997,1.4185182330706014,382,96
deep_slow,2,98,1.1930332223146871,1.4135922423997367,382,96
deep_slow,2,99,1.1869843639285005,1.4083419340707006,382,96
deep_slow,2,100,1.1787805697056926,1.407163028333529,382,96
deep_slow,2,101,1.172173476753197,1.4038307874972769,382,96
deep_slow,2,102,1.1646955828132557,1.402980550597304,382,96
deep_slow,2,103,1.1591519253229223,1.4005984866027896,382,96
deep_slow,2,104,1.154283100441149,1.3982084926314304,382,96
deep_slow,2,105,1.148274751278289,1.3959385786242107,382,96
deep_slow,2,106,1.1408972687104486,1.3928030527602775,382,96
deep_slow,2,107,1.134717172515739,1.3920510335314615,382,96
deep_slow,2,108,1.1302348114148246,1.3900703027169856,382,96
deep_slow,2,109,1.1254748206257752,1.3877859443999319,382,96
deep_slow,2,110,1.1190462580469884,1.3853002071963327,382,96
deep_slow,2,111,1.1142066643223263,1.3853779879512635,382,96
deep_slow,2,112,1.107575745306528,1.3822784966890262,382,96
deep_slow,2,113,1.1028210624644041,1.3809753447546411,382,96
deep_slow,2,114,1.0975314970878465,1.3798044859282041,382,96
deep_slow,2,115,1.0917666239387072,1.3784301228398572,382,96
deep_slow,2,116,1.0870704232934347,1.3774376992928905,382,96
deep_slow,2,117,1.082075599047433,1.3761338699555385,382,96
deep_slow,2,118,1.0752003428756747,1.3734738441402594,382,96
deep_slow,2,119,1.0711882258787848,1.3712778060396351,382,96
deep_slow,2,120,1.0676127809862161,1.3713934415317874,382,96
deep_slow,2,121,1.061846685328063,1.369873270886632,382,96
deep_slow,2,122,1.0578457353627255,1.368627362292342,382,96
deep_slow,2,123,1.0538426841914235,1.366955724850596,382,96
deep_slow,2,124,1.0499612821254276,1.365374148178975,382,96
deep_slow,2,125,1.0448042219870395,1.3633494315815595,382,96
deep_slow,2,126,1.0412492591332498,1.362101206893569,382,96
deep_slow,2,127,1.0361338121990804,1.359700406908421,382,96
deep_slow,2,128,1.0325560362766313,1.3599975790320384,382,96
deep_slow,2,129,1.0292004257040404,1.3607389256505267,382,96
deep_slow,2,130,1.025853871616217,1.3598712533145527,382,96
deep_slow,2,131,1.0221077119614592,1.3603630384335086,382,96
deep_slow,2,132,1.018543839459822,1.3581152771430487,382,96
deep_slow,2,133,1.0134611851869202,1.3565733026734925,382,96
deep_slow,2,134,1.00879059814705,1.353586181489672,382,96
deep_slow,2,135,1.0065747239401646,1.3517216789985904,382,96
deep_slow,2,136,1.0020955320609963,1.3494968162384928,382,96
deep_slow,2,137,0.9986858032063229,1.3480337424878497,382,96
deep_slow,2,138,0.9950069408605016,1.3491427664884998,382,96
deep_slow,2,139,0.9898579011828432,1.3473346410318954,382,96
deep_slow,2,140,0.985955192410786,1.346200744889966,382,96
deep_slow,2,141,0.9830837647407857,1.345026552223309,382,96
deep_slow,2,142,0.9789046803463959,1.3430903371427378,382,96
deep_slow,2,143,0.9752175122715505,1.3412000080637814,382,96
deep_slow,2,144,0.9717474639834454,1.3406324287581588,382,96
deep_slow,2,145,0.9682812628734608,1.3393933186703009,382,96
deep_slow,2,146,0.9652632036943467,1.3369139529225464,382,96
deep_slow,2,147,0.9609485728093934,1.3356086438013701,382,96
deep_slow,2,148,0.9593303728000261,1.3353958044318621,382,96
deep_slow,2,149,0.9569972122678969,1.3355145261128216,382,96
deep_slow,2,150,0.9532434516774518,1.3337564906824901,382,96
deep_slow,2,151,0.9493508458841493,1.3327500037038167,382,96
deep_slow,2,152,0.9464143171759561,1.3307002080314438,382,96
deep_slow,2,153,0.9438849359108393,1.3305198827350462,382,96
deep_slow,2,154,0.9429466226646247,1.32988605266562,382,96
deep_slow,2,155,0.9391688595587062,1.3294717166418877,382,96
deep_slow,2,156,0.9362655969729412,1.3293703086322588,382,96
deep_slow,2,157,0.9337811890422483,1.3310355924790869,382,96
deep_slow,2,158,0.9325879727581956,1.330181236169834,382,96
deep_slow,2,159,0.9292637205467359,1.3288287930146427,382,96
deep_slow,2,160,0.9267512636826599,1.3280762090963882,382,96
deep_slow,2,161,0.9230930007470523,1.3258882197725634,382,96
deep_slow,2,162,0.9203401668089061,1.3255582693898653,382,96
deep_slow,2,163,0.915899742697874,1.3253513722040209,382,96
deep_slow,2,164,0.913478481562924,1.324539743007666,382,96
deep_slow,2,165,0.9110353050108432,1.3240096099292984,382,96
deep_slow,2,166,0.9084372747029615,1.3239899311981267,382,96
deep_slow,2,167,0.9063207846872587,1.3220888421036767,382,96
deep_slow,2,168,0.9037243152765864,1.321595929240945,382,96
deep_slow,2,169,0.9009793239478241,1.3206804331572835,382,96
deep_slow,2,170,0.8980949123650497,1.3213316922609701,382,96
deep_slow,2,171,0.8952768842978116,1.3207267403497016,382,96
deep_slow,2,172,0.8928218675819878,1.3204612433597478,382,96
deep_slow,2,173,0.8895402772678607,1.319109612081742,382,96
deep_slow,2,174,0.8855634077438146,1.3190327451194308,382,96
deep_slow,2,175,0.8824991064096581,1.3180574480873168,382,96
deep_slow,2,176,0.8798969073138191,1.3179818481473855,382,96
deep_slow,2,177,0.8768153647115422,1.316288183667317,382,96
deep_slow,2,178,0.8750627136677278,1.3158507796625345,382,96
deep_slow,2,179,0.872639112612655,1.3156855020288207,382,96
deep_slow,2,180,0.8712803752177675,1.3154147093467614,382,96
deep_slow,2,181,0.868472447195026,1.3137989190664787,382,96
deep_slow,2,182,0.8660472757387733,1.3132949829638811,382,96
deep_slow,2,183,0.8641685252738623,1.3129973039088267,382,96
deep_slow,2,184,0.862488353964073,1.312342848403678,382,96
deep_slow,2,185,0.8600395852100055,1.3123183194877168,382,96
deep_slow,2,186,0.856858147517452,1.3110182194141904,382,96
deep_slow,2,187,0.8550171975794358,1.3093454734323562,382,96
deep_slow,2,188,0.8528218089724418,1.3082836847244463,382,96
deep_slow,2,189,0.8492142279094109,1.3079322142290992,382,96
deep_slow,2,190,0.8455983681917306,1.3069060430033732,382,96
deep_slow,2,191,0.8427820843694082,1.30613548029551,382,96
deep_slow,2,192,0.8404198801819776,1.3058277101606197,382,96
deep_slow,2,193,0.8374381968404158,1.3056122359386628,382,96
deep_slow,2,194,0.83491602563157,1.3051780705643719,382,96
deep_slow,2,195,0.8317038492987552,1.3037943487577937,382,96
deep_slow,2,196,0.828961364457583,1.3021306310655216,382,96
deep_slow,2,197,0.8265584143365783,1.3007531652650537,382,96
deep_slow,2,198,0.8243687665804889,1.3000501389903023,382,96
deep_slow,2,199,0.822354234024823,1.2989416143449044,382,96
deep_slow,2,200,0.8192214369582668,1.2989138013118584,382,96
deep_slow,2,201,0.8163036646669102,1.2987843720670593,382,96
deep_slow,2,202,0.8143642461141295,1.2979692094491575,382,96
deep_slow,2,203,0.8119249310314995,1.2976361318635166,382,96
deep_slow,2,204,0.808952720703053,1.2954114673490094,382,96
deep_slow,2,205,0.8065428641644073,1.2946011206530679,382,96
deep_slow,2,206,0.8054697555987211,1.2942524195876597,382,96
deep_slow,2,207,0.803375003763203,1.2944454317112795,382,96
deep_slow,2,208,0.8011575082067471,1.2952715313964351,382,96
deep_slow,2,209,0.7997740377806534,1.2956931339811413,382,96
deep_slow,2,210,0.7970110781771551,1.295771919578253,382,96
deep_slow,2,211,0.7953747682959151,1.295536702689379,382,96
deep_slow,2,212,0.792701010041407,1.2949757181492272,382,96
deep_slow,2,213,0.7906096491448534,1.2943734060084107,382,96
deep_slow,2,214,0.7894630145707531,1.2941294529772498,382,96
deep_slow,2,215,0.7868162791171504,1.292875599293081,382,96
deep_slow,2,216,0.7854102347062173,1.2923092121891304,382,96
deep_slow,2,217,0.7837714188499716,1.2920458647783424,382,96
deep_slow,2,218,0.7831817384462745,1.2920690748038752,382,96
deep_slow,2,219,0.7814278904346437,1.2918922763931613,382,96
deep_slow,2,220,0.7808774708494391,1.2922055309818594,382,96
deep_slow,2,221,0.7786648273618023,1.2906879932575763,382,96
deep_slow,2,222,0.7768694813837738,1.2905814261909498,382,96
deep_slow,2,223,0.77377310118284,1.288576275977407,382,96
deep_slow,2,224,0.7707973533043632,1.287016362532652,382,96
deep_slow,2,225,0.7700796696181884,1.2868620509509467,382,96
deep_slow,2,226,0.7691591117602016,1.2866246522650917,382,96
deep_slow,2,227,0.7684115090067306,1.286686407484366,382,96
deep_slow,2,228,0.7671743895920683,1.2866605334330923,382,96
deep_slow,2,229,0.7659786308423351,1.2862733339959658,382,96
deep_slow,2,230,0.7637974419983189,1.286494294531164,382,96
deep_slow,2,231,0.7621585085124644,1.2872985312615197,382,96
deep_slow,2,232,0.760746063294525,1.2866159888573647,382,96
deep_slow,2,233,0.7587449755676982,1.2868662360459757,382,96
deep_slow,2,234,0.7578932371841224,1.2866538169819173,382,96
deep_slow,2,235,0.7558616396725178,1.2860061155346827,382,96
deep_slow,2,236,0.754891483805014,1.285762059462418,382,96
deep_slow,2,237,0.7539431528257434,1.2851268723739702,382,96
deep_slow,2,238,0.7520072138734585,1.284529117509157,382,96
deep_slow,2,239,0.7511077644121459,1.2840102816470476,382,96
deep_slow,2,240,0.7489528064575376,1.2847296059423285,382,96
deep_slow,2,241,0.7477282651908406,1.2851604004990893,382,96
deep_slow,2,242,0.7455147626814048,1.2850594991495665,382,96
deep_slow,2,243,0.7443977956485011,1.285185928472751,382,96
deep_slow,2,244,0.7421082286535234,1.285222890343434,382,96
deep_slow,2,245,0.7400860783949347,1.2847547394343501,382,96
deep_slow,2,246,0.7393735488037049,1.2846628217221572,382,96
deep_slow,2,247,0.7371422419799937,1.2841582413078358,382,96
deep_slow,2,248,0.7358378469849327,1.2840251205935185,382,96
deep_slow,2,249,0.7335168932060454,1.2829700241853472,382,96
deep_slow,2,250,0.7313191134526713,1.282208221797721,382,96
deep_slow,2,251,0.7304478116697053,1.2817721752526177,382,96
deep_slow,2,252,0.7297362245482724,1.281945455720927,382,96
deep_slow,2,253,0.7286627232029004,1.2823520029901383,382,96
deep_slow,2,254,0.7273044870777114,1.2820984639735822,382,96
deep_slow,2,255,0.7266356590576627,1.2817076798487752,382,96
deep_slow,2,256,0.7253258225406426,1.2806833700432683,382,96
deep_slow,2,257,0.7236977249572101,1.280060944315694,382,96
deep_slow,2,258,0.7225534996936473,1.2797291451633974,382,96
deep_slow,2,259,0.7203623548426898,1.2790604558567913,382,96
deep_slow,2,260,0.7190490579011406,1.2791508119018897,382,96
deep_slow,2,261,0.717019586094996,1.2779628402037726,382,96
deep_slow,2,262,0.7150413710853585,1.2773463537595928,382,96
deep_slow,2,263,0.7132726088533639,1.2770334007793747,382,96
deep_slow,2,264,0.7121615873941525,1.2767744652073787,382,96
deep_slow,2,265,0.7112892276656675,1.2768197008997166,382,96
deep_slow,2,266,0.7091245371361294,1.2762047585668743,382,96
deep_slow,2,267,0.7081245328023513,1.2760440403356619,382,96
deep_slow,2,268,0.707326213618861,1.2760386982929135,382,96
deep_slow,2,269,0.7055741073506314,1.2752332516131721,382,96
deep_slow,2,270,0.7050122350586422,1.2752966301072457,382,96
deep_slow,2,271,0.7045283471427791,1.2755196876005817,382,96
deep_slow,2,272,0.7022733206623935,1.2743117442793521,382,96
deep_slow,2,273,0.7007685365009516,1.2736301464996418,382,96
deep_slow,2,274,0.7000444692415162,1.274080957513259,382,96
deep_slow,2,275,0.6988789447456477,1.2741400291884215,382,96
deep_slow,2,276,0.6973456572132931,1.2745936007883545,382,96
deep_slow,2,277,0.6965975855020351,1.274746480372434,382,96
deep_slow,2,278,0.695496022643431,1.2734123911901511,382,96
deep_slow,2,279,0.6933455806669175,1.271745382943341,382,96
deep_slow,2,280,0.6924681089129966,1.2721104441675808,382,96
deep_slow,2,281,0.6911307607304926,1.2718743318931796,382,96
deep_slow,2,282,0.6897836605849369,1.2717393120622236,382,96
deep_slow,2,283,0.687722042677446,1.2712942648373133,382,96
deep_slow,2,284,0.6868362014320454,1.2708786519208455,382,96
deep_slow,2,285,0.6849514196635035,1.2706587002690959,382,96
deep_slow,2,286,0.6830092986417469,1.2693204483231946,382,96
deep_slow,2,287,0.6821970327747862,1.269794243901437,382,96
deep_slow,2,288,0.680479067210888,1.2694245723412894,382,96
deep_slow,2,289,0.6797967180007147,1.2700462126047805,382,96
deep_slow,2,290,0.6791368478346558,1.2701667439842703,382,96
deep_slow,2,291,0.6784866369385011,1.2704049373484165,382,96
deep_slow,2,292,0.6779460600451872,1.2705054528674093,382,96
deep_slow,2,293,0.6774526528345568,1.2706636137524316,382,96
deep_slow,2,294,0.6769118019978647,1.270763189249169,382,96
deep_slow,2,295,0.6747587133563384,1.2694636012546892,382,96
deep_slow,2,296,0.6732280375913796,1.2690571651862044,382,96
deep_slow,2,297,0.6716062648712505,1.2690181981987927,382,96
deep_slow,2,298,0.6709116504873385,1.2694328865355569,382,96
deep_slow,2,299,0.6693877950080446,1.268635663165081,382,96
deep_slow,2,300,0.6679094494971379,1.2678065371181777,382,96
deep_slow,2,301,0.6673538910894958,1.267976931885719,382,96
deep_slow,2,302,0.6660841167219123,1.267821844070006,382,96
deep_slow,2,303,0.663920830540774,1.2671683105360592,382,96
deep_slow,2,304,0.6623821678375252,1.267403992591423,382,96
deep_slow,2,305,0.6619522096916299,1.267510096757187,382,96
deep_slow,2,306,0.660628961032408,1.2680937575509126,382,96
deep_slow,2,307,0.6588895909610977,1.2683710091751579,382,96
deep_slow,2,308,0.6582701758671585,1.268576150483089,382,96
deep_slow,2,309,0.6571428198617365,1.2684640584089495,382,96
deep_slow,2,310,0.6566265925814236,1.2686811944684706,382,96
deep_slow,2,311,0.6561310412140827,1.26877947512005,382,96
deep_slow,2,312,0.6553545457632327,1.2688450251684003,382,96
deep_slow,2,313,0.6548444719753046,1.2690558303611343,382,96
deep_slow,2,314,0.6534151041150534,1.2689904922516704,382,96
deep_slow,2,315,0.6529039183477477,1.2692281205240241,382,96
deep_slow,2,316,0.6524441495873295,1.2694360162292169,382,96
deep_slow,2,317,0.65152594422663,1.2682415426048639,382,96
deep_slow,2,318,0.6506161819129288,1.268100057914159,382,96
deep_slow,2,319,0.6502280285104405,1.2681937268289307,382,96
deep_slow,2,320,0.6498479236980178,1.2682272066173133,382,96
deep_slow,2,321,0.6481711521897958,1.2673898494963385,382,96
deep_slow,2,322,0.6467333138369846,1.266998271513765,382,96
deep_slow,2,323,0.6449574798629871,1.265577739917666,382,96
deep_slow,2,324,0.6444996079653604,1.2657962725369496,382,96
deep_slow,2,325,0.6432004828170684,1.265520026439802,382,96
deep_slow,2,326,0.6427840216556849,1.2659862984890269,382,96
deep_slow,2,327,0.6414783217763065,1.2657675907656387,382,96
deep_slow,2,328,0.6402215749713296,1.265555426255924,382,96
deep_slow,2,329,0.6381635990663659,1.2650183569510378,382,96
deep_slow,2,330,0.6365255484463028,1.2642721923398728,382,96
deep_slow,2,331,0.6350980672318522,1.2643102726999942,382,96
deep_slow,2,332,0.634678389907308,1.264592562829896,382,96
deep_slow,2,333,0.6342272060412976,1.2647856352982523,382,96
deep_slow,2,334,0.6338177771062998,1.2646951913766689,382,96
deep_slow,2,335,0.6333946484527392,1.2649729843504331,382,96
deep_slow,2,336,0.6322568311046848,1.2646655366436694,382,96
deep_slow,2,337,0.6310245360011302,1.2643431391963214,382,96
deep_slow,2,338,0.6299660701321547,1.2647869640019238,382,96
deep_slow,2,339,0.6283447673862051,1.2635399394898925,382,96
deep_slow,2,340,0.6261668012632302,1.2622340250907902,382,96
deep_slow,2,341,0.6257084267448715,1.2622870151015848,382,96
deep_slow,2,342,0.6242597048285489,1.261694179422452,382,96
deep_slow,2,343,0.6226417642160731,1.260826745897711,382,96
deep_slow,2,344,0.6211781220787934,1.2605355786175048,382,96
deep_slow,2,345,0.6194028311299582,1.260011577506149,382,96
deep_slow,2,346,0.6190905145884452,1.2598909183580425,382,96
deep_slow,2,347,0.6187125606007698,1.25936311916181,382,96
deep_slow,2,348,0.618428784009433,1.2592186322297554,382,96
deep_slow,2,349,0.617218649111399,1.2583000433369085,382,96
deep_slow,2,350,0.616977879775653,1.2581476021464677,382,96
deep_slow,2,351,0.6162052031761824,1.258219291068256,382,96
deep_slow,2,352,0.615875958375785,1.2580882482215674,382,96
deep_slow,2,353,0.6144770459617027,1.2577807662353475,382,96
deep_slow,2,354,0.6128706338402437,1.257280313335233,382,96
deep_slow,2,355,0.6125580083951847,1.2572666585029184,382,96
deep_slow,2,356,0.611029471162041,1.2568646024843257,382,96
deep_slow,2,357,0.6099169816763965,1.2570257959891389,382,96
deep_slow,2,358,0.6095773891475784,1.257158220565869,382,96
deep_slow,2,359,0.608247548418413,1.2564897750787973,382,96
deep_slow,2,360,0.6073207425135617,1.2556523571210454,382,96
deep_slow,2,361,0.6070619233087712,1.2554293769687532,382,96
deep_slow,2,362,0.6055230805574618,1.2550861774022315,382,96
deep_slow,2,363,0.605210133991914,1.2550701461033793,382,96
deep_slow,2,364,0.6041241649641304,1.2551536371961074,382,96
deep_slow,2,365,0.6032032080586441,1.2547158466672985,382,96
deep_slow,2,366,0.6029043488400285,1.2548849872821624,382,96
deep_slow,2,367,0.6020011264013323,1.2543873846477809,382,96
deep_slow,2,368,0.6010536970880449,1.2540150346651335,382,96
deep_slow,2,369,0.5998824759768496,1.2531836184756444,382,96
deep_slow,2,370,0.5996304986483757,1.2532876701848366,382,96
deep_slow,2,371,0.5982290527465517,1.2525412324785958,382,96
deep_slow,2,372,0.5980112802873974,1.2524743485359955,382,96
deep_slow,2,373,0.5977231635986426,1.2521890249930276,382,96
deep_slow,2,374,0.5974799499357893,1.2521954139044522,382,96
deep_slow,2,375,0.5972033659012962,1.2522071096683183,382,96
deep_slow,2,376,0.5960702652873935,1.2516621966546813,382,96
deep_slow,2,377,0.5952099523743997,1.2510849095908008,382,96
deep_slow,2,378,0.5949225259922507,1.25113511707793,382,96
deep_slow,2,379,0.5938753477538463,1.2507596079353467,382,96
deep_slow,2,380,0.5936749525242513,1.2508285412204163,382,96
deep_slow,2,381,0.5930542269015889,1.250077536779297,382,96
deep_slow,2,382,0.592310334688401,1.2502106066239984,382,96
deep_slow,2,383,0.591401876584708,1.2500487868528283,382,96
deep_slow,2,384,0.5912236653747703,1.2501271523375899,382,96
deep_slow,2,385,0.5902080882920192,1.250199170335296,382,96
deep_slow,2,386,0.5899624261853208,1.2502865525945777,382,96
deep_slow,2,387,0.5890196877400601,1.2503493961645786,382,96
deep_slow,2,388,0.5880742825190016,1.250820123337816,382,96
deep_slow,2,389,0.587092437513579,1.2507016090151741,382,96
deep_slow,2,390,0.5868078620470973,1.250707583002328,382,96
deep_slow,2,391,0.5860429216481599,1.2507684805351262,382,96
deep_slow,2,392,0.5852160426128495,1.2504270576461551,382,96
deep_slow,2,393,0.5843185431970254,1.2496399526996218,382,96
deep_slow,2,394,0.5840926921667245,1.249657926470052,382,96
deep_slow,2,395,0.5834826795833262,1.2499960279520774,382,96
deep_slow,2,396,0.5823281274592201,1.25002097061803,382,96
deep_slow,2,397,0.5815379778584987,1.2503223532407755,382,96
deep_slow,2,398,0.581268032508767,1.2504458736255832,382,96
deep_slow,2,399,0.5806156799632401,1.2502567222645862,382,96
deep_slow,2,400,0.5797934055432263,1.2494114892729564,382,96
deep_slow,2,401,0.5788033279491012,1.2482388983509982,382,96
deep_slow,2,402,0.5785693248185845,1.2483350589316715,382,96
deep_slow,2,403,0.5783476561148828,1.2483636072399673,382,96
deep_slow,2,404,0.5775645259884569,1.2482104402133594,382,96
deep_slow,2,405,0.576865480781739,1.2482693937616602,382,96
deep_slow,2,406,0.5762095380947897,1.2476734707604589,382,96
deep_slow,2,407,0.5751691246926861,1.2467971490762617,382,96
deep_slow,2,408,0.574512336108851,1.247079441765173,382,96
deep_slow,2,409,0.5740496675436338,1.2463244326685226,382,96
deep_slow,2,410,0.5730625985109156,1.246609952883556,382,96
deep_slow,2,411,0.572270909339877,1.246507296823403,382,96
deep_slow,2,412,0.5713240843954626,1.2460277638660875,382,96
deep_slow,2,413,0.5705246664592103,1.2455866482703672,382,96
deep_slow,2,414,0.5696160797332578,1.2449105244698657,382,96
deep_slow,2,415,0.5688924018765771,1.2447552270442053,382,96
deep_slow,2,416,0.5679479377407722,1.2445393657088495,382,96
deep_slow,2,417,0.56752480666008,1.2441754947102759,382,96
deep_slow,2,418,0.5665967922071342,1.244125144158717,382,96
deep_slow,2,419,0.5663218681641188,1.244107315007884,382,96
deep_slow,2,420,0.5661176694511604,1.2441592614870878,382,96
deep_slow,2,421,0.5658905437080233,1.2440754879737417,382,96
deep_slow,2,422,0.5653251461605704,1.2442129111793692,382,96
deep_slow,2,423,0.564687161720599,1.2443806982848402,382,96
deep_slow,2,424,0.564485892921061,1.244474982562245,382,96
deep_slow,2,425,0.563750837524389,1.244011979791405,382,96
deep_slow,2,426,0.5633174839540687,1.2440077904427795,382,96
deep_slow,2,427,0.5627640603819121,1.243928920117067,382,96
deep_slow,2,428,0.5621178920783307,1.2436695719281796,382,96
deep_slow,2,429,0.561539926530544,1.2440053070736277,382,96
deep_slow,2,430,0.56057423130789,1.2435080262403793,382,96
deep_slow,2,431,0.5598147204856819,1.2431838101356136,382,96
deep_slow,2,432,0.5591327920843245,1.2429404237035313,382,96
deep_slow,2,433,0.5589506995329994,1.2430063845892594,382,96
deep_slow,2,434,0.558241567224079,1.2424296220086235,382,96
deep_slow,2,435,0.5575767402320897,1.242261745741791,382,96
deep_slow,2,436,0.5569218848230061,1.2421548542719538,382,96
deep_slow,2,437,0.5560397226173991,1.2421145049408144,382,96
deep_slow,2,438,0.5552066693034361,1.241385354523993,382,96
deep_slow,2,439,0.5546234616274994,1.2412594438154518,382,96
deep_slow,2,440,0.5537441424696639,1.240827446753119,382,96
deep_slow,2,441,0.5535243747182821,1.2411460971991266,382,96
deep_slow,2,442,0.5527021537190715,1.24110307522182,382,96
deep_slow,2,443,0.5522036169502524,1.241109995195412,382,96
deep_slow,2,444,0.551478838102382,1.240635736929954,382,96
deep_slow,2,445,0.5509669251686761,1.2407565061754011,382,96
deep_slow,2,446,0.5502745240312857,1.240741697464208,382,96
deep_slow,2,447,0.5500753930855915,1.2409587630474146,382,96
deep_slow,2,448,0.5494813456122895,1.2401840373692603,382,96
deep_slow,2,449,0.5492600197194134,1.2399344599422122,382,96
deep_slow,2,450,0.5490760056263387,1.2399543241694184,382,96
deep_slow,2,451,0.5482493628353508,1.2397784257252058,382,96
deep_slow,2,452,0.5474505339393745,1.2392303971334935,382,96
deep_slow,2,453,0.5472380490072353,1.239291281539251,382,96
deep_slow,2,454,0.5465274534185609,1.2388613600897818,382,96
deep_slow,2,455,0.5463659085470748,1.238916120114041,382,96
deep_slow,2,456,0.5462261527795491,1.2389619831129857,382,96
deep_slow,2,457,0.5456027172305321,1.238694670307668,382,96
deep_slow,2,458,0.5454515896845854,1.238784272471449,382,96
deep_slow,2,459,0.5448622744717952,1.238347685941946,382,96
deep_slow,2,460,0.5447235192446189,1.2383100927558182,382,96
deep_slow,2,461,0.5445175749282732,1.2383690109482084,382,96
deep_slow,2,462,0.5441009184478954,1.2386705221378151,382,96
deep_slow,2,463,0.5435241952220389,1.2388707399829946,382,96
deep_slow,2,464,0.5433741850656781,1.2388016553712082,382,96
deep_slow,2,465,0.5425663303738704,1.238814685206814,382,96
deep_slow,2,466,0.5423846090285355,1.2390280594134333,382,96
deep_slow,2,467,0.5422465454268076,1.2390952590848294,382,96
deep_slow,2,468,0.5420606499235366,1.2387973194329425,382,96
deep_slow,2,469,0.5413923352967186,1.2385180786937438,382,96
deep_slow,2,470,0.5409787404923264,1.2382097431790142,382,96
deep_slow,2,471,0.540340265596612,1.238160639904059,382,96
deep_slow,2,472,0.5400917754149288,1.2379983891215194,382,96
deep_slow,2,473,0.5399183629590906,1.2382017634845208,382,96
deep_slow,2,474,0.5390870079789891,1.2377621523304827,382,96
deep_slow,2,475,0.538416538072644,1.2376761899142126,382,96
deep_slow,2,476,0.5378838935449543,1.2370883115380609,382,96
deep_slow,2,477,0.5373653559430577,1.2371012362656584,382,96
deep_slow,2,478,0.536753093111399,1.2368181021364837,382,96
deep_slow,2,479,0.5361928599274166,1.236358297203671,382,96
deep_slow,2,480,0.535529776865912,1.2363130538200378,382,96
deep_slow,2,481,0.5349755587718118,1.2360132239674462,382,96
deep_slow,2,482,0.5344270208356345,1.2359950315977946,382,96
deep_slow,2,483,0.534259120939951,1.2362084272902374,382,96
deep_slow,2,484,0.534137845301533,1.2361290691709264,382,96
deep_slow,2,485,0.533525729859186,1.2361228123645258,382,96
deep_slow,2,486,0.5329405017410213,1.2356434877230698,382,96
deep_slow,2,487,0.5323717385439096,1.2356486760835153,382,96
deep_slow,2,488,0.5319245335711145,1.2351331070703555,382,96
deep_slow,2,489,0.5315014618062021,1.2348436641887355,382,96
deep_slow,2,490,0.5313829731688734,1.2347740606494995,382,96
deep_slow,2,491,0.531087418805545,1.2347862060121524,382,96
deep_slow,2,492,0.5309437959502121,1.235023583500678,382,96
deep_slow,2,493,0.5304431474860394,1.2350098951839685,382,96
deep_slow,2,494,0.5299903372827042,1.2349463541051668,382,96
deep_slow,2,495,0.5297492809882057,1.234809044698699,382,96
deep_slow,2,496,0.5294210744296224,1.2348528677245854,382,96
deep_slow,2,497,0.5290085814754928,1.2347373321082824,382,96
deep_slow,2,498,0.5284691673488274,1.2349588428720626,382,96
deep_slow,2,499,0.5280507358789585,1.2348616464064956,382,96
deep_slow,2,500,0.5279729579111083,1.2348433688663445,382,96
deep_slow,2,501,0.5275263562999128,1.2346546783999053,382,96
deep_slow,2,502,0.5272444716561052,1.234737753574382,382,96
deep_slow,2,503,0.5271092204723052,1.234672384446518,382,96
deep_slow,2,504,0.5267836779968338,1.2343233247978767,382,96
deep_slow,2,505,0.526144166696665,1.2338407019348385,382,96
deep_slow,2,506,0.525742283124971,1.2337668633756083,382,96
deep_slow,2,507,0.5252995991131361,1.2337599296912514,382,96
deep_slow,2,508,0.5248198236952963,1.2335068671693141,382,96
deep_slow,2,509,0.5242557500014737,1.2336722808616694,382,96
deep_slow,2,510,0.5238456039662499,1.2333714412488732,382,96
deep_slow,2,511,0.5232969599641456,1.233076496385424,382,96
deep_slow,2,512,0.5231658052795064,1.2330641212887425,382,96
deep_slow,2,513,0.5228960581562772,1.233093775790381,382,96
deep_slow,2,514,0.522815446508012,1.2331174354076653,382,96
deep_slow,2,515,0.522745183950824,1.233086103701822,382,96
deep_slow,2,516,0.5221619731993937,1.232953487518969,382,96
deep_slow,2,517,0.5218418468838701,1.2328694748668982,382,96
deep_slow,2,518,0.5214992510212246,1.2324421143993247,382,96
deep_slow,2,519,0.52115704706135,1.2327241002632483,382,96
deep_slow,2,520,0.5210641816699337,1.2328004062772289,382,96
deep_slow,2,521,0.5206495503585973,1.2325234705100954,382,96
deep_slow,2,522,0.5203949854236052,1.2325465908257887,382,96
deep_slow,2,523,0.519832532993276,1.2318144656814394,382,96
deep_slow,2,524,0.5196116363571772,1.2317738013972837,382,96
deep_slow,2,525,0.5195266909872661,1.2317237243921897,382,96
deep_slow,2,526,0.5190247691162237,1.2313484397890049,382,96
deep_slow,2,527,0.5188928635827621,1.2315562416951213,382,96
deep_slow,2,528,0.5188085012377623,1.2316051583539664,382,96
deep_slow,2,529,0.5187157327760875,1.2316878747336317,382,96
deep_slow,2,530,0.5185648575155085,1.2318633455172117,382,96
deep_slow,2,531,0.5184728949367549,1.2318370190214676,382,96
deep_slow,2,532,0.5180620568063409,1.2315661149182615,382,96
deep_slow,2,533,0.5176961620928194,1.2314175913956609,382,96
deep_slow,2,534,0.5176164500598789,1.231389704616729,382,96
deep_slow,2,535,0.5172946598255346,1.2314707251838415,382,96
deep_slow,2,536,0.5170316197923547,1.2315566125339341,382,96
deep_slow,2,537,0.516759664583453,1.231553146225231,382,96
deep_slow,2,538,0.5164328511873157,1.2317981027298763,382,96
deep_slow,2,539,0.5163417549198469,1.2318762991778942,382,96
deep_slow,2,540,0.5160958594225848,1.2319313865246546,382,96
deep_slow,2,541,0.5157154167925243,1.2319055249624005,382,96
deep_slow,2,542,0.5153382104953251,1.2317741493596415,382,96
deep_slow,2,543,0.5152631841406732,1.2317793169154159,382,96
deep_slow,2,544,0.5151635631801578,1.2316513137033132,382,96
deep_slow,2,545,0.5150786639150033,1.2316956326702972,382,96
deep_slow,2,546,0.5145729082582474,1.2314711879954672,382,96
deep_slow,2,547,0.5145009232019377,1.2314266249627779,382,96
deep_slow,2,548,0.514126627621915,1.2313502297986532,382,96
deep_slow,2,549,0.5137071546337911,1.2310634106478429,382,96
deep_slow,2,550,0.5136290324185904,1.2310207672011289,382,96
deep_slow,2,551,0.5133159011291681,1.2306303361613247,382,96
deep_slow,2,552,0.5131073617429474,1.230654922292805,382,96
deep_slow,2,553,0.5127644153559024,1.2307787981635987,382,96
deep_slow,2,554,0.5122443950477169,1.2306174188990702,382,96
deep_slow,2,555,0.51209345608761,1.2307107544971287,382,96
deep_slow,2,556,0.5117213218681953,1.2305779696802628,382,96
deep_slow,2,557,0.5112644702980704,1.2303386874900295,382,96
deep_slow,2,558,0.5107901281650846,1.2304561202034343,382,96
deep_slow,2,559,0.5107507517516299,1.2304256832742089,382,96
deep_slow,2,560,0.5104037112864537,1.230175645343672,382,96
deep_slow,2,561,0.5101852861098278,1.2299657691497141,382,96
deep_slow,2,562,0.5098565268608655,1.2297529408032701,382,96
deep_slow,2,563,0.5097961307174693,1.2296726894944983,382,96
deep_slow,2,564,0.50933259067,1.22950697416849,382,96
deep_slow,2,565,0.5088496973177807,1.22930592878189,382,96
deep_slow,2,566,0.5085033610223387,1.2293558820764312,382,96
deep_slow,2,567,0.5083372467595495,1.2291754237709027,382,96
deep_slow,2,568,0.5082669543031603,1.2292631350075425,382,96
deep_slow,2,569,0.5081984739158156,1.2293053821791604,382,96
deep_slow,2,570,0.5081226780761114,1.229333596560906,382,96
deep_slow,2,571,0.5078759505330043,1.2291048852716309,382,96
deep_slow,2,572,0.5078058226202514,1.2292158650826792,382,96
deep_slow,2,573,0.5074589000036139,1.2289710254688877,382,96
deep_slow,2,574,0.5069470717924156,1.2287192817160921,382,96
deep_slow,2,575,0.5068101404224773,1.228841745866878,382,96
deep_slow,2,576,0.5067329304617554,1.2288710533971128,382,96
deep_slow,2,577,0.5064893917353438,1.2287785644562943,382,96
deep_slow,2,578,0.5059391390701466,1.2284322488068653,382,96
deep_slow,2,579,0.5056101074598272,1.2280581441670038,382,96
deep_slow,2,580,0.5055507934925201,1.2280890532586082,382,96
deep_slow,2,581,0.5053429875686225,1.227881634463601,382,96
deep_slow,2,582,0.5052198340959091,1.2279858789125913,382,96
deep_slow,2,583,0.505160771236656,1.2279646661082377,382,96
deep_slow,2,584,0.5048740772516522,1.2279378528253853,382,96
deep_slow,2,585,0.5044444761825215,1.2279453687154145,382,96
deep_slow,2,586,0.5040227696464172,1.227559010999041,382,96
deep_slow,2,587,0.5039761886107429,1.227557705775,382,96
deep_slow,2,588,0.5036433035653854,1.2274777592802188,382,96
deep_slow,2,589,0.5035863081937052,1.2274843597177936,382,96
deep_slow,2,590,0.5032119833396561,1.2273686774912074,382,96
deep_slow,2,591,0.5027301393050887,1.227204190555006,382,96
deep_slow,2,592,0.5026743545699155,1.2271810305056912,382,96
deep_slow,2,593,0.5025683430460853,1.227083204885967,382,96
deep_slow,2,594,0.5024387575864288,1.227252683191303,382,96
deep_slow,2,595,0.502187809019279,1.2271175185148582,382,96
deep_slow,2,596,0.5020903685364194,1.2272144398186444,382,96
deep_slow,2,597,0.5017702379914571,1.2269853958992087,382,96
deep_slow,2,598,0.5015154324987299,1.2270035185229924,382,96
deep_slow,2,599,0.5011818065917433,1.2269264336700518,382,96
deep_slow,2,600,0.5009450179388621,1.2266467766998248,382,96
deep_slow,2,601,0.5004996182327047,1.2264482636633383,382,96
deep_slow,2,602,0.5003094810268258,1.2263910123238242,382,96
deep_slow,2,603,0.5000233869712607,1.2260732239010843,382,96
deep_slow,2,604,0.49958963810221785,1.2260149602040864,382,96
deep_slow,2,605,0.4992997623565931,1.225683176021197,382,96
deep_slow,2,606,0.4989816428775531,1.2255032560008237,382,96
deep_slow,2,607,0.49869843443632983,1.2254562309876749,382,96
deep_slow,2,608,0.4984951421103242,1.2254605957453821,382,96
deep_slow,2,609,0.4982667494120403,1.2253681658735744,382,96
deep_slow,2,610,0.49784358762455705,1.2250995043614397,382,96
deep_slow,2,611,0.49778789567573994,1.225109809670335,382,96
deep_slow,2,612,0.4976052324753059,1.2248554573361627,382,96
deep_slow,2,613,0.49743966790524713,1.2248816337136792,382,96
deep_slow,2,614,0.4972160452368393,1.224849318341346,382,96
deep_slow,2,615,0.4968383137145923,1.2249643273209971,382,96
deep_slow,2,616,0.49673429507813377,1.2249692419182818,382,96
deep_slow,2,617,0.496434975499187,1.2247653931946805,382,96
deep_slow,2,618,0.49619132648167097,1.224569075593887,382,96
deep_slow,2,619,0.49597330686776087,1.2246340095383552,382,96
deep_slow,2,620,0.4956386884138143,1.2248853374334385,382,96
deep_slow,2,621,0.4954320742329463,1.225305486610016,382,96
deep_slow,2,622,0.4953138655497926,1.225246743702262,382,96
deep_slow,2,623,0.4951158097511068,1.2253946505062643,382,96
deep_slow,2,624,0.49497161030105385,1.2252945743887584,382,96
deep_slow,2,625,0.4947548190928231,1.2249806679574509,382,96
deep_slow,2,626,0.49445522346864706,1.2247720733105836,382,96
deep_slow,2,627,0.494114686078018,1.22463916117577,382,96
deep_slow,2,628,0.4937116476293222,1.224495999066878,382,96
deep_slow,2,629,0.49367823617689915,1.2244732944928625,382,96
deep_slow,2,630,0.4932450031797951,1.224108570320066,382,96
deep_slow,2,631,0.4931922504668118,1.224171152758694,382,96
deep_slow,2,632,0.49284461944893704,1.2238172684270223,382,96
deep_slow,2,633,0.49278136955257584,1.223831797965978,382,96
deep_slow,2,634,0.4924302055418542,1.2236365375451244,382,96
deep_slow,2,635,0.49239443674267525,1.2236457508584948,382,96
deep_slow,2,636,0.4921567909341078,1.2235200361126763,382,96
deep_slow,2,637,0.4921061719296494,1.2235412566714188,382,96
deep_slow,2,638,0.4918704459864492,1.223289024240385,382,96
deep_slow,2,639,0.49174720826157026,1.223302873181292,382,96
deep_slow,2,640,0.49151852707529853,1.223210456756684,382,96
deep_slow,2,641,0.49124824356832575,1.2230683217132128,382,96
deep_slow,2,642,0.4909837175641285,1.223074095532996,382,96
deep_slow,2,643,0.4907519312141083,1.2230973489084338,382,96
deep_slow,2,644,0.4905857252787473,1.2230952107734832,382,96
deep_slow,2,645,0.4904335151248069,1.223298892840075,382,96
deep_slow,2,646,0.4903467025570037,1.2233323801996803,382,96
deep_slow,2,647,0.49022335599608646,1.2233562511161684,382,96
deep_slow,2,648,0.49016901317976724,1.2233764713455915,382,96
deep_slow,2,649,0.4900017131200945,1.2234529440022743,382,96
deep_slow,2,650,0.4897160531508451,1.2231929419316863,382,96
deep_slow,2,651,0.4893696434555438,1.222599395465879,382,96
deep_slow,2,652,0.48932758728041686,1.222656264459112,382,96
deep_slow,2,653,0.48929606191530667,1.222663383660376,382,96
deep_slow,2,654,0.4890819310487703,1.222371372148511,382,96
deep_slow,2,655,0.4889891787583897,1.222457632647796,382,96
deep_slow,2,656,0.4887625355002679,1.2223988296211548,382,96
deep_slow,2,657,0.48858014204148376,1.222252288224516,382,96
deep_slow,2,658,0.4884243353599485,1.222456733552772,382,96
deep_slow,2,659,0.4882323748371093,1.2220314527739238,382,96
deep_slow,2,660,0.4879850456783178,1.2218068712377794,382,96
deep_slow,2,661,0.48762535665212936,1.2215346716081241,382,96
deep_slow,2,662,0.4873396326683203,1.2215797641468293,382,96
deep_slow,2,663,0.48724001300627917,1.2215126981027977,382,96
deep_slow,2,664,0.48719013877987555,1.221523128723809,382,96
deep_slow,2,665,0.4869426026601751,1.2214210736592102,382,96
deep_slow,2,666,0.48679578256483524,1.2213843976168637,382,96
deep_slow,2,667,0.48672048709869614,1.2214726646809513,382,96
deep_slow,2,668,0.4866378612512782,1.2215839805849695,382,96
deep_slow,2,669,0.4864582620906332,1.2214137504568896,382,96
deep_slow,2,670,0.4864223691293349,1.221460900554867,382,96
deep_slow,2,671,0.4861147014908092,1.2211995191068077,382,96
deep_slow,2,672,0.48608116717698496,1.2212411932633727,382,96
deep_slow,2,673,0.4858076046572459,1.221184660685995,382,96
deep_slow,2,674,0.48572933489637643,1.2211832186913878,382,96
deep_slow,2,675,0.48555405047379,1.2210643336627858,382,96
deep_slow,2,676,0.48544141950064346,1.2209850376112485,382,96
deep_slow,2,677,0.48525476484634966,1.2208285607366318,382,96
deep_slow,2,678,0.48487809033703894,1.220951732567491,382,96
deep_slow,2,679,0.48476228353650935,1.220939430368284,382,96
deep_slow,2,680,0.4844254403255103,1.220508217076554,382,96
deep_slow,2,681,0.4841701008943585,1.2204261705466282,382,96
deep_slow,2,682,0.48404526650992635,1.2202336553792827,382,96
deep_slow,2,683,0.48398811121276736,1.220211483810551,382,96
deep_slow,2,684,0.48385218180130307,1.2200829897257324,382,96
deep_slow,2,685,0.48377956500060004,1.220113277127584,382,96
deep_slow,2,686,0.483542408263051,1.2199471768763903,382,96
deep_slow,2,687,0.48332513879979605,1.219927881319076,382,96
deep_slow,2,688,0.4832944093197311,1.2200030780871696,382,96
deep_slow,2,689,0.483044090174237,1.2199847388247993,382,96
deep_slow,2,690,0.48295888678528665,1.2201076745150858,382,96
deep_slow,2,691,0.4829190417992572,1.2200378037875304,382,96
deep_slow,2,692,0.4825603020123224,1.2195865196792202,382,96
deep_slow,2,693,0.4823506811778356,1.2194767739919639,382,96
deep_slow,2,694,0.48209678526714933,1.2195089547015407,382,96
deep_slow,2,695,0.48194629269502726,1.2194169364543108,382,96
deep_slow,2,696,0.48172999730617905,1.219289490808942,382,96
deep_slow,2,697,0.4813455071630579,1.219100242149353,382,96
deep_slow,2,698,0.4811295507129431,1.219038565772468,382,96
deep_slow,2,699,0.4810574319614494,1.2189636145940461,382,96
deep_slow,2,700,0.4808645807106328,1.2185480063491134,382,96
deep_slow,2,701,0.48065048216870454,1.2185566906383185,382,96
deep_slow,2,702,0.48039769440015395,1.2181525153889554,382,96
deep_slow,2,703,0.4800997496059563,1.2181592598051314,382,96
deep_slow,2,704,0.4799124222530546,1.21774915610869,382,96
deep_slow,2,705,0.47976330835980074,1.217716684953195,382,96
deep_slow,2,706,0.47973249142971414,1.2176686274437023,382,96
deep_slow,2,707,0.47952538315661475,1.2176424868837752,382,96
deep_slow,2,708,0.47943056152571245,1.2175700903690034,382,96
deep_slow,2,709,0.47927575329949557,1.217509187213902,382,96
deep_slow,2,710,0.47905219975705415,1.217232919443209,382,96
deep_slow,2,711,0.47886955766418426,1.2170568757776525,382,96
deep_slow,2,712,0.4786574034142152,1.2171012634396223,382,96
deep_slow,2,713,0.47842071736760144,1.2169474236644002,382,96
deep_slow,2,714,0.4783890841331807,1.2169376323487444,382,96
deep_slow,2,715,0.47828860963024755,1.2169765850432415,382,96
deep_slow,2,716,0.47800629383729176,1.2169723535879369,382,96
deep_slow,2,717,0.47785034832384393,1.2167870268765086,382,96
deep_slow,2,718,0.4778250014995802,1.216777806432961,382,96
deep_slow,2,719,0.4777525601744072,1.2167860252986882,382,96
deep_slow,2,720,0.47750719714031303,1.2167229583078012,382,96
deep_slow,2,721,0.4774519135549261,1.216557698349807,382,96
deep_slow,2,722,0.47736235135087124,1.2163599376199195,382,96
deep_slow,2,723,0.4773039790985484,1.216405514921636,382,96
deep_slow,2,724,0.47709369362265025,1.2163334346396644,382,96
deep_slow,2,725,0.4768443596251962,1.2159557415583764,382,96
deep_slow,2,726,0.47658090985674006,1.2159178214359465,382,96
deep_slow,2,727,0.4765463581433268,1.215824526929768,382,96
deep_slow,2,728,0.47642381528638156,1.215736568515732,382,96
deep_slow,2,729,0.4763847407689878,1.2157403897355443,382,96
deep_slow,2,730,0.4762470677451289,1.2156873558539738,382,96
deep_slow,2,731,0.47605620599593534,1.2156015054314238,382,96
deep_slow,2,732,0.47587847693619856,1.2154816853570278,382,96
deep_slow,2,733,0.47569075669919214,1.2155202189952286,382,96
deep_slow,2,734,0.47555865552833343,1.2154274136182501,382,96
deep_slow,2,735,0.47534954391573314,1.2151403609089364,382,96
deep_slow,2,736,0.4752253537010712,1.215175743487214,382,96
deep_slow,2,737,0.4750084337145772,1.2151013092888017,382,96
deep_slow,2,738,0.47488222539777364,1.2151069294307844,382,96
deep_slow,2,739,0.47473508745138826,1.2150095688255207,382,96
deep_slow,2,740,0.47471372747021123,1.214973672579452,382,96
deep_slow,2,741,0.4745494880384598,1.2147964512153246,382,96
deep_slow,2,742,0.47441034454178643,1.214822198573952,382,96
deep_slow,2,743,0.47423355804750533,1.2146353883004248,382,96
deep_slow,2,744,0.4740483205130178,1.2145535882681657,382,96
deep_slow,2,745,0.47387360589076266,1.214263801982584,382,96
deep_slow,2,746,0.47373767549316775,1.2141528474835908,382,96
deep_slow,2,747,0.4735572028501656,1.2141853762206645,382,96
deep_slow,2,748,0.4734576118296192,1.2141238504366445,382,96
deep_slow,2,749,0.47331897293157954,1.214080187770631,382,96
deep_slow,2,750,0.47322192444717964,1.214075397504805,382,96
deep_slow,2,751,0.47306986821137975,1.214057605094287,382,96
deep_slow,2,752,0.4729152622086283,1.2139734171886822,382,96
deep_slow,2,753,0.4727469445610526,1.2139308754327456,382,96
deep_slow,2,754,0.4725713787617119,1.2140467948425562,382,96
deep_slow,2,755,0.47254554697820683,1.2140300363151943,382,96
deep_slow,2,756,0.47249335744155146,1.2140265591550181,382,96
deep_slow,2,757,0.4723689821066283,1.2137118595937872,382,96
deep_slow,2,758,0.4722091748192369,1.213797900672698,382,96
deep_slow,2,759,0.4721243187134216,1.2137704442693673,382,96
deep_slow,2,760,0.4720733627329126,1.2138146356581911,382,96
deep_slow,2,761,0.47192899709498276,1.2139156763401178,382,96
deep_slow,2,762,0.47185239559966435,1.2139773009245551,382,96
deep_slow,2,763,0.4718290178153106,1.2140006787404873,382,96
deep_slow,2,764,0.4715716599268309,1.2138743661914047,382,96
deep_slow,2,765,0.4714946085646482,1.213794176129426,382,96
deep_slow,2,766,0.47145344654035615,1.2137962784853342,382,96
deep_slow,2,767,0.47131296563033886,1.213734199278575,382,96
deep_slow,2,768,0.4712755958281061,1.2135587040713025,382,96
deep_slow,2,769,0.4711520040297538,1.2135779259109165,382,96
deep_slow,2,770,0.4710372344391206,1.2133558463335832,382,96
deep_slow,2,771,0.4708762277177736,1.2133111520150965,382,96
deep_slow,2,772,0.47083908005000574,1.2133576975590017,382,96
deep_slow,2,773,0.4706964084934028,1.2132562630785573,382,96
deep_slow,2,774,0.4704599191815981,1.2132874985793405,382,96
deep_slow,2,775,0.47031845302941305,1.2132568685936653,382,96
deep_slow,2,776,0.47017850233635067,1.2130084764355595,382,96
deep_slow,2,777,0.4699562747178341,1.2129272679099838,382,96
deep_slow,2,778,0.46986815379256536,1.213024917415563,382,96
deep_slow,2,779,0.4697135090948522,1.2129058787686962,382,96
deep_slow,2,780,0.4695780734100924,1.2128207145848506,382,96
deep_slow,2,781,0.4694080707991604,1.2127008474554142,382,96
deep_slow,2,782,0.4693582090692818,1.2126444434059607,382,96
deep_slow,2,783,0.46916687780649896,1.2127418618396053,382,96
deep_slow,2,784,0.4691455103161245,1.2127752594898178,382,96
deep_slow,2,785,0.46902725252831573,1.212599394414884,382,96
deep_slow,2,786,0.4690076841491472,1.212574867116122,382,96
deep_slow,2,787,0.46889922747152857,1.212376924721299,382,96
deep_slow,2,788,0.46887909985331083,1.2123006561487073,382,96
deep_slow,2,789,0.468711747642645,1.21228800969047,382,96
deep_slow,2,790,0.4686445761363754,1.2122465506398061,382,96
deep_slow,2,791,0.46862410586869474,1.21224935605831,382,96
deep_slow,2,792,0.46848803984289045,1.211913320571859,382,96
deep_slow,2,793,0.4682286458231482,1.2117572456539953,382,96
deep_slow,2,794,0.4681090215454765,1.2119272738200164,382,96
deep_slow,2,795,0.4680872179256584,1.2119798838663283,382,96
deep_slow,2,796,0.4680264048613326,1.2119463828080552,382,96
deep_slow,2,797,0.4679560318827456,1.2120089279015844,382,96
deep_slow,2,798,0.4679368885804054,1.2119939440971796,382,96
deep_slow,2,799,0.4678300344330158,1.2120226815238961,382,96
deep_slow,2,800,0.4677863324044757,1.2120393641984453,382,96
compact,3,1,2.542840705159139,2.924444579710257,383,95
compact,3,2,2.491546537474349,2.885064399389489,383,95
compact,3,3,2.4403842566347613,2.843198752183755,383,95
compact,3,4,2.393138227695885,2.8199691414786066,383,95
compact,3,5,2.3573187055564424,2.8120292349969054,383,95
compact,3,6,2.3063240822318574,2.769735593744749,383,95
compact,3,7,2.2679952367323692,2.745471368834433,383,95
compact,3,8,2.2251477381698246,2.7074078277809797,383,95
compact,3,9,2.1836888133424712,2.6726154621538893,383,95
compact,3,10,2.1346056849593618,2.631230504943548,383,95
compact,3,11,2.1037261828163873,2.617924977421136,383,95
compact,3,12,2.0761510209311305,2.5979433716895244,383,95
compact,3,13,2.042935099910855,2.574410227957735,383,95
compact,3,14,2.0071007152697087,2.5514408397482047,383,95
compact,3,15,1.9790395468025481,2.5288201606636123,383,95
compact,3,16,1.9495120068115912,2.5136839024429176,383,95
compact,3,17,1.9252073998956631,2.4958132552778376,383,95
compact,3,18,1.8954176618303866,2.466310845609058,383,95
compact,3,19,1.8735640648563703,2.455314818593286,383,95
compact,3,20,1.8524984821423767,2.4370998858251713,383,95
compact,3,21,1.8268184870869544,2.4179889280329143,383,95
compact,3,22,1.797697904678268,2.40509396127199,383,95
compact,3,23,1.7706299083026764,2.38214212740914,383,95
compact,3,24,1.748163903346243,2.362890506554129,383,95
compact,3,25,1.731479496730406,2.3538962239258865,383,95
compact,3,26,1.7066754177726908,2.3463650037961137,383,95
compact,3,27,1.6880500296800665,2.3291542920114066,383,95
compact,3,28,1.6691074977232303,2.3123056288093373,383,95
compact,3,29,1.6497314968764476,2.29167894662733,383,95
compact,3,30,1.6347345946218168,2.271225461583297,383,95
compact,3,31,1.610863107044158,2.253258623457834,383,95
compact,3,32,1.5952277269259993,2.236447328026858,383,95
compact,3,33,1.5784849418498303,2.2197907318945194,383,95
compact,3,34,1.5573493834392624,2.1910734489693007,383,95
compact,3,35,1.5356523936336093,2.1803165872630696,383,95
compact,3,36,1.5217062538680193,2.167850677127177,383,95
compact,3,37,1.5114193659562507,2.1568165507128265,383,95
compact,3,38,1.490544712583466,2.1443376114923884,383,95
compact,3,39,1.4705021840452324,2.1307281297434226,383,95
compact,3,40,1.4543660597369423,2.1214022142946063,383,95
compact,3,41,1.4356614129746692,2.1091695413638156,383,95
compact,3,42,1.4288359620673927,2.105681732857614,383,95
compact,3,43,1.4152776820295554,2.0991261769679297,383,95
compact,3,44,1.4036897869444964,2.091402069043872,383,95
compact,3,45,1.3936159960075847,2.0815402166733388,383,95
compact,3,46,1.3819313474644892,2.0750297957341397,383,95
compact,3,47,1.3662013340728996,2.058837237052087,383,95
compact,3,48,1.3579831721837143,2.055368104382591,383,95
compact,3,49,1.3471712938305107,2.049282221839096,383,95
compact,3,50,1.3360076575768542,2.031016205294009,383,95
compact,3,51,1.3239581323626612,2.0221142036827904,383,95
compact,3,52,1.3184448839092462,2.019190234675412,383,95
compact,3,53,1.3131660980647912,2.020835185168085,383,95
compact,3,54,1.3035697398533204,2.0116334306058223,383,95
compact,3,55,1.2965105846020313,2.005116642448538,383,95
compact,3,56,1.28968405222613,2.001680729834479,383,95
compact,3,57,1.280802170322327,1.9924553936142766,383,95
compact,3,58,1.271160507116259,1.9858909379915377,383,95
compact,3,59,1.2639691430248146,1.9793983576185763,383,95
compact,3,60,1.256006162221247,1.9746422153898011,383,95
compact,3,61,1.2449018579337687,1.9679895926876427,383,95
compact,3,62,1.2353384172325153,1.958494961502258,383,95
compact,3,63,1.2272140004165708,1.95243857472508,383,95
compact,3,64,1.2228628040465996,1.9538299322156565,383,95
compact,3,65,1.2172160529769187,1.9448657046497582,383,95
compact,3,66,1.2082083781271447,1.9347414452996226,383,95
compact,3,67,1.2033697919458162,1.9278253723573844,383,95
compact,3,68,1.1936723816175177,1.9201414720653207,383,95
compact,3,69,1.1861032008430634,1.9132006637581402,383,95
compact,3,70,1.180694827921793,1.9141394279893296,383,95
compact,3,71,1.174857231365452,1.910934170748592,383,95
compact,3,72,1.1676999472576535,1.907190197227255,383,95
compact,3,73,1.1629899003731017,1.9034403993775977,383,95
compact,3,74,1.1588364947664695,1.9023161057738804,383,95
compact,3,75,1.1546287928380738,1.9009424818444856,383,95
compact,3,76,1.146974501388289,1.8995409259363807,383,95
compact,3,77,1.1408360092762628,1.892239470424038,383,95
compact,3,78,1.1349475358981962,1.884124049065056,383,95
compact,3,79,1.126542237916907,1.8765394477466881,383,95
compact,3,80,1.1198016660893766,1.875101747614741,383,95
compact,3,81,1.1143328363142357,1.869296472078812,383,95
compact,3,82,1.1075286037776153,1.8656687998895165,383,95
compact,3,83,1.1035803178093417,1.8683632498968852,383,95
compact,3,84,1.101230418176038,1.868601030812373,383,95
compact,3,85,1.095948303223726,1.8626992999676106,383,95
compact,3,86,1.0902035402501715,1.8597401300156802,383,95
compact,3,87,1.0866246072919856,1.8583440020833006,383,95
compact,3,88,1.0840008663542724,1.8565230896124498,383,95
compact,3,89,1.0791010436750008,1.8523373121309978,383,95
compact,3,90,1.0751251348139532,1.8533754057262706,383,95
compact,3,91,1.0713819640187499,1.851587283960225,383,95
compact,3,92,1.0651669992188981,1.8464437053614229,383,95
compact,3,93,1.0606918672846175,1.845697634482686,383,95
compact,3,94,1.057648840646899,1.8455507123334887,383,95
compact,3,95,1.0540927800340432,1.8451067611631744,383,95
compact,3,96,1.0524361063585808,1.8451555485319688,383,95
compact,3,97,1.0463784457862029,1.845948457429595,383,95
compact,3,98,1.0430767114035309,1.8447412182679153,383,95
compact,3,99,1.039765253251214,1.8429936005268288,383,95
compact,3,100,1.0353858768398547,1.8409371184195888,383,95
compact,3,101,1.0327101182750276,1.8413802850704883,383,95
compact,3,102,1.0306701999392514,1.8388472907148445,383,95
compact,3,103,1.0274967744709502,1.8372235858276416,383,95
compact,3,104,1.0234892777518352,1.8360671269101616,383,95
compact,3,105,1.0200041243816405,1.8337695568943517,383,95
compact,3,106,1.0131840256909221,1.8334419949730736,383,95
compact,3,107,1.0106820005838468,1.831778198984991,383,95
compact,3,108,1.0051911975796648,1.826204485422111,383,95
compact,3,109,0.9990521687562861,1.8231018075156298,383,95
compact,3,110,0.9953082383513479,1.8184937759570907,383,95
compact,3,111,0.9927801150246034,1.8189391640606196,383,95
compact,3,112,0.9900435228218853,1.8165549875621534,383,95
compact,3,113,0.9866861248507014,1.811812671821057,383,95
compact,3,114,0.9851623163695268,1.8110589160933779,383,95
compact,3,115,0.9834410743199472,1.8099535572577639,383,95
compact,3,116,0.9794810698042206,1.8073881164364918,383,95
compact,3,117,0.9771405571860612,1.8067623286718135,383,95
compact,3,118,0.9736581922266201,1.8059213981355686,383,95
compact,3,119,0.9705279169779372,1.8009522737683141,383,95
compact,3,120,0.9650395428880497,1.7989365914936624,383,95
compact,3,121,0.9627887149447641,1.798743471032138,383,95
compact,3,122,0.9610523533835181,1.8003756028532767,383,95
compact,3,123,0.9571003879772577,1.79662126765242,383,95
compact,3,124,0.9513180095253065,1.7942965595724554,383,95
compact,3,125,0.94864189047399,1.7912854582016946,383,95
compact,3,126,0.9456732224086856,1.786942454935618,383,95
compact,3,127,0.9444586236376645,1.7865832847615446,383,95
compact,3,128,0.9437926294431638,1.7864811159997844,383,95
compact,3,129,0.9429570675725591,1.7845260952026865,383,95
compact,3,130,0.9402231207827333,1.7838942958655564,383,95
compact,3,131,0.9395605709585253,1.783812587136339,383,95
compact,3,132,0.9350149031261069,1.7818909618537064,383,95
compact,3,133,0.9340538179773246,1.7819235107707212,383,95
compact,3,134,0.9323367929538162,1.7811733290521277,383,95
compact,3,135,0.9316621008562915,1.7804970275812653,383,95
compact,3,136,0.9302410978824672,1.7788590490166354,383,95
compact,3,137,0.9246271180729785,1.7769531153182732,383,95
compact,3,138,0.9199833404911566,1.7757648084854118,383,95
compact,3,139,0.918353122514815,1.7758562063995702,383,95
compact,3,140,0.9165295658611974,1.7759209046590112,383,95
compact,3,141,0.9147361150338947,1.775127058055263,383,95
compact,3,142,0.9134305070121265,1.7754055956251906,383,95
compact,3,143,0.910012793198331,1.7753880630759458,383,95
compact,3,144,0.9091655316009455,1.7741366350111452,383,95
compact,3,145,0.9042383089190227,1.7689181761022061,383,95
compact,3,146,0.9007476588971349,1.7683836731105789,383,95
compact,3,147,0.8961646205393338,1.766740840187844,383,95
compact,3,148,0.8943756470136498,1.7667787571662066,383,95
compact,3,149,0.8928796596188551,1.7660624887006586,383,95
compact,3,150,0.8911323359534293,1.7664324432190261,383,95
compact,3,151,0.889812312887205,1.7650565476588151,383,95
compact,3,152,0.8881314982935843,1.765492312767479,383,95
compact,3,153,0.883470394869475,1.7650443242795393,383,95
compact,3,154,0.882339204862159,1.7635868036446514,383,95
compact,3,155,0.8812660209273275,1.7621847722420971,383,95
compact,3,156,0.8800953849769445,1.7618521098679392,383,95
compact,3,157,0.8775209249818231,1.761067927882934,383,95
compact,3,158,0.8748479534887459,1.7604079287353722,383,95
compact,3,159,0.8708663298779796,1.7571011066686506,383,95
compact,3,160,0.8657112409148527,1.75220345044712,383,95
compact,3,161,0.8642675018880523,1.7514294698213144,383,95
compact,3,162,0.8605615868826769,1.7534872317211605,383,95
compact,3,163,0.8551134377669206,1.7505180485608618,383,95
compact,3,164,0.8509456159702168,1.7504913715764578,383,95
compact,3,165,0.849438089107514,1.7508942299304218,383,95
compact,3,166,0.8451580123303373,1.7491588216512024,383,95
compact,3,167,0.8419419050387111,1.7483638928926892,383,95
compact,3,168,0.8404646773878102,1.7487233695899362,383,95
compact,3,169,0.8350385346062624,1.746847045376537,383,95
compact,3,170,0.8336348065988689,1.7459616813771408,383,95
compact,3,171,0.8315902501042675,1.7453784648111181,383,95
compact,3,172,0.8285032915946278,1.7449391383667423,383,95
compact,3,173,0.8275210139323658,1.7445828653191073,383,95
compact,3,174,0.8267126293986459,1.7442570740511982,383,95
compact,3,175,0.8254086583701238,1.7446986315963442,383,95
compact,3,176,0.822697084892727,1.7430887164998965,383,95
compact,3,177,0.8195818664903735,1.741883744052124,383,95
compact,3,178,0.8185761089518496,1.7416200070560155,383,95
compact,3,179,0.8150898397422456,1.7374389012376117,383,95
compact,3,180,0.8134910464505916,1.7360337208903096,383,95
compact,3,181,0.8126337470818987,1.735783444956547,383,95
compact,3,182,0.8078080056727421,1.7339690674372377,383,95
compact,3,183,0.804286460172171,1.728484125934284,383,95
compact,3,184,0.8034851585396311,1.727412521433959,383,95
compact,3,185,0.8024767735227907,1.7272394015857209,383,95
compact,3,186,0.8016085893168228,1.7270443187430589,383,95
compact,3,187,0.7972287106625434,1.7261996237485484,383,95
compact,3,188,0.7964463717946128,1.7259589961539532,383,95
compact,3,189,0.7941377293169238,1.7219783711254915,383,95
compact,3,190,0.7928748779029976,1.723338537340634,383,95
compact,3,191,0.7920661665658231,1.723173033670206,383,95
compact,3,192,0.7875654338535729,1.7208006320777647,383,95
compact,3,193,0.7868018940986524,1.720587194170702,383,95
compact,3,194,0.7845510962338236,1.7194551948443895,383,95
compact,3,195,0.7839637390790488,1.7186608862433181,383,95
compact,3,196,0.780975784352743,1.7139384670592896,383,95
compact,3,197,0.7769062997439873,1.7153987388832503,383,95
compact,3,198,0.775757969278525,1.716008968807072,383,95
compact,3,199,0.7746211427919251,1.7173351236620893,383,95
compact,3,200,0.7705933727296959,1.717085264858743,383,95
compact,3,201,0.7693563145139451,1.7176919576039222,383,95
compact,3,202,0.7655462487733792,1.7166161359448358,383,95
compact,3,203,0.7602226621183973,1.715243335727218,383,95
compact,3,204,0.7575035474691892,1.7145045282274909,383,95
compact,3,205,0.7561259805043602,1.7139354520889112,383,95
compact,3,206,0.7521870121800548,1.7108357129720706,383,95
compact,3,207,0.7498027263180189,1.7087183737340004,383,95
compact,3,208,0.7488041007201452,1.7099477218735808,383,95
compact,3,209,0.7470434569335167,1.7103932871753744,383,95
compact,3,210,0.7447213691181787,1.7086854703142513,383,95
compact,3,211,0.7421202445599264,1.7070662492722188,383,95
compact,3,212,0.7383721217285693,1.7062780461427547,383,95
compact,3,213,0.7374605081584857,1.706739508526111,383,95
compact,3,214,0.7356816472392816,1.7074547964466529,383,95
compact,3,215,0.7342902297350594,1.7063077691293205,383,95
compact,3,216,0.730462001843264,1.7052328278855604,383,95
compact,3,217,0.7295881855822788,1.7056873308286347,383,95
compact,3,218,0.7287356192949398,1.7061410776834347,383,95
compact,3,219,0.7279404568846514,1.7068763618416356,383,95
compact,3,220,0.7259465004743954,1.7043407007067175,383,95
compact,3,221,0.7225347144323011,1.7036869280581353,383,95
compact,3,222,0.721932734921373,1.7036095120281287,383,95
compact,3,223,0.7202052205916658,1.7027440846036674,383,95
compact,3,224,0.7197228302437406,1.7027413217585539,383,95
compact,3,225,0.718920837526586,1.7024254191910586,383,95
compact,3,226,0.7183582212349854,1.7023533638435933,383,95
compact,3,227,0.7168745253313203,1.6995176171657553,383,95
compact,3,228,0.7135867987169952,1.6987449516723774,383,95
compact,3,229,0.7102380931146207,1.6978905968290976,383,95
compact,3,230,0.7084627680136741,1.6955597269848748,383,95
compact,3,231,0.7053193890646621,1.692949568026226,383,95
compact,3,232,0.7026438735744414,1.691278001187691,383,95
compact,3,233,0.7010964751874973,1.6914473188037673,383,95
compact,3,234,0.7003815804037341,1.691900930089378,383,95
compact,3,235,0.699637647865102,1.6929959219033084,383,95
compact,3,236,0.6981383155056248,1.6917763941898267,383,95
compact,3,237,0.6956308528274912,1.6895346370928945,383,95
compact,3,238,0.6952088963574847,1.6895269176994872,383,95
compact,3,239,0.6926429316150874,1.6886972637261104,383,95
compact,3,240,0.6892007087243162,1.6874798239138256,383,95
compact,3,241,0.6885418275865522,1.687480824918151,383,95
compact,3,242,0.6860030575768429,1.6867753720893082,383,95
compact,3,243,0.6828700964574694,1.687005380542194,383,95
compact,3,244,0.680616005698295,1.6852458169361406,383,95
compact,3,245,0.6799167125079125,1.6856890826658115,383,95
compact,3,246,0.6769479590150629,1.6847557611173427,383,95
compact,3,247,0.6748324180220054,1.683712077202673,383,95
compact,3,248,0.6734452305012771,1.6826366406724231,383,95
compact,3,249,0.6728047661429069,1.6830804646602615,383,95
compact,3,250,0.6721514401246378,1.6835230126186354,383,95
compact,3,251,0.6698447343276988,1.6835061993916383,383,95
compact,3,252,0.668387481496855,1.6831540596577028,383,95
compact,3,253,0.666970938200576,1.682298051677754,383,95
compact,3,254,0.664302097057419,1.68229806183231,383,95
compact,3,255,0.6636212540169201,1.6828853726626842,383,95
compact,3,256,0.6627606790351133,1.682098850288036,383,95
compact,3,257,0.6602900839774791,1.681738439844167,383,95
compact,3,258,0.6577521594949962,1.6805280120742003,383,95
compact,3,259,0.6572029763388803,1.6805865717490474,383,95
compact,3,260,0.6555780919387615,1.6788363100546635,383,95
compact,3,261,0.6549363158582058,1.6784881066379853,383,95
compact,3,262,0.6538040495578842,1.6782489397949527,383,95
compact,3,263,0.6516893209540529,1.6776606696339393,383,95
compact,3,264,0.6492916238348659,1.6748530763389744,383,95
compact,3,265,0.6481641332107915,1.6749086173645074,383,95
compact,3,266,0.6459683680888438,1.6738923099510432,383,95
compact,3,267,0.6441706075084213,1.6718492857102125,383,95
compact,3,268,0.643553089511321,1.6724349935921063,383,95
compact,3,269,0.6419997151875582,1.670013084781242,383,95
compact,3,270,0.6407796207735724,1.669008500695638,383,95
compact,3,271,0.6403886519170885,1.6690168435903252,383,95
compact,3,272,0.6374188348686249,1.665787077367589,383,95
compact,3,273,0.6360073253035412,1.6643813095852165,383,95
compact,3,274,0.6338308649206151,1.6634501621563254,383,95
compact,3,275,0.6333674180795935,1.663493464670034,383,95
compact,3,276,0.6328152111494629,1.6639000683983367,383,95
compact,3,277,0.6310290184019836,1.6639411554756585,383,95
compact,3,278,0.6287111197225448,1.6633594354861212,383,95
compact,3,279,0.6265986219008783,1.6629665029869758,383,95
compact,3,280,0.6238765307345233,1.6625034179193476,383,95
compact,3,281,0.6217893451743952,1.66192548300114,383,95
compact,3,282,0.6202761482101511,1.6617305361626669,383,95
compact,3,283,0.6191752132250616,1.6622702224590655,383,95
compact,3,284,0.6185630657294198,1.6624768642463956,383,95
compact,3,285,0.6175253630395111,1.6636379242693253,383,95
compact,3,286,0.6162597661811277,1.6634147004530562,383,95
compact,3,287,0.6155709867656922,1.664614340770884,383,95
compact,3,288,0.6151386448046662,1.6643790434831964,383,95
compact,3,289,0.6144873708440263,1.663875086073724,383,95
compact,3,290,0.6125649097246658,1.6632825896740748,383,95
compact,3,291,0.6123204538319273,1.6627360520974241,383,95
compact,3,292,0.6097083295371862,1.6591892065349887,383,95
compact,3,293,0.6087300970897604,1.6590590721487581,383,95
compact,3,294,0.6066205308192569,1.6568572361835756,383,95
compact,3,295,0.6062244391286759,1.6566380449395024,383,95
compact,3,296,0.6053242993011295,1.6562427671448225,383,95
compact,3,297,0.603503706787501,1.655286287906152,383,95
compact,3,298,0.60235725168164,1.655363793504419,383,95
compact,3,299,0.6020058103660241,1.6549275787150688,383,95
compact,3,300,0.599963506395538,1.6544054517936768,383,95
compact,3,301,0.5983404783996102,1.6536937809322614,383,95
compact,3,302,0.5964722014467811,1.6538273198931162,383,95
compact,3,303,0.5949538590886866,1.6545040593347882,383,95
compact,3,304,0.5943874415807481,1.6541036836152512,383,95
compact,3,305,0.5926511372966773,1.6527177776030448,383,95
compact,3,306,0.5918838190793899,1.6524215739338677,383,95
compact,3,307,0.591254853363833,1.652480748216833,383,95
compact,3,308,0.5909485037815463,1.6528167514941363,383,95
compact,3,309,0.5898638799949204,1.6516081082404839,383,95
compact,3,310,0.5891805580600561,1.6512388107365348,383,95
compact,3,311,0.5875951095804013,1.6504513699659324,383,95
compact,3,312,0.5867694474615048,1.6488776831857401,383,95
compact,3,313,0.5854579692183233,1.6492810789292862,383,95
compact,3,314,0.583967893901049,1.6490042366184687,383,95
compact,3,315,0.583024577386719,1.6491653294805062,383,95
compact,3,316,0.5817115238857252,1.647974093077109,383,95
compact,3,317,0.581251516869452,1.6475798290289447,383,95
compact,3,318,0.5806792580845392,1.647347563223565,383,95
compact,3,319,0.579228434872065,1.6468988399705644,383,95
compact,3,320,0.5782522339517875,1.6469470744478953,383,95
compact,3,321,0.5780788403031478,1.6465956828141899,383,95
compact,3,322,0.5774089909994153,1.647391453433246,383,95
compact,3,323,0.5754461310822523,1.6482699765339128,383,95
compact,3,324,0.5748278315043202,1.6479940199674041,383,95
compact,3,325,0.573532318888281,1.6477871897731482,383,95
compact,3,326,0.5718186164004588,1.6462521651653956,383,95
compact,3,327,0.5704585341446867,1.6461921476904566,383,95
compact,3,328,0.5691373424808868,1.6459211758399805,383,95
compact,3,329,0.5677268110320473,1.6461822143324711,383,95
compact,3,330,0.5674310737267229,1.6459697327235527,383,95
compact,3,331,0.5672666563958397,1.6456392988277582,383,95
compact,3,332,0.5662989300536645,1.645225286272022,383,95
compact,3,333,0.5657887935529808,1.6444924828617324,383,95
compact,3,334,0.5643691339151776,1.642408783858389,383,95
compact,3,335,0.5641144275990987,1.6422605295817199,383,95
compact,3,336,0.5624184130645821,1.6423871833158048,383,95
compact,3,337,0.5616299701891403,1.6425787673385965,383,95
compact,3,338,0.5603364155771358,1.6419795541544955,383,95
compact,3,339,0.5601595919570092,1.641240976817547,383,95
compact,3,340,0.5586088643796189,1.6410913579256694,383,95
compact,3,341,0.5583632688173092,1.641071816221655,383,95
compact,3,342,0.5572322373365024,1.6414584669454013,383,95
compact,3,343,0.5556074902421425,1.639121215879579,383,95
compact,3,344,0.554578418650733,1.63918722348854,383,95
compact,3,345,0.553632943370011,1.6386522435999857,383,95
compact,3,346,0.5525299177114305,1.6373853331841477,383,95
compact,3,347,0.5517704484902957,1.6359575610108177,383,95
compact,3,348,0.5514450604468556,1.6359616331413112,383,95
compact,3,349,0.5502693242457569,1.6364273890562813,383,95
compact,3,350,0.5500688242483549,1.636183647882887,383,95
compact,3,351,0.5497554006000547,1.6358062446895225,383,95
compact,3,352,0.549258599127951,1.6357208131992471,383,95
compact,3,353,0.5484794362946245,1.6356118828760602,383,95
compact,3,354,0.547010039026028,1.6340473450546902,383,95
compact,3,355,0.545778755897844,1.6338988813881012,383,95
compact,3,356,0.5451050888372443,1.6338809756624222,383,95
compact,3,357,0.5441749358278597,1.6332251107829248,383,95
compact,3,358,0.5430596660598946,1.6330701929437856,383,95
compact,3,359,0.5423941737286456,1.632320201316545,383,95
compact,3,360,0.5416644733522299,1.631979896001438,383,95
compact,3,361,0.5404272479014995,1.6319386509132532,383,95
compact,3,362,0.5399935143964048,1.6321989096575804,383,95
compact,3,363,0.5389670613566853,1.6327371209405728,383,95
compact,3,364,0.5383472580427869,1.6319245426077542,383,95
compact,3,365,0.5371263748767591,1.6312241286113993,383,95
compact,3,366,0.5359364178530098,1.6300540367891223,383,95
compact,3,367,0.5350228988172433,1.6291654811673195,383,95
compact,3,368,0.5345424183884142,1.628841428781817,383,95
compact,3,369,0.5338526486221247,1.628407026622404,383,95
compact,3,370,0.533656100017037,1.6283026732399928,383,95
compact,3,371,0.532790441735118,1.6283847705384784,383,95
compact,3,372,0.5326185710337953,1.6281517957401779,383,95
compact,3,373,0.5317153218037513,1.627608086866319,383,95
compact,3,374,0.5315459515730535,1.627295498780725,383,95
compact,3,375,0.5308105658883705,1.6278261435087464,383,95
compact,3,376,0.5305666295971181,1.6277885954628704,383,95
compact,3,377,0.5300271843015811,1.6275334970942366,383,95
compact,3,378,0.5289486788992035,1.6274631016308194,383,95
compact,3,379,0.5287012888209951,1.627132088346021,383,95
compact,3,380,0.5279773868164376,1.6258330620900623,383,95
compact,3,381,0.5278101971718008,1.625445065639174,383,95
compact,3,382,0.526823230401966,1.6248432816234655,383,95
compact,3,383,0.526670451838248,1.624844617232731,383,95
compact,3,384,0.5258521830960152,1.6247606455540111,383,95
compact,3,385,0.5255592546757484,1.625050784537851,383,95
compact,3,386,0.5245227004884875,1.6249206969611276,383,95
compact,3,387,0.5241467250122929,1.6245317483500898,383,95
compact,3,388,0.5239052039983833,1.6245180115068314,383,95
compact,3,389,0.523268421153751,1.6245718083251206,383,95
compact,3,390,0.5223673685617356,1.6237012828916628,383,95
compact,3,391,0.5211102602719216,1.623118687507211,383,95
compact,3,392,0.5203668262582771,1.6219728977021366,383,95
compact,3,393,0.5202438742139257,1.621935025505148,383,95
compact,3,394,0.5195928034354632,1.621157534061351,383,95
compact,3,395,0.518531497821185,1.6198490317421905,383,95
compact,3,396,0.5170556932870681,1.6203437058464583,383,95
compact,3,397,0.5159369943260714,1.6200875300340127,383,95
compact,3,398,0.5157318882370765,1.6199385780659115,383,95
compact,3,399,0.5152560794747817,1.6198536444283769,383,95
compact,3,400,0.5140104135146606,1.619604216280682,383,95
base,3,1,2.5395622423980995,2.9159319740489775,383,95
base,3,2,2.4793977319763734,2.8684879718068643,383,95
base,3,3,2.4270961885299887,2.8250653510929284,383,95
base,3,4,2.381261361894553,2.7879750106624828,383,95
base,3,5,2.334313781660135,2.757574672964053,383,95
base,3,6,2.300054786753454,2.7278883669666354,383,95
base,3,7,2.259794042724797,2.7033389174023337,383,95
base,3,8,2.2238800263228677,2.6744083220631145,383,95
base,3,9,2.178086892814249,2.636059305208679,383,95
base,3,10,2.14937761176149,2.622191150185281,383,95
base,3,11,2.116101112214926,2.6008391550552683,383,95
base,3,12,2.090416710290262,2.5819250868105876,383,95
base,3,13,2.044336597570552,2.5455099964972594,383,95
base,3,14,2.020544724735949,2.531410422594747,383,95
base,3,15,1.977798752751834,2.4956225967020647,383,95
base,3,16,1.953221878395347,2.4814509974904726,383,95
base,3,17,1.914237149817459,2.4433675507054953,383,95
base,3,18,1.8905299095329016,2.425845449909954,383,95
base,3,19,1.8582686802774957,2.4042313762761025,383,95
base,3,20,1.8345756601463867,2.384988740337783,383,95
base,3,21,1.8045027415717134,2.3693701526905238,383,95
base,3,22,1.7754735666538848,2.348177522577322,383,95
base,3,23,1.7451789273228902,2.3260872553616974,383,95
base,3,24,1.7270626831043916,2.314117098345204,383,95
base,3,25,1.6969155583754427,2.2913929207781107,383,95
base,3,26,1.6773324716559856,2.2769569317394915,383,95
base,3,27,1.6570844490983474,2.2557173760582288,383,95
base,3,28,1.63921639084299,2.2459432034921756,383,95
base,3,29,1.6197443579367625,2.2227330950178463,383,95
base,3,30,1.5977797519121844,2.203357031302779,383,95
base,3,31,1.570075715163154,2.178914846526324,383,95
base,3,32,1.55453793068431,2.168097386441391,383,95
base,3,33,1.5385099188141098,2.1523848086961146,383,95
base,3,34,1.5214061591240498,2.142151088506539,383,95
base,3,35,1.503035511497854,2.1307199729210575,383,95
base,3,36,1.4820651480537248,2.1240191359133163,383,95
base,3,37,1.4682449035179337,2.1126010124743377,383,95
base,3,38,1.4526483061655735,2.0999205520973083,383,95
base,3,39,1.4367747983977466,2.0880786088326455,383,95
base,3,40,1.419727451253475,2.0758019465418815,383,95
base,3,41,1.4075072737292815,2.0673823698562748,383,95
base,3,42,1.3883054718357009,2.0546584172017903,383,95
base,3,43,1.3745087773677291,2.045466452421306,383,95
base,3,44,1.3598537151362182,2.032505111451047,383,95
base,3,45,1.344247891703782,2.0172457870459306,383,95
base,3,46,1.3305239476006328,2.008025017197604,383,95
base,3,47,1.3183017481941122,2.0040587501622955,383,95
base,3,48,1.309828904904443,1.9975860956168798,383,95
base,3,49,1.2959624176777316,1.9854536225903128,383,95
base,3,50,1.2829974079917053,1.9792858865558443,383,95
base,3,51,1.2709805686013782,1.974509073906295,383,95
base,3,52,1.2625625237761,1.966437978100457,383,95
base,3,53,1.2488562337964852,1.963439299934058,383,95
base,3,54,1.2396067584406494,1.9554276837555804,383,95
base,3,55,1.2275854634193313,1.9489785189621476,383,95
base,3,56,1.2148854656758363,1.9418006185246908,383,95
base,3,57,1.2065259075892178,1.9393264213614598,383,95
base,3,58,1.194580325119737,1.9287570564327976,383,95
base,3,59,1.1878753805444653,1.922212488081795,383,95
base,3,60,1.1770073185970973,1.9118254627777886,383,95
base,3,61,1.1707571924706985,1.9098187524287797,383,95
base,3,62,1.1629345205827433,1.9067479814326533,383,95
base,3,63,1.1556682794366655,1.9022280752265113,383,95
base,3,64,1.1480963891425695,1.8987056171932037,383,95
base,3,65,1.1359916736412592,1.8902001919521731,383,95
base,3,66,1.1290879028862617,1.8848144354625553,383,95
base,3,67,1.1218106327511395,1.8766031270498855,383,95
base,3,68,1.1170926719905452,1.8762806354849275,383,95
base,3,69,1.1101186932096676,1.8767797832519293,383,95
base,3,70,1.104860749547247,1.8755529892631921,383,95
base,3,71,1.0977993140678786,1.8722824587182083,383,95
base,3,72,1.0906826795648175,1.8681363009151526,383,95
base,3,73,1.0839471465935746,1.862587668513795,383,95
base,3,74,1.077346492449897,1.8586510961206466,383,95
base,3,75,1.074957650678522,1.8592123840378418,383,95
base,3,76,1.0697265936591267,1.8576555553701672,383,95
base,3,77,1.0665406806871163,1.8575113281422286,383,95
base,3,78,1.0606799838389218,1.8530099182069895,383,95
base,3,79,1.05507644571283,1.8523573377417608,383,95
base,3,80,1.045479924832811,1.8453122048276336,383,95
base,3,81,1.0392861379305354,1.843646657686755,383,95
base,3,82,1.0349683848772089,1.8429396748224445,383,95
base,3,83,1.0269480877976764,1.8369136570329145,383,95
base,3,84,1.023025986102844,1.8361587490288065,383,95
base,3,85,1.0160536815710233,1.829840946529002,383,95
base,3,86,1.0103696367191146,1.8249080918318297,383,95
base,3,87,1.0046905895293297,1.8223842223389892,383,95
base,3,88,0.9969392274453215,1.8177991400014857,383,95
base,3,89,0.9915467428007905,1.8138360207420479,383,95
base,3,90,0.9875984151958122,1.8081998705030529,383,95
base,3,91,0.9848621933633849,1.8048910381136858,383,95
base,3,92,0.9802193325676903,1.8057560030720117,383,95
base,3,93,0.9748491953580174,1.8025869650630317,383,95
base,3,94,0.972972964079677,1.8020492536678485,383,95
base,3,95,0.9703520558053527,1.8005308837197798,383,95
base,3,96,0.9646705338550841,1.7976537933943515,383,95
base,3,97,0.9610307621555039,1.7924307855742323,383,95
base,3,98,0.9546765743744773,1.7895575017101364,383,95
base,3,99,0.9526473086937951,1.7892396835558348,383,95
base,3,100,0.9493251963319929,1.787743927090999,383,95
base,3,101,0.9482320111185679,1.7874670576983476,383,95
base,3,102,0.9471816724323876,1.787273408869659,383,95
base,3,103,0.9430767914996679,1.785158621999763,383,95
base,3,104,0.9398485789623069,1.7850545561100934,383,95
base,3,105,0.9346284154482833,1.7838702926092074,383,95
base,3,106,0.9325919173533136,1.7821161642973988,383,95
base,3,107,0.9305266114112396,1.7819449723551646,383,95
base,3,108,0.9267226554571266,1.7784105500425214,383,95
base,3,109,0.9221021824706257,1.777229918269866,383,95
base,3,110,0.9210059139759652,1.777117590726406,383,95
base,3,111,0.9193950792430935,1.7756369246132153,383,95
base,3,112,0.9143420756295672,1.7732122265845154,383,95
base,3,113,0.9115643219695321,1.772597710815684,383,95
base,3,114,0.9103343803752525,1.771824008527956,383,95
base,3,115,0.9091574966491913,1.770975503919619,383,95
base,3,116,0.905779092109236,1.768578687405511,383,95
base,3,117,0.9013597990569217,1.7689649293522964,383,95
base,3,118,0.8966749357241514,1.766582777177246,383,95
base,3,119,0.894534877469401,1.7662584403729364,383,95
base,3,120,0.890218794227236,1.7657925284869371,383,95
base,3,121,0.8888384837292455,1.7651564561740323,383,95
base,3,122,0.8849965257486113,1.7597511883865595,383,95
base,3,123,0.8809321795958379,1.7581966318390403,383,95
base,3,124,0.8773644670012434,1.756754430042969,383,95
base,3,125,0.873854733218779,1.7554185820604213,383,95
base,3,126,0.8688671993132394,1.7529619718487874,383,95
base,3,127,0.864129743266928,1.7514436793868062,383,95
base,3,128,0.8582386524764793,1.7500864258673112,383,95
base,3,129,0.856894259434921,1.7499731400187308,383,95
base,3,130,0.8549042965376222,1.7489855258455558,383,95
base,3,131,0.8532760579631218,1.7493637456076336,383,95
base,3,132,0.8498068671479934,1.7480026904574326,383,95
base,3,133,0.8450263389989071,1.7471037852081637,383,95
base,3,134,0.8407158663488833,1.744332698707281,383,95
base,3,135,0.8367758999879742,1.7414474455386664,383,95
base,3,136,0.8350151917690526,1.740132470051969,383,95
base,3,137,0.8333544578452194,1.7394287267041793,383,95
base,3,138,0.8296626219440021,1.7382370305036035,383,95
base,3,139,0.8278424269087187,1.7372986581032595,383,95
base,3,140,0.8267889968864481,1.736756387950462,383,95
base,3,141,0.825537373243524,1.735883226479812,383,95
base,3,142,0.8208289630301,1.7331788773031576,383,95
base,3,143,0.8199068650252992,1.7332976439164005,383,95
base,3,144,0.8153539934267231,1.7317288534024238,383,95
base,3,145,0.8137609061271472,1.731850048512737,383,95
base,3,146,0.8114594647291026,1.7320015863940967,383,95
base,3,147,0.810689011836693,1.7312017618494435,383,95
base,3,148,0.8076896979821176,1.7309802485785826,383,95
base,3,149,0.8047991397578026,1.7300521844959653,383,95
base,3,150,0.802110563518596,1.731315046650887,383,95
base,3,151,0.799242579052507,1.7261164488667085,383,95
base,3,152,0.7958525880310152,1.7236166904740924,383,95
base,3,153,0.7939869021528135,1.724301749066693,383,95
base,3,154,0.7893789510442709,1.7230324696715305,383,95
base,3,155,0.7855037762154785,1.7177775245977918,383,95
base,3,156,0.7838642517591777,1.7182810392370143,383,95
base,3,157,0.782897541590203,1.7182840670072506,383,95
base,3,158,0.7809239186164653,1.7186759648793604,383,95
base,3,159,0.777098587732441,1.7145403637810968,383,95
base,3,160,0.7757410752159836,1.7152957892304177,383,95
base,3,161,0.7743613630865172,1.7152287122999654,383,95
base,3,162,0.770527854810104,1.7157625141873927,383,95
base,3,163,0.7697802180573065,1.715547885664182,383,95
base,3,164,0.7685930115705489,1.7161153637273052,383,95
base,3,165,0.7667606079050462,1.7178843854304426,383,95
base,3,166,0.763491723363697,1.717059588950823,383,95
base,3,167,0.7599013227978961,1.7164396807102285,383,95
base,3,168,0.7552439650264379,1.712909778029946,383,95
base,3,169,0.7534671642768304,1.7124746671800168,383,95
base,3,170,0.7486643780052157,1.7096841168707582,383,95
base,3,171,0.7462877421005847,1.7108192530621935,383,95
base,3,172,0.745317087706498,1.7106977648628472,383,95
base,3,173,0.7422459370220814,1.7104180932491257,383,95
base,3,174,0.7411029624219231,1.710682643443576,383,95
base,3,175,0.7387410328246826,1.7109145478993422,383,95
base,3,176,0.7367576309163396,1.7106825521560065,383,95
base,3,177,0.7339927316442101,1.7110628519369024,383,95
base,3,178,0.7301748553952623,1.7098155778736848,383,95
base,3,179,0.7292806437087717,1.7102322704392137,383,95
base,3,180,0.7284292928507503,1.7097453262146893,383,95
base,3,181,0.7276547486584216,1.7091635018158715,383,95
base,3,182,0.726003069960765,1.7100852561748865,383,95
base,3,183,0.7249738734956799,1.7104938386996915,383,95
base,3,184,0.7190502912773613,1.7098506304708203,383,95
base,3,185,0.7151014019408788,1.7083332804420792,383,95
base,3,186,0.7130531525321913,1.707465291106195,383,95
base,3,187,0.7097356775565679,1.7070781033658353,383,95
base,3,188,0.7087144226701634,1.7080372741041587,383,95
base,3,189,0.7058023102860868,1.7083842985267552,383,95
base,3,190,0.7034406047603058,1.70911361725793,383,95
base,3,191,0.6992853794957222,1.7084040940651941,383,95
base,3,192,0.6983263918792746,1.7085951891818876,383,95
base,3,193,0.6972969859726637,1.7080175817393963,383,95
base,3,194,0.6954896170081888,1.7084185009658497,383,95
base,3,195,0.6921544902313945,1.7084075872304716,383,95
base,3,196,0.6913051238939777,1.7086498180887142,383,95
base,3,197,0.6904194532489477,1.7091266509623382,383,95
base,3,198,0.6891929243466955,1.7098481877163327,383,95
base,3,199,0.6884272822521499,1.710042792431794,383,95
base,3,200,0.6865774198256103,1.7071426990504301,383,95
base,3,201,0.6848548959855085,1.7068898310529532,383,95
base,3,202,0.6840738638669074,1.7071328589992112,383,95
base,3,203,0.6834210506597332,1.7071140933645559,383,95
base,3,204,0.6798898983207806,1.7062266887201851,383,95
base,3,205,0.6778317844439173,1.7058828022084858,383,95
base,3,206,0.6750182362032965,1.7063260969106055,383,95
base,3,207,0.6713463854027162,1.7064297987753099,383,95
base,3,208,0.6707581809954141,1.7064456371133068,383,95
base,3,209,0.6700406376640401,1.7060519730943338,383,95
base,3,210,0.6695496333203763,1.7055721947324634,383,95
base,3,211,0.6674178903132756,1.7055665410605685,383,95
base,3,212,0.665222032719592,1.7056297667758713,383,95
base,3,213,0.6617083955966143,1.7052748097721557,383,95
base,3,214,0.658841043283761,1.7051658122458186,383,95
base,3,215,0.6557202772010998,1.7043798320092403,383,95
base,3,216,0.6522631477014156,1.7049125213653227,383,95
base,3,217,0.6501979800533091,1.7034535927606205,383,95
base,3,218,0.6495331926795724,1.7036911662409633,383,95
base,3,219,0.6472126113488551,1.7029650805945977,383,95
base,3,220,0.6442319390693486,1.7021507334238093,383,95
base,3,221,0.6422929105550691,1.7019665690542207,383,95
base,3,222,0.6416599382061566,1.7022001037161654,383,95
base,3,223,0.6411794837859113,1.702165147104775,383,95
base,3,224,0.6393593846533312,1.7020158283796665,383,95
base,3,225,0.638972524409992,1.7015418268568936,383,95
base,3,226,0.6353286266536342,1.7016526441713182,383,95
base,3,227,0.6347433420849031,1.701817449878525,383,95
base,3,228,0.6311843863817699,1.7023796354994944,383,95
base,3,229,0.6298764531439884,1.699363219354958,383,95
base,3,230,0.6269731604643392,1.6978016129610334,383,95
base,3,231,0.6249079244273824,1.6965239530137481,383,95
base,3,232,0.6222819024835426,1.6964850584810043,383,95
base,3,233,0.621114812121793,1.6941690637969635,383,95
base,3,234,0.6186456258303535,1.694388496458584,383,95
base,3,235,0.6173102104611823,1.693213912756831,383,95
base,3,236,0.6149206512264391,1.693004843517018,383,95
base,3,237,0.6129389374900621,1.6934418702537941,383,95
base,3,238,0.6120226622538253,1.6932685049830898,383,95
base,3,239,0.6092128261457997,1.6921319870190803,383,95
base,3,240,0.6068870575772497,1.6923217133128712,383,95
base,3,241,0.6054418321319457,1.6929134938430077,383,95
base,3,242,0.6038158644601382,1.692921308163446,383,95
base,3,243,0.6033674869746026,1.6931378572569113,383,95
base,3,244,0.6008460364686203,1.6915778373529418,383,95
base,3,245,0.5996196885562439,1.691616264208149,383,95
base,3,246,0.5989802400126045,1.6911030432588912,383,95
base,3,247,0.5979632976860411,1.6910704571417077,383,95
base,3,248,0.5953236222560159,1.6918706380567867,383,95
base,3,249,0.5948560043731279,1.692088578319918,383,95
base,3,250,0.5933492387469979,1.6928123223921656,383,95
base,3,251,0.5916058621889058,1.6916730850103687,383,95
base,3,252,0.5906933024428291,1.6909670160665582,383,95
base,3,253,0.5903812757613132,1.690904850146467,383,95
base,3,254,0.5875463659959257,1.6905581955081006,383,95
base,3,255,0.5864027993787762,1.6904314921544676,383,95
base,3,256,0.5861022077152349,1.6900969120533744,383,95
base,3,257,0.5849873425441174,1.691178523928451,383,95
base,3,258,0.5846582770500472,1.6911495337144506,383,95
base,3,259,0.5832060731289955,1.6904039035044909,383,95
base,3,260,0.5823146693852544,1.6903177254305035,383,95
base,3,261,0.5818215579553974,1.6907653935324043,383,95
base,3,262,0.5807129403750496,1.6897143270505237,383,95
base,3,263,0.580409031761586,1.6896889581980694,383,95
base,3,264,0.5780000762217846,1.6899755769836111,383,95
base,3,265,0.576050464300553,1.688377935029217,383,95
base,3,266,0.5757758396534105,1.6883336260926751,383,95
base,3,267,0.5753136993951774,1.6887134931424577,383,95
base,3,268,0.5736526497474167,1.6888354363641986,383,95
base,3,269,0.5720875196601083,1.6883751727191758,383,95
base,3,270,0.570819064027843,1.6889428246035298,383,95
base,3,271,0.5705598219957362,1.6888836903408644,383,95
base,3,272,0.5685392655775956,1.688347656528414,383,95
base,3,273,0.5661386608994728,1.6881279519484538,383,95
base,3,274,0.5651229646933715,1.6885496197106034,383,95
base,3,275,0.5623018033107469,1.687802144048939,383,95
base,3,276,0.561419510814927,1.686821770229237,383,95
base,3,277,0.5600136773462249,1.6857307607887557,383,95
base,3,278,0.5585115356105207,1.6844955385761324,383,95
base,3,279,0.5580324739067561,1.6851925859099068,383,95
base,3,280,0.5554798015235877,1.68428006015148,383,95
base,3,281,0.5551770005719873,1.6841395394667618,383,95
base,3,282,0.5542071807405491,1.6854972642902049,383,95
base,3,283,0.5527282750483797,1.6844116752078306,383,95
base,3,284,0.5509779522739774,1.684676252274983,383,95
base,3,285,0.5507745012008887,1.6843832834722667,383,95
base,3,286,0.5505161312185672,1.6847400936054175,383,95
base,3,287,0.5503317860957242,1.6844570113565007,383,95
base,3,288,0.5490065532503623,1.683816695980902,383,95
base,3,289,0.547692094042764,1.6826375315142468,383,95
base,3,290,0.5462169715603454,1.6828450407446338,383,95
base,3,291,0.5459859278476188,1.683160054556077,383,95
base,3,292,0.5438793773562732,1.6826603393004491,383,95
base,3,293,0.5436284965612554,1.682625175466156,383,95
base,3,294,0.5433683151622916,1.6825109345167892,383,95
base,3,295,0.5420707191230919,1.6814802468098051,383,95
base,3,296,0.5418465118228729,1.6816603901967895,383,95
base,3,297,0.5405863974645438,1.6819028453627534,383,95
base,3,298,0.5396971186582532,1.6825070225787384,383,95
base,3,299,0.5386443884786811,1.683067036254997,383,95
base,3,300,0.5375885729505779,1.6833624082118843,383,95
base,3,301,0.5365789517365761,1.683909727496165,383,95
base,3,302,0.5363962248431036,1.6834318006080606,383,95
base,3,303,0.534984756668814,1.6829115480264272,383,95
base,3,304,0.5336778390281484,1.681672788890212,383,95
base,3,305,0.5326898828876118,1.6811994694875068,383,95
base,3,306,0.5315286205304731,1.6804553061051437,383,95
base,3,307,0.5307055015391757,1.6800395288342285,383,95
base,3,308,0.5295950855461122,1.6790523968256221,383,95
base,3,309,0.528298066420608,1.6789840588697467,383,95
base,3,310,0.5279679181857007,1.679125698223432,383,95
base,3,311,0.5265175894688002,1.6794734091954093,383,95
base,3,312,0.5258890924742764,1.6790757774499119,383,95
base,3,313,0.5249829067539691,1.6790558464658145,383,95
base,3,314,0.5247608883743725,1.6789504639641561,383,95
base,3,315,0.5239198392088684,1.678730137962876,383,95
base,3,316,0.5234761080400873,1.6780293424819193,383,95
base,3,317,0.5214044476209916,1.6780160580809282,383,95
base,3,318,0.5204338539412291,1.6783253900623176,383,95
base,3,319,0.5194621297335043,1.6770025631825602,383,95
base,3,320,0.5183726869799383,1.6769704100457357,383,95
base,3,321,0.5168292622931187,1.6768234100750756,383,95
base,3,322,0.5157421744999235,1.6759624486589935,383,95
base,3,323,0.515327786314755,1.67611185029921,383,95
base,3,324,0.5151401973015345,1.6760105395692226,383,95
base,3,325,0.5139210520462714,1.676481796026648,383,95
base,3,326,0.5131574923800601,1.6777885558843382,383,95
base,3,327,0.5130000233034789,1.6777088442949686,383,95
base,3,328,0.5122819972544551,1.6773526629493536,383,95
base,3,329,0.5121589802473234,1.6770194808529653,383,95
base,3,330,0.5119911270521649,1.6770710173230847,383,95
base,3,331,0.5113725795366657,1.6776623128636432,383,95
base,3,332,0.5101836480814371,1.6762171567446362,383,95
base,3,333,0.5100287446999273,1.675977257876665,383,95
base,3,334,0.5091319906135477,1.6755350338774255,383,95
base,3,335,0.5089559167892066,1.675423556544728,383,95
base,3,336,0.507247125130481,1.675533322719981,383,95
base,3,337,0.5061771813239951,1.6744349214062746,383,95
base,3,338,0.5053606296535995,1.674625499398964,383,95
base,3,339,0.5052327207826474,1.6745177821313457,383,95
base,3,340,0.5051002388698672,1.6743109527231277,383,95
base,3,341,0.5049486243058523,1.6742407111675865,383,95
base,3,342,0.5037325590894933,1.6740328608594053,383,95
base,3,343,0.5021360610219512,1.6729578151791735,383,95
base,3,344,0.5010292036000912,1.672588181621589,383,95
base,3,345,0.5008650313181331,1.6725439897191612,383,95
base,3,346,0.5007192254411348,1.6724190241464383,383,95
base,3,347,0.49946869122072807,1.6720049967158679,383,95
base,3,348,0.49841197527798803,1.671955026213597,383,95
base,3,349,0.49724397929610675,1.6715197045358932,383,95
base,3,350,0.4970904265365559,1.671438093915824,383,95
base,3,351,0.4960093388715036,1.6718016501788946,383,95
base,3,352,0.4953324419074334,1.6709550889080271,383,95
base,3,353,0.49518460815245374,1.6710842387489955,383,95
base,3,354,0.4942317975646203,1.6712057957160282,383,95
base,3,355,0.4935880032514068,1.6707674462606128,383,95
base,3,356,0.49272529483588473,1.6701916537174881,383,95
base,3,357,0.4925400229297912,1.670438875827631,383,95
base,3,358,0.4915581930919234,1.6719134643036817,383,95
base,3,359,0.49081347029764916,1.671738458991401,383,95
base,3,360,0.48989194242197065,1.6711859749491336,383,95
base,3,361,0.4888372937206147,1.6706953555767592,383,95
base,3,362,0.48870952346126656,1.670612459376628,383,95
base,3,363,0.48857753619923794,1.6706074861544926,383,95
base,3,364,0.4874926928246266,1.67024141568348,383,95
base,3,365,0.48732952352096587,1.670508521763603,383,95
base,3,366,0.48635670767878414,1.6704041415658546,383,95
base,3,367,0.4852284578620185,1.6698683388117972,383,95
base,3,368,0.4842060270124981,1.669803690108397,383,95
base,3,369,0.48338995706542365,1.6696578838771319,383,95
base,3,370,0.4831870986114092,1.6698837891603013,383,95
base,3,371,0.4821532842724741,1.6695384211464719,383,95
base,3,372,0.48163390710310783,1.6694073503185098,383,95
base,3,373,0.4815361032594457,1.6691252889237518,383,95
base,3,374,0.48128896974172425,1.6688227754478557,383,95
base,3,375,0.4812127695594844,1.6688096669014145,383,95
base,3,376,0.480093075432456,1.6679151160478451,383,95
base,3,377,0.479392346506161,1.6678469069345108,383,95
base,3,378,0.4787801785839739,1.6680268950108421,383,95
base,3,379,0.4782379215082631,1.6678173492392436,383,95
base,3,380,0.47752132448504697,1.6681844625799844,383,95
base,3,381,0.4768198740964361,1.6681669542781483,383,95
base,3,382,0.47607337958011664,1.668509107072073,383,95
base,3,383,0.4751738401853928,1.6684040176268746,383,95
base,3,384,0.47389886330985553,1.6679493954773286,383,95
base,3,385,0.4732798072038531,1.6674226651865334,383,95
base,3,386,0.47305529894270293,1.66741734512081,383,95
base,3,387,0.47238375424352574,1.6672174708514218,383,95
base,3,388,0.47177380059315044,1.6669093720718777,383,95
base,3,389,0.4708992574312839,1.6669072907614917,383,95
base,3,390,0.47069104129651695,1.6669467483951887,383,95
base,3,391,0.46956973409468433,1.6671253192600313,383,95
base,3,392,0.46946421346565065,1.6672337422236725,383,95
base,3,393,0.4687865408036529,1.6673380889169425,383,95
base,3,394,0.46786771796553933,1.6673710740413277,383,95
base,3,395,0.46712589350969963,1.6666379208849922,383,95
base,3,396,0.4661319250367375,1.6668635994591603,383,95
base,3,397,0.4652468603206373,1.6671135647051765,383,95
base,3,398,0.465179751899629,1.6671004952911639,383,95
base,3,399,0.4646220138343479,1.6679919865587078,383,95
base,3,400,0.46392718358880713,1.6678824059985,383,95
base,3,401,0.4632775164012836,1.6676063300548716,383,95
base,3,402,0.4623609277866001,1.6673693600999517,383,95
base,3,403,0.4622057564530927,1.6675202188761655,383,95
base,3,404,0.4618862862604438,1.668508798196613,383,95
base,3,405,0.4612657799159595,1.6685323138727863,383,95
base,3,406,0.4608129085486926,1.6684577719243996,383,95
base,3,407,0.46013554505949394,1.66837562359935,383,95
base,3,408,0.4599910594501272,1.6685196605906933,383,95
base,3,409,0.45989111430959606,1.668386296524675,383,95
base,3,410,0.459363313158666,1.6684483701509298,383,95
base,3,411,0.45884920494362935,1.6687055716140566,383,95
base,3,412,0.4587193977081121,1.6685141946527624,383,95
base,3,413,0.4578553510092017,1.6680217815600316,383,95
base,3,414,0.4571849315509432,1.66738851302742,383,95
base,3,415,0.45609918545348443,1.6668537978673652,383,95
base,3,416,0.45552055107959855,1.6664113052704541,383,95
base,3,417,0.45431067431279093,1.6661767588950727,383,95
base,3,418,0.45422611125107293,1.6661112485153227,383,95
base,3,419,0.4540998971268618,1.666384173156998,383,95
base,3,420,0.4530473701403057,1.6661189155902743,383,95
base,3,421,0.4521808358033815,1.6660340301122196,383,95
base,3,422,0.4516893469212872,1.6661024994076765,383,95
base,3,423,0.45114582953253024,1.6670025411620315,383,95
base,3,424,0.4505794468681925,1.6670579188615853,383,95
base,3,425,0.449820196499865,1.6665831285699735,383,95
base,3,426,0.44956975991131015,1.66624527856445,383,95
base,3,427,0.4486707508159464,1.6659838066973829,383,95
base,3,428,0.4479852381305049,1.6662424499342499,383,95
base,3,429,0.4474052581316161,1.6662343772285957,383,95
base,3,430,0.4471116731767883,1.6663379628913886,383,95
base,3,431,0.44665432250164777,1.6657891161348124,383,95
base,3,432,0.4459631638226725,1.6651983779113828,383,95
base,3,433,0.44582756487815345,1.6651082887767414,383,95
base,3,434,0.44506856851102494,1.6646877495405068,383,95
base,3,435,0.4446103894343123,1.6643966261407526,383,95
base,3,436,0.44386071409580385,1.6637393177889948,383,95
base,3,437,0.4432088117555835,1.6628506325059726,383,95
base,3,438,0.4424529031050991,1.6622399488602682,383,95
base,3,439,0.44202014923933763,1.6625884067680992,383,95
base,3,440,0.4414175708532704,1.6623063532428461,383,95
base,3,441,0.4407944332182432,1.6614785583915432,383,95
base,3,442,0.44025065010565834,1.6615332654727006,383,95
base,3,443,0.4394695405917241,1.6607206776403447,383,95
base,3,444,0.4387023988483496,1.660393271468634,383,95
base,3,445,0.43859324933498084,1.6604806270556305,383,95
base,3,446,0.43797642791328817,1.6609589166526082,383,95
base,3,447,0.43770223805313974,1.6606226684310086,383,95
base,3,448,0.43764575253531507,1.6606174946555694,383,95
base,3,449,0.4371638044273744,1.6604135728687863,383,95
base,3,450,0.43649708046439767,1.6602532848365714,383,95
base,3,451,0.43602058972902435,1.6601018914399508,383,95
base,3,452,0.4354698818184873,1.660030803133581,383,95
base,3,453,0.43474390394660234,1.6593643738544392,383,95
base,3,454,0.4343711869235945,1.6594830994515122,383,95
base,3,455,0.43361744649718087,1.6593285768572377,383,95
base,3,456,0.43353776917535874,1.6591206324922834,383,95
base,3,457,0.43297782854740285,1.659147452059861,383,95
base,3,458,0.4323323404011083,1.6589465736365254,383,95
base,3,459,0.43182330350362996,1.6592177928275968,383,95
base,3,460,0.43177681635776505,1.659269263908645,383,95
base,3,461,0.4312486291562529,1.6591749384125072,383,95
base,3,462,0.430855183880681,1.6589403255036257,383,95
base,3,463,0.4303565067930301,1.6584925530754127,383,95
base,3,464,0.4297638742059336,1.65802403413831,383,95
base,3,465,0.4293882382726236,1.6579623514193857,383,95
base,3,466,0.42897068714962944,1.6576403638078374,383,95
base,3,467,0.4286568876923459,1.6578227549960294,383,95
base,3,468,0.4283237772649768,1.6579298127682631,383,95
base,3,469,0.42766022815713095,1.6574710627078477,383,95
base,3,470,0.42733910429844135,1.6573830148976436,383,95
base,3,471,0.4268504386116157,1.657115753912862,383,95
base,3,472,0.42639935478641927,1.6568089115023006,383,95
base,3,473,0.4263525583410203,1.6568622662473416,383,95
base,3,474,0.42615530159147325,1.6562156132677337,383,95
base,3,475,0.42588085290442007,1.6559107775953714,383,95
base,3,476,0.4252363919133658,1.655678118387773,383,95
base,3,477,0.42443328112221784,1.6555972785802322,383,95
base,3,478,0.42382720425663356,1.6548003095777701,383,95
base,3,479,0.42356744108271355,1.6551180142873203,383,95
base,3,480,0.4229552581178475,1.6553427422396678,383,95
base,3,481,0.42238682911142067,1.6556228185361166,383,95
base,3,482,0.4220773779008262,1.6555112307261126,383,95
base,3,483,0.4219009807108185,1.655238292786055,383,95
base,3,484,0.4213814044875546,1.6547229463195103,383,95
base,3,485,0.4213022706916555,1.6546623583965798,383,95
base,3,486,0.4212417997529651,1.6546475305546637,383,95
base,3,487,0.42078877388058433,1.654388929245166,383,95
base,3,488,0.4202590432895531,1.6543194735392686,383,95
base,3,489,0.4198855440150145,1.6540712957974,383,95
base,3,490,0.41938937663112613,1.6536046058057379,383,95
base,3,491,0.41894978284155315,1.6532330433425422,383,95
base,3,492,0.4188012669706479,1.6532440562962465,383,95
base,3,493,0.41868648249362383,1.6532268824672076,383,95
base,3,494,0.41863366945114544,1.6530959558290599,383,95
base,3,495,0.4181634553700957,1.652678410287325,383,95
base,3,496,0.4178260152503874,1.6528434292867253,383,95
base,3,497,0.41752689538519305,1.6529045455468512,383,95
base,3,498,0.4171806200473496,1.6526553954002812,383,95
base,3,499,0.41698099499755137,1.652528773507912,383,95
base,3,500,0.41648182003207906,1.6524049936119076,383,95
base,3,501,0.41608872674312913,1.6517287460365677,383,95
base,3,502,0.4158016585412352,1.6516631644109243,383,95
base,3,503,0.415432790342922,1.6512163377978826,383,95
base,3,504,0.41532365903886603,1.65136261108829,383,95
base,3,505,0.4145538028329412,1.6508811791750682,383,95
base,3,506,0.4145077218504223,1.6509225894655497,383,95
base,3,507,0.4144606219547588,1.650768352310675,383,95
base,3,508,0.4139676724249781,1.6509410546827532,383,95
base,3,509,0.41391371674223265,1.6509260813127693,383,95
base,3,510,0.4134643078023862,1.6509122761431247,383,95
base,3,511,0.4132991888847196,1.6509433537295841,383,95
base,3,512,0.41288283250100477,1.6510822126260143,383,95
base,3,513,0.41239196805883743,1.6510709449029328,383,95
base,3,514,0.412322782194888,1.6510413927311935,383,95
base,3,515,0.4118994950083708,1.6514854877271243,383,95
base,3,516,0.4115772234123193,1.6513079151409482,383,95
base,3,517,0.41114996362724615,1.6512811516022825,383,95
base,3,518,0.410824139376946,1.6513092850277162,383,95
base,3,519,0.410262948154692,1.6513814324065768,383,95
base,3,520,0.41021975580050646,1.6512678360753557,383,95
base,3,521,0.41002211787270454,1.6511107241979037,383,95
base,3,522,0.4096810985811001,1.650892845929272,383,95
base,3,523,0.40934692599119415,1.6514629089173833,383,95
base,3,524,0.4092033357281057,1.651248901469897,383,95
base,3,525,0.408807814644969,1.6513244688457351,383,95
base,3,526,0.40838206205730526,1.6513241090965534,383,95
base,3,527,0.4081175811968049,1.651371343679921,383,95
base,3,528,0.40794304539298715,1.6515219067610518,383,95
base,3,529,0.4079001925511896,1.6513990872288185,383,95
base,3,530,0.40754682232604317,1.6515293930494215,383,95
base,3,531,0.4072704906203105,1.651585990507558,383,95
base,3,532,0.4072395953169771,1.6516257981202562,383,95
base,3,533,0.4071989685441564,1.6515283270838599,383,95
base,3,534,0.40689042465736774,1.651571439377037,383,95
base,3,535,0.4067828818523129,1.6515707351306645,383,95
base,3,536,0.40650234301947263,1.6515151373098855,383,95
base,3,537,0.40619371079375266,1.6513937712021605,383,95
base,3,538,0.4058929308014829,1.6513662515225818,383,95
base,3,539,0.40562088562306425,1.6509881804890911,383,95
base,3,540,0.4054446976069719,1.6508939232528668,383,95
base,3,541,0.40533077923094873,1.6509320797540317,383,95
base,3,542,0.4050755587054479,1.6512095623336231,383,95
base,3,543,0.40469288306293527,1.651436619613841,383,95
base,3,544,0.40448109374842767,1.6513394322724528,383,95
base,3,545,0.40438402870661255,1.6513387375132056,383,95
base,3,546,0.40403823643500475,1.6510185512857956,383,95
base,3,547,0.4037612779249248,1.6508429163166214,383,95
base,3,548,0.4036928378753395,1.6508607821381704,383,95
base,3,549,0.40337001306546993,1.6508852298976733,383,95
base,3,550,0.4029119197586653,1.650805241926646,383,95
base,3,551,0.4024427693240045,1.650799755704686,383,95
base,3,552,0.4021062216603834,1.6505584385181746,383,95
base,3,553,0.40172304046310126,1.6501301056758249,383,95
base,3,554,0.4013580723933037,1.6502519797682005,383,95
base,3,555,0.4010424405284874,1.6500172287447958,383,95
base,3,556,0.4007064036430244,1.6499327616537791,383,95
base,3,557,0.4004296002647661,1.6495812247793287,383,95
base,3,558,0.40035636673258634,1.6496112382867698,383,95
base,3,559,0.3998743359276167,1.649738489361007,383,95
base,3,560,0.39983793905891724,1.6496502294906095,383,95
base,3,561,0.39946205067291346,1.6494274289404034,383,95
base,3,562,0.3992397073143628,1.649131331690542,383,95
base,3,563,0.3990480591924957,1.649032500956834,383,95
base,3,564,0.398786293195123,1.64892990871394,383,95
base,3,565,0.3986346804336181,1.6487942876115036,383,95
base,3,566,0.39840292494387514,1.6486031498885454,383,95
base,3,567,0.39810532869303933,1.6485809454994644,383,95
base,3,568,0.39780294374210123,1.647889173286247,383,95
base,3,569,0.39751816267778395,1.6480099709457428,383,95
base,3,570,0.3972161069221192,1.648515061913183,383,95
base,3,571,0.3969072167320761,1.6486023370976393,383,95
base,3,572,0.39667462322088975,1.6484745683736255,383,95
base,3,573,0.39643108088014545,1.6486613327178112,383,95
base,3,574,0.3961536945344568,1.6487468548626605,383,95
base,3,575,0.3959830837550023,1.648442468454748,383,95
base,3,576,0.39571786659506586,1.6485010873837846,383,95
base,3,577,0.3956457069530291,1.6484692268038879,383,95
base,3,578,0.3953697640470759,1.6485055755250646,383,95
base,3,579,0.3951147440895238,1.6477934937379952,383,95
base,3,580,0.3948805723569928,1.647899070049891,383,95
base,3,581,0.3945774698574173,1.647849102589764,383,95
base,3,582,0.3942843801777621,1.6477578181013892,383,95
base,3,583,0.3940388501246538,1.6475545981174482,383,95
base,3,584,0.39380740712239554,1.6474872580740547,383,95
base,3,585,0.3934776212732946,1.6470820509965174,383,95
base,3,586,0.39327898897946156,1.6470726388535128,383,95
base,3,587,0.3930826591457319,1.647176052592054,383,95
base,3,588,0.39277275488901153,1.6472067052431922,383,95
base,3,589,0.3925535581089048,1.6472921673170118,383,95
base,3,590,0.39226475874341055,1.6469591210600678,383,95
base,3,591,0.39196021814285115,1.6470456135983922,383,95
base,3,592,0.39177228311547185,1.6472378547855828,383,95
base,3,593,0.3915102877158532,1.647664267279953,383,95
base,3,594,0.39141870483826136,1.6476680689591097,383,95
base,3,595,0.391150241428668,1.6475828623931141,383,95
base,3,596,0.39095361453586597,1.6473722003422886,383,95
base,3,597,0.3907630832951021,1.647392012382045,383,95
base,3,598,0.3906086744248217,1.6472619123087386,383,95
base,3,599,0.39048832548998147,1.64729458788978,383,95
base,3,600,0.3904464114909588,1.6474212428274373,383,95
deep_slow,3,1,2.565226419329361,2.933597894768749,383,95
deep_slow,3,2,2.526949424519038,2.905294993679377,383,95
deep_slow,3,3,2.497990371642116,2.8888358663251066,383,95
deep_slow,3,4,2.46307117323904,2.8595810903353587,383,95
deep_slow,3,5,2.427915864813301,2.8232049707961773,383,95
deep_slow,3,6,2.3997562991043853,2.811318911722301,383,95
deep_slow,3,7,2.366748313503093,2.7826232977820493,383,95
deep_slow,3,8,2.338515444571125,2.7640649811867717,383,95
deep_slow,3,9,2.317174189079326,2.7589611163566636,383,95
deep_slow,3,10,2.2907791169907563,2.7394577232244233,383,95
deep_slow,3,11,2.2624736839089685,2.721317190671966,383,95
deep_slow,3,12,2.243482349465016,2.703665245015072,383,95
deep_slow,3,13,2.2184255085006113,2.6865316366329117,383,95
deep_slow,3,14,2.1875915978287614,2.662813508821923,383,95
deep_slow,3,15,2.1639957583423657,2.64065318779609,383,95
deep_slow,3,16,2.137745743953668,2.616674464713573,383,95
deep_slow,3,17,2.1150771104566677,2.597099519734913,383,95
deep_slow,3,18,2.093869121089426,2.579434389037075,383,95
deep_slow,3,19,2.066762810645943,2.560369376664877,383,95
deep_slow,3,20,2.0496654382897614,2.538430342155766,383,95
deep_slow,3,21,2.0249988569802886,2.5203938648967754,383,95
deep_slow,3,22,2.010987125404041,2.5060054432876733,383,95
deep_slow,3,23,1.988220924775314,2.4929250669204435,383,95
deep_slow,3,24,1.9659819420182219,2.482172507269547,383,95
deep_slow,3,25,1.943131301123367,2.463748370652048,383,95
deep_slow,3,26,1.9264183322126875,2.452709259433016,383,95
deep_slow,3,27,1.908130802625654,2.4423409796154623,383,95
deep_slow,3,28,1.8880917675030744,2.4344801331490644,383,95
deep_slow,3,29,1.872017999185239,2.4212023341151316,383,95
deep_slow,3,30,1.8530198699749971,2.412904921746911,383,95
deep_slow,3,31,1.833492092136722,2.4017561006594144,383,95
deep_slow,3,32,1.8116700652719024,2.3846719997954335,383,95
deep_slow,3,33,1.7938881853935051,2.3709727880740386,383,95
deep_slow,3,34,1.7771977716873029,2.3607233091047273,383,95
deep_slow,3,35,1.7613040747592437,2.3485326995674916,383,95
deep_slow,3,36,1.7433494670848155,2.339287035721609,383,95
deep_slow,3,37,1.7255526651875897,2.3246916398957826,383,95
deep_slow,3,38,1.7121700217556814,2.3226364995540645,383,95
deep_slow,3,39,1.6955365565368972,2.307965536998839,383,95
deep_slow,3,40,1.6836510445230046,2.3005625997001937,383,95
deep_slow,3,41,1.6677841054781126,2.2905633916580355,383,95
deep_slow,3,42,1.6518983424575167,2.280418156094892,383,95
deep_slow,3,43,1.6367924462488073,2.272006468688659,383,95
deep_slow,3,44,1.6232087447129369,2.264857598680735,383,95
deep_slow,3,45,1.6104613779148158,2.25658907333349,383,95
deep_slow,3,46,1.5992731171903924,2.2504346484282016,383,95
deep_slow,3,47,1.5845891425409966,2.2417566950779686,383,95
deep_slow,3,48,1.575619803832522,2.233006291320726,383,95
deep_slow,3,49,1.5673803050669683,2.2256489640610706,383,95
deep_slow,3,50,1.5583318897427307,2.2199051850280216,383,95
deep_slow,3,51,1.5447893834852562,2.209309074630225,383,95
deep_slow,3,52,1.5317934652518326,2.2047873285309936,383,95
deep_slow,3,53,1.5186565659139482,2.196775935236513,383,95
deep_slow,3,54,1.503130458289898,2.1879942567108257,383,95
deep_slow,3,55,1.4937363110742305,2.1816812606248552,383,95
deep_slow,3,56,1.480914532296183,2.1734679386365237,383,95
deep_slow,3,57,1.4707771840647221,2.1692694388959577,383,95
deep_slow,3,58,1.4609342314216844,2.1651651196464248,383,95
deep_slow,3,59,1.451774757083327,2.157344846873057,383,95
deep_slow,3,60,1.4417494256702188,2.1476141010059937,383,95
deep_slow,3,61,1.4318356670322558,2.140379917597646,383,95
deep_slow,3,62,1.4227066281824168,2.1404834634527297,383,95
deep_slow,3,63,1.4099612066215323,2.1310967936151597,383,95
deep_slow,3,64,1.398513804154148,2.11713114511951,383,95
deep_slow,3,65,1.3872933181797316,2.106347726364888,383,95
deep_slow,3,66,1.3803956663559904,2.1018547079588887,383,95
deep_slow,3,67,1.3701405170860823,2.0982424955930776,383,95
deep_slow,3,68,1.3612704672479365,2.0913000724219843,383,95
deep_slow,3,69,1.3533551348213277,2.082919881251804,383,95
deep_slow,3,70,1.3469354662202875,2.080669725185717,383,95
deep_slow,3,71,1.3351180457369127,2.071432765049534,383,95
deep_slow,3,72,1.325241558539043,2.0650588741468976,383,95
deep_slow,3,73,1.3185275178930644,2.060792058330398,383,95
deep_slow,3,74,1.3084898179864586,2.0539371331641525,383,95
deep_slow,3,75,1.296474243519814,2.049771569558353,383,95
deep_slow,3,76,1.2877572461977012,2.0450357344112713,383,95
deep_slow,3,77,1.278975493859774,2.039906349578098,383,95
deep_slow,3,78,1.2703733515142148,2.0344625487763235,383,95
deep_slow,3,79,1.2621498050163615,2.0277092032630786,383,95
deep_slow,3,80,1.2525261688558287,2.0196325001981372,383,95
deep_slow,3,81,1.2443428764056736,2.0139090590135846,383,95
deep_slow,3,82,1.235850115385344,2.0107804439491668,383,95
deep_slow,3,83,1.229779075708813,2.0077501425084536,383,95
deep_slow,3,84,1.2235238895516907,2.003479447969216,383,95
deep_slow,3,85,1.2148559814018836,1.999774756328732,383,95
deep_slow,3,86,1.207469478603222,1.995660215565733,383,95
deep_slow,3,87,1.2010933115623519,1.9926868036475216,383,95
deep_slow,3,88,1.19287152681866,1.9875477119699692,383,95
deep_slow,3,89,1.1861894613901331,1.9838160081674603,383,95
deep_slow,3,90,1.1778575379417464,1.9800689013559933,383,95
deep_slow,3,91,1.173848565855183,1.9757458541359876,383,95
deep_slow,3,92,1.1670933950648144,1.9740188094807407,383,95
deep_slow,3,93,1.1590232290929845,1.9685931883503869,383,95
deep_slow,3,94,1.1512221867237045,1.9613458268770927,383,95
deep_slow,3,95,1.1437489693555074,1.9564120384900547,383,95
deep_slow,3,96,1.1391882289609174,1.9537753044156696,383,95
deep_slow,3,97,1.1332110457162998,1.9505853210365902,383,95
deep_slow,3,98,1.1255256325477072,1.9484839870679571,383,95
deep_slow,3,99,1.1192421614934929,1.9463758577730799,383,95
deep_slow,3,100,1.1144495118949147,1.9430588051835722,383,95
deep_slow,3,101,1.1084422274546157,1.937656067912594,383,95
deep_slow,3,102,1.1024179816340525,1.9331296948603143,383,95
deep_slow,3,103,1.0963526170006488,1.9294414083715228,383,95
deep_slow,3,104,1.0903161928164686,1.9254977791206396,383,95
deep_slow,3,105,1.084783346584903,1.9213452457808013,383,95
deep_slow,3,106,1.081367095355579,1.9205231378381071,383,95
deep_slow,3,107,1.075682590548741,1.9184912024865535,383,95
deep_slow,3,108,1.0704172073570613,1.9146309302242683,383,95
deep_slow,3,109,1.0643627855091444,1.913656586408798,383,95
deep_slow,3,110,1.0595936128714423,1.911149877407515,383,95
deep_slow,3,111,1.0543649089136546,1.9073069033501255,383,95
deep_slow,3,112,1.051368570664799,1.9058798952105906,383,95
deep_slow,3,113,1.046451145466337,1.9036096630201578,383,95
deep_slow,3,114,1.0419474540997673,1.9015260663781206,383,95
deep_slow,3,115,1.0368495880713833,1.8977182493023266,383,95
deep_slow,3,116,1.0324432403831403,1.8953503929415294,383,95
deep_slow,3,117,1.0275773111032807,1.8946992224925518,383,95
deep_slow,3,118,1.0232439304379968,1.89548745841687,383,95
deep_slow,3,119,1.0192380609591347,1.8928352532370012,383,95
deep_slow,3,120,1.0155140233950213,1.8911227387286966,383,95
deep_slow,3,121,1.0110191541254472,1.8868435865408193,383,95
deep_slow,3,122,1.0059756222248342,1.8829894220383845,383,95
deep_slow,3,123,1.0024254035692584,1.8795613522179258,383,95
deep_slow,3,124,0.9989516147221632,1.876863200540595,383,95
deep_slow,3,125,0.993844361046472,1.8762539467876047,383,95
deep_slow,3,126,0.9899963230131343,1.8752198848698618,383,95
deep_slow,3,127,0.9865700433428373,1.8721901514942965,383,95
deep_slow,3,128,0.9833611964555803,1.8691779576317529,383,95
deep_slow,3,129,0.9786870274923392,1.8656025325580299,383,95
deep_slow,3,130,0.9751938331913718,1.8648048325655644,383,95
deep_slow,3,131,0.9704646331729803,1.8605271172739832,383,95
deep_slow,3,132,0.966559854032229,1.8584495311010238,383,95
deep_slow,3,133,0.9641269500573019,1.857637133143226,383,95
deep_slow,3,134,0.9604431112125915,1.8539948970420412,383,95
deep_slow,3,135,0.956936516596029,1.8516770015579003,383,95
deep_slow,3,136,0.9531127377138622,1.8477549575105086,383,95
deep_slow,3,137,0.9498363441238141,1.8456660704639232,383,95
deep_slow,3,138,0.9457769814883275,1.8428321087250477,383,95
deep_slow,3,139,0.9420367834065746,1.8394866360412576,383,95
deep_slow,3,140,0.9373395826547875,1.8377990273789855,383,95
deep_slow,3,141,0.9338997356574377,1.834874833226024,383,95
deep_slow,3,142,0.9298348632850539,1.8331627390115568,383,95
deep_slow,3,143,0.927428693083847,1.831492941235703,383,95
deep_slow,3,144,0.9230411918608542,1.8300936010044397,383,95
deep_slow,3,145,0.9199252301657426,1.8306197696453383,383,95
deep_slow,3,146,0.9164426340824501,1.8277810651508444,383,95
deep_slow,3,147,0.9134609043722858,1.8250734751335342,383,95
deep_slow,3,148,0.9092004487955254,1.8224757498283781,383,95
deep_slow,3,149,0.9052573609278641,1.8207524326986675,383,95
deep_slow,3,150,0.9010751855517439,1.81792599768023,383,95
deep_slow,3,151,0.8971726197141132,1.815650342976355,383,95
deep_slow,3,152,0.8949435487107869,1.814987620409861,383,95
deep_slow,3,153,0.8915331298090569,1.8142797582248948,383,95
deep_slow,3,154,0.8879372763075745,1.811259833261347,383,95
deep_slow,3,155,0.8851778830342876,1.809534554352291,383,95
deep_slow,3,156,0.8825811238655802,1.8070441115853333,383,95
deep_slow,3,157,0.8787398526227925,1.8059861040138452,383,95
deep_slow,3,158,0.8757235750657552,1.8048270621394962,383,95
deep_slow,3,159,0.8729875612621504,1.80292525357376,383,95
deep_slow,3,160,0.8690615432436204,1.8012222355947203,383,95
deep_slow,3,161,0.8667773612529409,1.8006902894324197,383,95
deep_slow,3,162,0.864158697110909,1.7985074358991096,383,95
deep_slow,3,163,0.8626284894328348,1.7974921697189143,383,95
deep_slow,3,164,0.8600916257687328,1.795871838254979,383,95
deep_slow,3,165,0.858330405895206,1.794620392470706,383,95
deep_slow,3,166,0.8551626976282654,1.7944950535106459,383,95
deep_slow,3,167,0.8527763520608812,1.7940558691088238,383,95
deep_slow,3,168,0.8509306062348215,1.794147795013063,383,95
deep_slow,3,169,0.847776825177706,1.7927194359962282,383,95
deep_slow,3,170,0.845531864118792,1.7914895074281048,383,95
deep_slow,3,171,0.8428689774970292,1.7890051616099545,383,95
deep_slow,3,172,0.8413956814434598,1.7888025870254818,383,95
deep_slow,3,173,0.8393412344024256,1.787861003186751,383,95
deep_slow,3,174,0.8369331925885605,1.7841294803475123,383,95
deep_slow,3,175,0.8339939801507333,1.7833674309439087,383,95
deep_slow,3,176,0.8332202325014364,1.78297025338569,383,95
deep_slow,3,177,0.8314279254909684,1.7820523081671449,383,95
deep_slow,3,178,0.8289482050278139,1.780034513002009,383,95
deep_slow,3,179,0.827293347843429,1.7802750657687825,383,95
deep_slow,3,180,0.8244630926487952,1.780277535434825,383,95
deep_slow,3,181,0.8222584904708584,1.7783972549913898,383,95
deep_slow,3,182,0.8200464929180675,1.7773294311028307,383,95
deep_slow,3,183,0.818872402800428,1.7770599431330496,383,95
deep_slow,3,184,0.817042645120937,1.7763104671524288,383,95
deep_slow,3,185,0.8151050406726598,1.7742766687092866,383,95
deep_slow,3,186,0.8134037225968824,1.7730964563626732,383,95
deep_slow,3,187,0.8115172894628291,1.7742059933401253,383,95
deep_slow,3,188,0.809691186371192,1.7712490978519626,383,95
deep_slow,3,189,0.8075676399281027,1.770579080574812,383,95
deep_slow,3,190,0.8060837479446364,1.770031390734184,383,95
deep_slow,3,191,0.8037128236617523,1.7692956396349981,383,95
deep_slow,3,192,0.800307838926824,1.7683225285435011,383,95
deep_slow,3,193,0.7990332409278723,1.7676699094524186,383,95
deep_slow,3,194,0.7967792403725448,1.7667145697543094,383,95
deep_slow,3,195,0.7940411179759075,1.7659609457881422,383,95
deep_slow,3,196,0.7911583212472926,1.764491749295025,383,95
deep_slow,3,197,0.7893158171894992,1.7631479924514084,383,95
deep_slow,3,198,0.7882318639019504,1.7629917121358585,383,95
deep_slow,3,199,0.7869577685486127,1.7624857953418445,383,95
deep_slow,3,200,0.7856307779289322,1.7622749512412283,383,95
deep_slow,3,201,0.7846638477254145,1.762064958758974,383,95
deep_slow,3,202,0.7818390355930249,1.7582720746376335,383,95
deep_slow,3,203,0.7793991329060932,1.7579431864059585,383,95
deep_slow,3,204,0.7779492482989495,1.7584915590906005,383,95
deep_slow,3,205,0.7758588341743065,1.7581267531419342,383,95
deep_slow,3,206,0.773794908716716,1.7585146776276877,383,95
deep_slow,3,207,0.773197309717149,1.758248164864751,383,95
deep_slow,3,208,0.772679264408644,1.758012665535539,383,95
deep_slow,3,209,0.7697728387167143,1.758564951143138,383,95
deep_slow,3,210,0.767092872482084,1.7575311784186236,383,95
deep_slow,3,211,0.7662675213269147,1.757063562125416,383,95
deep_slow,3,212,0.7650059112876288,1.7554774964217255,383,95
deep_slow,3,213,0.7625192121098476,1.754962932110068,383,95
deep_slow,3,214,0.7614767183064861,1.754681766465562,383,95
deep_slow,3,215,0.7608488856341834,1.7537836017316109,383,95
deep_slow,3,216,0.759997650293231,1.7531945787047203,383,95
deep_slow,3,217,0.7582873883090383,1.7511136075320601,383,95
deep_slow,3,218,0.7574812016986494,1.750591119220433,383,95
deep_slow,3,219,0.7560445059536308,1.7506341756591788,383,95
deep_slow,3,220,0.7547695400384536,1.7506106652631592,383,95
deep_slow,3,221,0.7520319958910835,1.7488291844490191,383,95
deep_slow,3,222,0.7507764711231277,1.7480926416621607,383,95
deep_slow,3,223,0.7493573714822385,1.747112511789395,383,95
deep_slow,3,224,0.7470280792112349,1.7471791381797053,383,95
deep_slow,3,225,0.7462082642441494,1.746753816219672,383,95
deep_slow,3,226,0.7453577517741558,1.7467828675270962,383,95
deep_slow,3,227,0.7445141274687223,1.7459033370543648,383,95
deep_slow,3,228,0.741905916409646,1.7442928048061808,383,95
deep_slow,3,229,0.740535342727971,1.743446292782357,383,95
deep_slow,3,230,0.7398414672874024,1.7432348428293012,383,95
deep_slow,3,231,0.737660067244953,1.7421270359175356,383,95
deep_slow,3,232,0.7360942769301326,1.7417918843566653,383,95
deep_slow,3,233,0.7350971962555503,1.741768343257617,383,95
deep_slow,3,234,0.7340497102208026,1.7426394658508757,383,95
deep_slow,3,235,0.7323629809676959,1.7416349577836865,383,95
deep_slow,3,236,0.7305580440115529,1.7415547275067722,383,95
deep_slow,3,237,0.7299451279849614,1.741628024009195,383,95
deep_slow,3,238,0.7277739057512003,1.7420246516208562,383,95
deep_slow,3,239,0.7257026980953795,1.7410167387644044,383,95
deep_slow,3,240,0.7250777149751634,1.7404197222210742,383,95
deep_slow,3,241,0.7244181750541372,1.740224578144182,383,95
deep_slow,3,242,0.7239707478352423,1.740072863345275,383,95
deep_slow,3,243,0.7227714851141813,1.7398645734033131,383,95
deep_slow,3,244,0.7219495037737182,1.7400281790133638,383,95
deep_slow,3,245,0.7211654718282632,1.7401350218635203,383,95
deep_slow,3,246,0.7195548407493672,1.7398320628754689,383,95
deep_slow,3,247,0.7183349042430042,1.7401511164366534,383,95
deep_slow,3,248,0.7170022410921035,1.739761713023449,383,95
deep_slow,3,249,0.7160331759837167,1.7389550945357264,383,95
deep_slow,3,250,0.7142882576876123,1.7381671658359135,383,95
deep_slow,3,251,0.7126226852705322,1.738966298104146,383,95
deep_slow,3,252,0.7104979250781185,1.7389783583760632,383,95
deep_slow,3,253,0.7077321978858457,1.7384624424229105,383,95
deep_slow,3,254,0.7056848259881862,1.7377146247870598,383,95
deep_slow,3,255,0.703946778406066,1.7360483829674067,383,95
deep_slow,3,256,0.7034476706587842,1.7357163021484987,383,95
deep_slow,3,257,0.7029205487561461,1.7357978691934999,383,95
deep_slow,3,258,0.7022182424035951,1.7352154194982803,383,95
deep_slow,3,259,0.7009099765855451,1.735164458204848,383,95
deep_slow,3,260,0.7001949851606397,1.735609690422894,383,95
deep_slow,3,261,0.6973267136853488,1.7347278987710777,383,95
deep_slow,3,262,0.6961549154876117,1.7345741203380936,383,95
deep_slow,3,263,0.6940023690713079,1.7344405076442326,383,95
deep_slow,3,264,0.6933725354611796,1.734210505138343,383,95
deep_slow,3,265,0.6918348179779092,1.7326982257403627,383,95
deep_slow,3,266,0.6902247519684566,1.7327995255957824,383,95
deep_slow,3,267,0.689530907232245,1.7325994795294686,383,95
deep_slow,3,268,0.6868554932037646,1.7321692813344822,383,95
deep_slow,3,269,0.6856270610310314,1.7319123657791742,383,95
deep_slow,3,270,0.6850705141314651,1.7317662962879015,383,95
deep_slow,3,271,0.6841436292532151,1.731701749505353,383,95
deep_slow,3,272,0.6820690271145764,1.7318869435281388,383,95
deep_slow,3,273,0.6813788190022829,1.7316625329821924,383,95
deep_slow,3,274,0.6799057703366035,1.7303614531412592,383,95
deep_slow,3,275,0.6773343965662746,1.7293266241204917,383,95
deep_slow,3,276,0.6755700175423832,1.7284374925665456,383,95
deep_slow,3,277,0.6746595895490949,1.7282851298705002,383,95
deep_slow,3,278,0.6740633894167457,1.7281761836576597,383,95
deep_slow,3,279,0.6726415444263326,1.727435899260531,383,95
deep_slow,3,280,0.67157965675642,1.7272249596386777,383,95
deep_slow,3,281,0.670147032179842,1.7266941141574983,383,95
deep_slow,3,282,0.6688837345111287,1.7273101661955097,383,95
deep_slow,3,283,0.6664477353294802,1.726314772640484,383,95
deep_slow,3,284,0.6659928040055983,1.7260159561178319,383,95
deep_slow,3,285,0.6654028143341161,1.7261930172545135,383,95
deep_slow,3,286,0.6647476048958852,1.7262476511000322,383,95
deep_slow,3,287,0.6638887762108548,1.7261839063956959,383,95
deep_slow,3,288,0.6633651429780217,1.7257980669649315,383,95
deep_slow,3,289,0.6609208028941334,1.7247099086846833,383,95
deep_slow,3,290,0.6576441679369679,1.7241032099447613,383,95
deep_slow,3,291,0.6571334161233252,1.7240224436843194,383,95
deep_slow,3,292,0.6565939990539232,1.723705056353308,383,95
deep_slow,3,293,0.6552356621748767,1.7240264924819888,383,95
deep_slow,3,294,0.6537131591720841,1.7241468588532847,383,95
deep_slow,3,295,0.6526403547564575,1.7230406540001801,383,95
deep_slow,3,296,0.6503274104831044,1.721855207579848,383,95
deep_slow,3,297,0.647723193498736,1.720990755271273,383,95
deep_slow,3,298,0.6458517135600602,1.7203624432160087,383,95
deep_slow,3,299,0.6448298269587679,1.718975503677913,383,95
deep_slow,3,300,0.6441557829854077,1.7199674232954238,383,95
deep_slow,3,301,0.6436900011684675,1.719882373654273,383,95
deep_slow,3,302,0.6427583601227302,1.7185133038535345,383,95
deep_slow,3,303,0.6413830758658517,1.717923666442875,383,95
deep_slow,3,304,0.640888794514495,1.7179584663732579,383,95
deep_slow,3,305,0.6404969379926319,1.7179518123876825,383,95
deep_slow,3,306,0.6393388154281536,1.7180149609967956,383,95
deep_slow,3,307,0.6378669044508797,1.7185704962544992,383,95
deep_slow,3,308,0.6356139617783356,1.7177836672933164,383,95
deep_slow,3,309,0.6351244991500515,1.7178763667680756,383,95
deep_slow,3,310,0.6335467762858435,1.7176005510139098,383,95
deep_slow,3,311,0.6332688232868435,1.7176986114085797,383,95
deep_slow,3,312,0.6317285359126154,1.7177467181027795,383,95
deep_slow,3,313,0.6312465088388138,1.7177769927890705,383,95
deep_slow,3,314,0.6308289612199086,1.7177054515575803,383,95
deep_slow,3,315,0.6293901834084477,1.7170521828364755,383,95
deep_slow,3,316,0.6273619131247387,1.7165744349161562,383,95
deep_slow,3,317,0.6269431307376324,1.7164254208134766,383,95
deep_slow,3,318,0.6251052535776419,1.715738747226357,383,95
deep_slow,3,319,0.6238882701964167,1.7163224594528061,383,95
deep_slow,3,320,0.6235012714646546,1.7162561787049515,383,95
deep_slow,3,321,0.6221041816424816,1.7156829695840365,383,95
deep_slow,3,322,0.6198303177783896,1.7151469166050137,383,95
deep_slow,3,323,0.6177365850112252,1.7140548608343469,383,95
deep_slow,3,324,0.6159807627031233,1.713685422055335,383,95
deep_slow,3,325,0.6139530939156194,1.7142080924547232,383,95
deep_slow,3,326,0.6122144901485916,1.7136628925821056,383,95
deep_slow,3,327,0.6113686036491411,1.712584184283649,383,95
deep_slow,3,328,0.6105745152911515,1.7131524283377242,383,95
deep_slow,3,329,0.6093260223658316,1.7130046781250783,383,95
deep_slow,3,330,0.6090334340213877,1.7129286019848764,383,95
deep_slow,3,331,0.6086394017220726,1.713132282614669,383,95
deep_slow,3,332,0.607145478303885,1.7125258367198102,383,95
deep_slow,3,333,0.6061680522486661,1.7118868674005416,383,95
deep_slow,3,334,0.6049063688446704,1.71152993146791,383,95
deep_slow,3,335,0.6038972289955565,1.7105786481210798,383,95
deep_slow,3,336,0.6018975853852288,1.7110079239843063,383,95
deep_slow,3,337,0.6000351841884061,1.711084399820172,383,95
deep_slow,3,338,0.5993096683382162,1.7117278135655756,383,95
deep_slow,3,339,0.5973877787980251,1.7112444802974258,383,95
deep_slow,3,340,0.5970470841941994,1.7112522606978235,383,95
deep_slow,3,341,0.5954104872008076,1.7117778787123434,383,95
deep_slow,3,342,0.5950359241906464,1.712183200677071,383,95
deep_slow,3,343,0.5938497586624522,1.7117485012962292,383,95
deep_slow,3,344,0.592457769903234,1.7102159745269871,383,95
deep_slow,3,345,0.5909870595894827,1.7097739302889179,383,95
deep_slow,3,346,0.590603324097394,1.7101185370194616,383,95
deep_slow,3,347,0.5883880865163708,1.7089781689589607,383,95
deep_slow,3,348,0.5881801065580287,1.7086995652930055,383,95
deep_slow,3,349,0.5864912736894916,1.7081261581285663,383,95
deep_slow,3,350,0.5861699235308252,1.7080659833427008,383,95
deep_slow,3,351,0.585932063339707,1.7078404060540364,383,95
deep_slow,3,352,0.5850407094724361,1.7078347745150035,383,95
deep_slow,3,353,0.5838536436757541,1.7079390605422173,383,95
deep_slow,3,354,0.5826059020608245,1.7073557502551981,383,95
deep_slow,3,355,0.5821374978803285,1.7076128701836661,383,95
deep_slow,3,356,0.5802877634020019,1.706811732888938,383,95
deep_slow,3,357,0.5796563808455706,1.706185222680734,383,95
deep_slow,3,358,0.5793627132307001,1.7061855754825443,383,95
deep_slow,3,359,0.578255673157912,1.7055755617790047,383,95
deep_slow,3,360,0.5767526930841552,1.7048987941002423,383,95
deep_slow,3,361,0.5756574918789832,1.7048978376352322,383,95
deep_slow,3,362,0.5744794145208353,1.7045349721300078,383,95
deep_slow,3,363,0.5728491525485698,1.704011653594082,383,95
deep_slow,3,364,0.5710897896223345,1.7033987507000878,383,95
deep_slow,3,365,0.5696014357425885,1.7027788270585975,383,95
deep_slow,3,366,0.5684636208923843,1.7020964944143813,383,95
deep_slow,3,367,0.5667684734185786,1.7011010260266946,383,95
deep_slow,3,368,0.5651152876959902,1.7001075645641726,383,95
deep_slow,3,369,0.5641347370990861,1.6999315223897822,383,95
deep_slow,3,370,0.5639344208473466,1.6997214973024004,383,95
deep_slow,3,371,0.5626999474872887,1.6995366993305463,383,95
deep_slow,3,372,0.5623364489112095,1.699589770572979,383,95
deep_slow,3,373,0.561662849909551,1.6991966969325996,383,95
deep_slow,3,374,0.5613425245471735,1.6992425231253812,383,95
deep_slow,3,375,0.5601046390466249,1.6989443190894733,383,95
deep_slow,3,376,0.5599209917301402,1.698517784223197,383,95
deep_slow,3,377,0.5589627616484951,1.6990247008027581,383,95
deep_slow,3,378,0.5574673835164046,1.6985456517476074,383,95
deep_slow,3,379,0.5562059444540607,1.6979384168364855,383,95
deep_slow,3,380,0.5547587760826976,1.6981462483160703,383,95
deep_slow,3,381,0.5539700973813538,1.6971836341181423,383,95
deep_slow,3,382,0.5526881359636844,1.6970122271155061,383,95
deep_slow,3,383,0.5509163341410488,1.6961295836481118,383,95
deep_slow,3,384,0.5506343112802817,1.696257754241098,383,95
deep_slow,3,385,0.5496365499427128,1.695736473004084,383,95
deep_slow,3,386,0.5485325425259506,1.6952049907260218,383,95
deep_slow,3,387,0.5475777137590845,1.694087079351821,383,95
deep_slow,3,388,0.547439026882022,1.6938892824278304,383,95
deep_slow,3,389,0.5463524253650225,1.6932837611723013,383,95
deep_slow,3,390,0.546083015423911,1.6934153194835755,383,95
deep_slow,3,391,0.544814521477446,1.6932577585077793,383,95
deep_slow,3,392,0.5441823501954198,1.6931940234932992,383,95
deep_slow,3,393,0.5428848581917054,1.6927086881199223,383,95
deep_slow,3,394,0.5421750544249453,1.6919136027015045,383,95
deep_slow,3,395,0.5409964174584561,1.6915602611271967,383,95
deep_slow,3,396,0.540105895145528,1.6922454046835922,383,95
deep_slow,3,397,0.5390146437996853,1.6922980528428448,383,95
deep_slow,3,398,0.5380964806719474,1.6927485537637461,383,95
deep_slow,3,399,0.5373822197703707,1.692334736452679,383,95
deep_slow,3,400,0.5361649338872841,1.6920179844478773,383,95
deep_slow,3,401,0.5360112279068183,1.6919027941447504,383,95
deep_slow,3,402,0.5354066328378213,1.6921040098430498,383,95
deep_slow,3,403,0.5348294275149177,1.6920282421839143,383,95
deep_slow,3,404,0.5340639295439666,1.6923272683737112,383,95
deep_slow,3,405,0.5337078733630096,1.692336895093623,383,95
deep_slow,3,406,0.532843816659333,1.6923441451674184,383,95
deep_slow,3,407,0.5323968738786118,1.6919676361744036,383,95
deep_slow,3,408,0.5322524809030641,1.6918846859705352,383,95
deep_slow,3,409,0.53129668469649,1.6919910110220782,383,95
deep_slow,3,410,0.5311740320815366,1.691989441467431,383,95
deep_slow,3,411,0.5301548218011332,1.6918416285891063,383,95
deep_slow,3,412,0.5289178621321773,1.69167546470106,383,95
deep_slow,3,413,0.5284402363757382,1.6914426131393787,383,95
deep_slow,3,414,0.528313231291663,1.6912313300329436,383,95
deep_slow,3,415,0.5273915057282893,1.6910237171238065,383,95
deep_slow,3,416,0.5269443581444551,1.6909428817802363,383,95
deep_slow,3,417,0.5268059421350174,1.6906598204989258,383,95
deep_slow,3,418,0.5261044768256737,1.6898723888606622,383,95
deep_slow,3,419,0.5256433608864433,1.6898331068809422,383,95
deep_slow,3,420,0.525140613484111,1.6893010059780234,383,95
deep_slow,3,421,0.5248920653039356,1.6893147473400556,383,95
deep_slow,3,422,0.524774233841729,1.6891155424557915,383,95
deep_slow,3,423,0.5240232293752449,1.689045891059661,383,95
deep_slow,3,424,0.523730364370048,1.6889351990979733,383,95
deep_slow,3,425,0.5231024869054969,1.6900472722645152,383,95
deep_slow,3,426,0.5223959115569402,1.689861294319894,383,95
deep_slow,3,427,0.5222807056421216,1.689863533650527,383,95
deep_slow,3,428,0.5212934258768915,1.6893743790825098,383,95
deep_slow,3,429,0.5206266838334259,1.6891762662993484,383,95
deep_slow,3,430,0.519755760858358,1.6890000100951583,383,95
deep_slow,3,431,0.5188043261714987,1.6893142569465953,383,95
deep_slow,3,432,0.5178929782183563,1.6892012907840446,383,95
deep_slow,3,433,0.5176179140203443,1.6894050537392924,383,95
deep_slow,3,434,0.5174882239534042,1.6892466416353658,383,95
deep_slow,3,435,0.5169589562505408,1.6890859408608399,383,95
deep_slow,3,436,0.5164081444890921,1.689263804508443,383,95
deep_slow,3,437,0.5158025925229389,1.6895005529387725,383,95
deep_slow,3,438,0.5153725120993629,1.6895061049367255,383,95
deep_slow,3,439,0.5143921714723594,1.6894824605454013,383,95
deep_slow,3,440,0.5139814490233319,1.6892728987864691,383,95
deep_slow,3,441,0.5133340304750738,1.6890260380665285,383,95
deep_slow,3,442,0.5126749818111696,1.6889608711952437,383,95
deep_slow,3,443,0.5122607378601882,1.6890240767014206,383,95
deep_slow,3,444,0.5117101190402552,1.6886503487827316,383,95
deep_slow,3,445,0.5110395099475922,1.6884487537639792,383,95
deep_slow,3,446,0.5106525293146525,1.688277963589233,383,95
deep_slow,3,447,0.5096102598658468,1.6882896410020605,383,95
deep_slow,3,448,0.5094633484041347,1.688442313169095,383,95
deep_slow,3,449,0.5087103118590363,1.6882945476849422,383,95
deep_slow,3,450,0.5083705393684282,1.6882410624393032,383,95
deep_slow,3,451,0.5082673031978343,1.688246726044529,383,95
deep_slow,3,452,0.5075026359660672,1.6881814378107098,383,95
deep_slow,3,453,0.5067770124729967,1.687688964510816,383,95
deep_slow,3,454,0.5057999415698056,1.6874568204793827,383,95
deep_slow,3,455,0.505485538795175,1.6874462257227993,383,95
deep_slow,3,456,0.5048631823547415,1.6870927559537034,383,95
deep_slow,3,457,0.5044833364970992,1.686814933720872,383,95
deep_slow,3,458,0.5041713674722123,1.6871025353802065,383,95
deep_slow,3,459,0.5040706062655914,1.6870080228139752,383,95
deep_slow,3,460,0.5037419539149632,1.6874289201813617,383,95
deep_slow,3,461,0.5032102019565254,1.6877096938969274,383,95
deep_slow,3,462,0.5023422267490032,1.6875027814171417,383,95
deep_slow,3,463,0.5018009386341279,1.6869018921201142,383,95
deep_slow,3,464,0.5012859868131355,1.6868191434084991,383,95
deep_slow,3,465,0.50118874072678,1.6867267868624254,383,95
deep_slow,3,466,0.5003906786909883,1.6863243693966952,383,95
deep_slow,3,467,0.49920319340851094,1.6851778919986415,383,95
deep_slow,3,468,0.4981950806800171,1.685118001723662,383,95
deep_slow,3,469,0.49741409914379836,1.6845902739008127,383,95
deep_slow,3,470,0.49685489547137274,1.6845543611910903,383,95
deep_slow,3,471,0.49630048404158283,1.6839367576579054,383,95
deep_slow,3,472,0.495781737843581,1.6839269625356774,383,95
deep_slow,3,473,0.4952454024608327,1.6835384133360711,383,95
deep_slow,3,474,0.49458978195589665,1.6831084332956685,383,95
deep_slow,3,475,0.4944962269413396,1.6830191219918562,383,95
deep_slow,3,476,0.4937439675690704,1.682574994552856,383,95
deep_slow,3,477,0.49358589491693206,1.6828017417532894,383,95
deep_slow,3,478,0.4929402794541589,1.6827445573455664,383,95
deep_slow,3,479,0.4926501215628712,1.6825765422224923,383,95
deep_slow,3,480,0.4925703882949992,1.682419924427527,383,95
deep_slow,3,481,0.4919520619815711,1.6823661560188627,383,95
deep_slow,3,482,0.4911200625666441,1.6820470423499023,383,95
deep_slow,3,483,0.4908624152880718,1.6817295903913145,383,95
deep_slow,3,484,0.4903583231142136,1.6817796716028857,383,95
deep_slow,3,485,0.4897429490092071,1.6813733824105974,383,95
deep_slow,3,486,0.489153577119906,1.6814481061298099,383,95
deep_slow,3,487,0.48853854886857107,1.6813953114754745,383,95
deep_slow,3,488,0.48845257554363497,1.6813164182737317,383,95
deep_slow,3,489,0.4878459549675776,1.6813373154336717,383,95
deep_slow,3,490,0.4867732685211675,1.681232283027582,383,95
deep_slow,3,491,0.48618405199374887,1.6811853909613232,383,95
deep_slow,3,492,0.4860864062157201,1.6811153159217185,383,95
deep_slow,3,493,0.485435164903019,1.6811743941418755,383,95
deep_slow,3,494,0.48504201109746065,1.6808002526592767,383,95
deep_slow,3,495,0.4845684711776774,1.681561351032725,383,95
deep_slow,3,496,0.4839232048236455,1.6814162188757962,383,95
deep_slow,3,497,0.48337062220889304,1.681289701352576,383,95
deep_slow,3,498,0.48283318682030707,1.6811581404726514,383,95
deep_slow,3,499,0.48237967158994255,1.6809653783911094,383,95
deep_slow,3,500,0.48183544600386424,1.6807032115390586,383,95
deep_slow,3,501,0.48156445144169724,1.6811481523068459,383,95
deep_slow,3,502,0.48147384890006234,1.6810816739480998,383,95
deep_slow,3,503,0.4806877535521116,1.6812617382906954,383,95
deep_slow,3,504,0.4802956454669505,1.6811999438391358,383,95
deep_slow,3,505,0.47967796262032747,1.681406972775362,383,95
deep_slow,3,506,0.4795311469959767,1.6815474464381355,383,95
deep_slow,3,507,0.47925589354878995,1.6815831929667004,383,95
deep_slow,3,508,0.4790072523023767,1.6818284996594173,383,95
deep_slow,3,509,0.47860074478801173,1.6820569073580998,383,95
deep_slow,3,510,0.4781624230331521,1.6818394999447592,383,95
deep_slow,3,511,0.4780802970887799,1.6817662320722746,383,95
deep_slow,3,512,0.47799278303970627,1.68170287811212,383,95
deep_slow,3,513,0.47734810166942615,1.6822226647545417,383,95
deep_slow,3,514,0.476560786615392,1.682130250249504,383,95
deep_slow,3,515,0.4758905069514092,1.6819517533157518,383,95
deep_slow,3,516,0.47581584922532977,1.6818843077791688,383,95
deep_slow,3,517,0.47566697157367743,1.6819386888592143,383,95
deep_slow,3,518,0.4755870717643482,1.6819081648608745,383,95
deep_slow,3,519,0.4755119346757205,1.681940386688728,383,95
deep_slow,3,520,0.4753744817823264,1.6819305160643838,383,95
deep_slow,3,521,0.47486122212942766,1.6817750945247638,383,95
deep_slow,3,522,0.4740925016575403,1.681348522966626,383,95
deep_slow,3,523,0.4734298842437152,1.6814467000686295,383,95
deep_slow,3,524,0.47278729937837344,1.6810533512145176,383,95
deep_slow,3,525,0.4722961618038225,1.681000236996619,383,95
deep_slow,3,526,0.4718394542688087,1.6808909996530574,383,95
deep_slow,3,527,0.4712907821949409,1.6806005193134832,383,95
deep_slow,3,528,0.47066095095840976,1.6798506712737815,383,95
deep_slow,3,529,0.47005864896323785,1.6795554155319297,383,95
deep_slow,3,530,0.4694084281933694,1.6792752933918877,383,95
deep_slow,3,531,0.4690897178325091,1.679093359426863,383,95
deep_slow,3,532,0.4688355913624149,1.6793662808796193,383,95
deep_slow,3,533,0.46837602889303104,1.6790965105387017,383,95
deep_slow,3,534,0.4678998991547448,1.6783032872127102,383,95
deep_slow,3,535,0.46749805652788706,1.6783995217410286,383,95
deep_slow,3,536,0.4671722964502004,1.6782287844555468,383,95
deep_slow,3,537,0.4670812120196562,1.6783485442872983,383,95
deep_slow,3,538,0.4669994801139177,1.6783760690078562,383,95
deep_slow,3,539,0.4669136094978488,1.6784966378766937,383,95
deep_slow,3,540,0.46628018181023745,1.6785793925677825,383,95
deep_slow,3,541,0.4656944958447344,1.6783906532616393,383,95
deep_slow,3,542,0.46562064023381594,1.6783334332238893,383,95
deep_slow,3,543,0.46507366109616555,1.6780637531810376,383,95
deep_slow,3,544,0.46456084965517297,1.6781436066918978,383,95
deep_slow,3,545,0.46417284311507,1.6784465656690588,383,95
deep_slow,3,546,0.4641151293041226,1.6784497239855976,383,95
deep_slow,3,547,0.4637693498296385,1.678411150836581,383,95
deep_slow,3,548,0.463717744806709,1.6784207761457581,383,95
deep_slow,3,549,0.4633775126345751,1.67824445340851,383,95
deep_slow,3,550,0.46273544995401666,1.6780405453350036,383,95
deep_slow,3,551,0.46266541969861,1.6779839232444085,383,95
deep_slow,3,552,0.46232332499521733,1.6781696724541921,383,95
deep_slow,3,553,0.4617459964293383,1.6779732018312645,383,95
deep_slow,3,554,0.461244431101254,1.6779042417693268,383,95
deep_slow,3,555,0.4606961231763393,1.6775251282531085,383,95
deep_slow,3,556,0.4599855609782114,1.6770709286379821,383,95
deep_slow,3,557,0.4595906298929879,1.6768838352811173,383,95
deep_slow,3,558,0.45902506342710137,1.6767480996920054,383,95
deep_slow,3,559,0.45828518100064924,1.6766876148245824,383,95
deep_slow,3,560,0.4578708040078059,1.6765710081318677,383,95
deep_slow,3,561,0.45768282694455903,1.676486364715703,383,95
deep_slow,3,562,0.45721097529340776,1.6762464174546814,383,95
deep_slow,3,563,0.4566853478032391,1.676051449579004,383,95
deep_slow,3,564,0.4564639099006253,1.6761570065497187,383,95
deep_slow,3,565,0.4561111094944638,1.676001404014044,383,95
deep_slow,3,566,0.4556398337639682,1.6761009762724701,383,95
deep_slow,3,567,0.45520931063859266,1.6758936320860018,383,95
deep_slow,3,568,0.4547129530503036,1.6759068809979596,383,95
deep_slow,3,569,0.4543748655374935,1.6759924178331582,383,95
deep_slow,3,570,0.45386907675437416,1.675782304704565,383,95
deep_slow,3,571,0.4534465081344971,1.6758167866728002,383,95
deep_slow,3,572,0.4530837570825333,1.6755622066257774,383,95
deep_slow,3,573,0.4530268073818716,1.675521801508748,383,95
deep_slow,3,574,0.45296189537574416,1.6755404474929592,383,95
deep_slow,3,575,0.4525182474343119,1.6750957420236525,383,95
deep_slow,3,576,0.4524042579383894,1.6751903249096034,383,95
deep_slow,3,577,0.4519504168892366,1.674998644049762,383,95
deep_slow,3,578,0.45144224363954505,1.6751449085139853,383,95
deep_slow,3,579,0.45114084353317574,1.6749613287402565,383,95
deep_slow,3,580,0.4509020562352163,1.6751621421309897,383,95
deep_slow,3,581,0.450664694140714,1.6749844297662089,383,95
deep_slow,3,582,0.45034358812181197,1.674617880871912,383,95
deep_slow,3,583,0.44961448971350065,1.6746657374671292,383,95
deep_slow,3,584,0.44934688150537233,1.6744758685888226,383,95
deep_slow,3,585,0.44894262201313967,1.6743573155402665,383,95
deep_slow,3,586,0.4483315563186388,1.6739455094185156,383,95
deep_slow,3,587,0.44790674460273394,1.6738164331038228,383,95
deep_slow,3,588,0.44751847218865437,1.6735016490479648,383,95
deep_slow,3,589,0.44714892682162183,1.6736509110548596,383,95
deep_slow,3,590,0.4467825791443928,1.6734550395949113,383,95
deep_slow,3,591,0.4463931384743777,1.6735685368970075,383,95
deep_slow,3,592,0.4459518064080591,1.6734185991762638,383,95
deep_slow,3,593,0.4455910124874772,1.6732062546147501,383,95
deep_slow,3,594,0.44549596304737865,1.6732215899667782,383,95
deep_slow,3,595,0.4450334204612575,1.67306475107252,383,95
deep_slow,3,596,0.4449817316538889,1.6730162871853416,383,95
deep_slow,3,597,0.44473428982919866,1.6730448117016992,383,95
deep_slow,3,598,0.4446512090185557,1.6731457069331488,383,95
deep_slow,3,599,0.4445670989686116,1.673242786895466,383,95
deep_slow,3,600,0.4443239497707611,1.6728413549410255,383,95
deep_slow,3,601,0.44395462579677075,1.6727368823829465,383,95
deep_slow,3,602,0.44390864388439444,1.6726920287793463,383,95
deep_slow,3,603,0.44385393953987,1.6726062131502981,383,95
deep_slow,3,604,0.4434403517812459,1.6725583631518819,383,95
deep_slow,3,605,0.4429445370972017,1.6725237066834104,383,95
deep_slow,3,606,0.4428965855601369,1.6724096383741884,383,95
deep_slow,3,607,0.4428494043245049,1.6723616817989901,383,95
deep_slow,3,608,0.44248370264171166,1.6723885623058876,383,95
deep_slow,3,609,0.4419481882542285,1.6721209096178302,383,95
deep_slow,3,610,0.44189491630437766,1.671968953270808,383,95
deep_slow,3,611,0.4411880914242596,1.6719620764021812,383,95
deep_slow,3,612,0.4407012972615998,1.6719257377609205,383,95
deep_slow,3,613,0.440311631867412,1.6719339622414733,383,95
deep_slow,3,614,0.4398483792533749,1.6716715191012972,383,95
deep_slow,3,615,0.4397869838999673,1.6718437989614663,383,95
deep_slow,3,616,0.43931631499828044,1.6718836172479448,383,95
deep_slow,3,617,0.43897917329191,1.671697707016942,383,95
deep_slow,3,618,0.43854332691772685,1.671621259452216,383,95
deep_slow,3,619,0.43845973760668844,1.6717232888968205,383,95
deep_slow,3,620,0.43839127372311204,1.6718977997715008,383,95
deep_slow,3,621,0.43811693664243073,1.6722828229396598,383,95
deep_slow,3,622,0.438064231280726,1.6722046477609924,383,95
deep_slow,3,623,0.4377091436121341,1.6719363330342072,383,95
deep_slow,3,624,0.4371776609841401,1.6718223893159503,383,95
deep_slow,3,625,0.4365926919823055,1.6721083200056284,383,95
deep_slow,3,626,0.4362121650547446,1.671898694514696,383,95
deep_slow,3,627,0.43616858747452336,1.67185474232373,383,95
deep_slow,3,628,0.4358482644177054,1.6714025161025667,383,95
deep_slow,3,629,0.4353774012811027,1.6716381107183853,383,95
deep_slow,3,630,0.43495480110605245,1.6714335744364877,383,95
deep_slow,3,631,0.43446857025189334,1.6709961067806112,383,95
deep_slow,3,632,0.4340773728377778,1.6709150547505758,383,95
deep_slow,3,633,0.4336773637932219,1.6706676729787227,383,95
deep_slow,3,634,0.4336327839280681,1.6706545576709464,383,95
deep_slow,3,635,0.43350975661614793,1.6708498766758968,383,95
deep_slow,3,636,0.4334344046524827,1.6708849597012805,383,95
deep_slow,3,637,0.4331652456694706,1.670877189184057,383,95
deep_slow,3,638,0.43278767071752294,1.6709797016619936,383,95
deep_slow,3,639,0.432632435935987,1.6706273713216653,383,95
deep_slow,3,640,0.4323132459913815,1.670142518958525,383,95
deep_slow,3,641,0.4319838215823241,1.67016937307366,383,95
deep_slow,3,642,0.4315919920264255,1.6698536957162131,383,95
deep_slow,3,643,0.4311475222637749,1.670060417039856,383,95
deep_slow,3,644,0.43110893120651345,1.6699959140664238,383,95
deep_slow,3,645,0.430812536671116,1.6700035392132089,383,95
deep_slow,3,646,0.43038742078563075,1.670010844530089,383,95
deep_slow,3,647,0.4301601650278073,1.6700611262680152,383,95
deep_slow,3,648,0.430005520118948,1.6699823148610882,383,95
deep_slow,3,649,0.4297759198615323,1.669916877522197,383,95
deep_slow,3,650,0.4297084662270114,1.6699419948123548,383,95
deep_slow,3,651,0.4294817862644742,1.6695089633386975,383,95
deep_slow,3,652,0.42921389569227436,1.6692517253380528,383,95
deep_slow,3,653,0.42890760324369853,1.6691458575095839,383,95
deep_slow,3,654,0.4285960166279009,1.6690573779508229,383,95
deep_slow,3,655,0.42822041346251966,1.6687776756110009,383,95
deep_slow,3,656,0.4279213498699079,1.668727765656074,383,95
deep_slow,3,657,0.427700263132961,1.6686488220394786,383,95
deep_slow,3,658,0.4271448774046683,1.6685129626030484,383,95
deep_slow,3,659,0.42680208808776193,1.6681238294819518,383,95
deep_slow,3,660,0.42643470817063106,1.6678499748637148,383,95
deep_slow,3,661,0.4261984962174068,1.6681218885213613,383,95
deep_slow,3,662,0.42576826873696266,1.6677091106212425,383,95
deep_slow,3,663,0.4253439566120883,1.6675753985037503,383,95
deep_slow,3,664,0.42498656594671114,1.6672168422937828,383,95
deep_slow,3,665,0.4247968395014947,1.6671501695231008,383,95
deep_slow,3,666,0.4244935879882302,1.6668254510432083,383,95
deep_slow,3,667,0.4242771042275064,1.6667689880451229,383,95
deep_slow,3,668,0.4239642012894339,1.6662779081413086,383,95
deep_slow,3,669,0.42374711615024707,1.665881726419826,383,95
deep_slow,3,670,0.42342302941766696,1.6659896324902508,383,95
deep_slow,3,671,0.4231931608919426,1.6658796706393262,383,95
deep_slow,3,672,0.4229552153330992,1.665805812988423,383,95
deep_slow,3,673,0.422649838219525,1.665562862831075,383,95
deep_slow,3,674,0.4226013080473283,1.6655863739374137,383,95
deep_slow,3,675,0.4225637499650306,1.6655524544875369,383,95
deep_slow,3,676,0.4225221126977315,1.6656013497555986,383,95
deep_slow,3,677,0.4222418150706189,1.6655523447385794,383,95
deep_slow,3,678,0.42218097015680695,1.6656759923757196,383,95
deep_slow,3,679,0.42178929369968465,1.6653893031958853,383,95
deep_slow,3,680,0.42174679978316565,1.6653234275743276,383,95
deep_slow,3,681,0.42170878425113295,1.6653753659477937,383,95
deep_slow,3,682,0.4212608772961801,1.6654529241167462,383,95
deep_slow,3,683,0.42096028393479973,1.665263745530696,383,95
deep_slow,3,684,0.4208593279354714,1.6656685327933547,383,95
deep_slow,3,685,0.4206270033913707,1.6657426749360624,383,95
deep_slow,3,686,0.42059733562458385,1.6656569639074508,383,95
deep_slow,3,687,0.42022646991848867,1.6655482954551752,383,95
deep_slow,3,688,0.4198896308541606,1.6654233866939767,383,95
deep_slow,3,689,0.4197621555084066,1.665541742240545,383,95
deep_slow,3,690,0.41948422392378043,1.665532536704028,383,95
deep_slow,3,691,0.4192919975070081,1.6657886440834198,383,95
deep_slow,3,692,0.4191632196920527,1.6659457574023075,383,95
deep_slow,3,693,0.4188561940076202,1.6660319484345474,383,95
deep_slow,3,694,0.41855685420916827,1.6657309953807902,383,95
deep_slow,3,695,0.4183876891193587,1.6658307072225453,383,95
deep_slow,3,696,0.4180753940383045,1.6656241451434854,383,95
deep_slow,3,697,0.4176217914797206,1.665747384235035,383,95
deep_slow,3,698,0.41736157869441565,1.6655758124236197,383,95
deep_slow,3,699,0.4172426204453856,1.6655947172381962,383,95
deep_slow,3,700,0.41718119092060474,1.6656709637782436,383,95
deep_slow,3,701,0.41701880058511326,1.6655657646413595,383,95
deep_slow,3,702,0.416823059444651,1.6654326852237482,383,95
deep_slow,3,703,0.41648638217808026,1.665257677136325,383,95
deep_slow,3,704,0.41625747284716536,1.6653332028589096,383,95
deep_slow,3,705,0.4161769714344409,1.6654750854357387,383,95
deep_slow,3,706,0.4157785124394406,1.6654638426246124,383,95
deep_slow,3,707,0.4157585292878204,1.6654683514917277,383,95
deep_slow,3,708,0.4155437299570848,1.6654382881199992,383,95
deep_slow,3,709,0.4155183241011336,1.6653624674135725,383,95
deep_slow,3,710,0.41521759274898057,1.6652027128061124,383,95
deep_slow,3,711,0.4149260918754311,1.6651900932932906,383,95
deep_slow,3,712,0.414618750748024,1.665060095999451,383,95
deep_slow,3,713,0.4143467635890148,1.664788742589177,383,95
deep_slow,3,714,0.41426873812827736,1.6647688932375373,383,95
deep_slow,3,715,0.4139261192249707,1.664896562574138,383,95
deep_slow,3,716,0.4135472855384024,1.6645186531954974,383,95
deep_slow,3,717,0.41322311295034875,1.6644700420710166,383,95
deep_slow,3,718,0.4129924657168222,1.6640899062365935,383,95
deep_slow,3,719,0.41270216707517277,1.6637815573549295,383,95
deep_slow,3,720,0.4124333027399556,1.66378820589718,383,95
deep_slow,3,721,0.412160579975704,1.6635856434791505,383,95
deep_slow,3,722,0.41184931257957,1.6637074688613647,383,95
deep_slow,3,723,0.4115021312848722,1.6641872120387282,383,95
deep_slow,3,724,0.41144721755543195,1.6642186014926772,383,95
deep_slow,3,725,0.4110910578631027,1.6641342919592053,383,95
deep_slow,3,726,0.41080257132439,1.663914227964382,383,95
deep_slow,3,727,0.4106978148825015,1.6639805631192421,383,95
deep_slow,3,728,0.41041626291405375,1.6638227363070452,383,95
deep_slow,3,729,0.41019513900394006,1.6636836803410255,383,95
deep_slow,3,730,0.410164661723795,1.6635781040480047,383,95
deep_slow,3,731,0.4100097871544948,1.6635454910590912,383,95
deep_slow,3,732,0.40995623713207185,1.6635546085569384,383,95
deep_slow,3,733,0.40986187214009917,1.6636900591994623,383,95
deep_slow,3,734,0.40946483422210966,1.663649518782357,383,95
deep_slow,3,735,0.4092036983305594,1.6636594987384348,383,95
deep_slow,3,736,0.4089706869151006,1.663587775760841,383,95
deep_slow,3,737,0.40864415644952135,1.6635872175225093,383,95
deep_slow,3,738,0.40850664529304886,1.663595199274684,383,95
deep_slow,3,739,0.40839281638465996,1.6635505138323812,383,95
deep_slow,3,740,0.4082144612660972,1.6635272708976183,383,95
deep_slow,3,741,0.40799243457627027,1.6635312560076978,383,95
deep_slow,3,742,0.40784491920797084,1.6634473126633422,383,95
deep_slow,3,743,0.4075816993264276,1.6632812737736973,383,95
deep_slow,3,744,0.407317603431464,1.6630398841592524,383,95
deep_slow,3,745,0.4070594652491961,1.6629129621405851,383,95
deep_slow,3,746,0.40693290025706286,1.6628207167175935,383,95
deep_slow,3,747,0.4066138402559455,1.6627971417471734,383,95
deep_slow,3,748,0.40633772115666794,1.6625573953418644,383,95
deep_slow,3,749,0.4061252897417856,1.662595706379501,383,95
deep_slow,3,750,0.40594972678481017,1.6627290753359818,383,95
deep_slow,3,751,0.4057165825087527,1.662804411629892,383,95
deep_slow,3,752,0.4056863306795353,1.6628745533823437,383,95
deep_slow,3,753,0.40540107597117486,1.662692426720501,383,95
deep_slow,3,754,0.40513482763188574,1.6627292852510667,383,95
deep_slow,3,755,0.40479643982670915,1.6624364290402063,383,95
deep_slow,3,756,0.4045732754411883,1.6624571364563798,383,95
deep_slow,3,757,0.40428474493579863,1.6624992607858822,383,95
deep_slow,3,758,0.403951706249083,1.6623354765374863,383,95
deep_slow,3,759,0.4036718013804769,1.6623731060412232,383,95
deep_slow,3,760,0.40345792975095884,1.6623511753332783,383,95
deep_slow,3,761,0.40325972505494795,1.6623853599916016,383,95
deep_slow,3,762,0.4031073725061942,1.6622234985665711,383,95
deep_slow,3,763,0.40303781261764143,1.6621820075890923,383,95
deep_slow,3,764,0.4029922886105726,1.662249914377722,383,95
deep_slow,3,765,0.4027590245854201,1.6621568329765573,383,95
deep_slow,3,766,0.40235123487231034,1.6620940414632839,383,95
deep_slow,3,767,0.4020996357413863,1.6620340899224044,383,95
deep_slow,3,768,0.4020740326199427,1.6620154435519314,383,95
deep_slow,3,769,0.40194485593627294,1.6620202934596353,383,95
deep_slow,3,770,0.4019185841051163,1.6619773532136308,383,95
deep_slow,3,771,0.40188033903000053,1.661923804164509,383,95
deep_slow,3,772,0.401854103919452,1.6620192540000072,383,95
deep_slow,3,773,0.40161605017057134,1.6619303812164177,383,95
deep_slow,3,774,0.40148459664355224,1.6619232999601403,383,95
deep_slow,3,775,0.4013275365870975,1.6620769653467231,383,95
deep_slow,3,776,0.4011898929395359,1.6620681352735374,383,95
deep_slow,3,777,0.4009698875605522,1.6619750756114366,383,95
deep_slow,3,778,0.4006430129919414,1.6620321347992646,383,95
deep_slow,3,779,0.4003577438001147,1.6618913340951273,383,95
deep_slow,3,780,0.4002390276763764,1.6618552023550264,383,95
deep_slow,3,781,0.4000422319285485,1.6617037392313367,383,95
deep_slow,3,782,0.3998707215643473,1.661609519436039,383,95
deep_slow,3,783,0.3998318413482282,1.6616900343668362,383,95
deep_slow,3,784,0.39952183361729254,1.6617637586590053,383,95
deep_slow,3,785,0.39935964781549244,1.6616308201613321,383,95
deep_slow,3,786,0.39912378204209115,1.6615095087342064,383,95
deep_slow,3,787,0.39910074312779636,1.6614935055814102,383,95
deep_slow,3,788,0.3989506529251811,1.6614269995327449,383,95
deep_slow,3,789,0.3987067723081233,1.661567291562031,383,95
deep_slow,3,790,0.39865605197182485,1.6615969623215194,383,95
deep_slow,3,791,0.39844366122695385,1.6615287026949812,383,95
deep_slow,3,792,0.39833961458963535,1.6614241149867894,383,95
deep_slow,3,793,0.39816473256382,1.6616119243994296,383,95
deep_slow,3,794,0.3979220091776957,1.6616774432627515,383,95
deep_slow,3,795,0.3977019356252166,1.6617509269175357,383,95
deep_slow,3,796,0.39760116916817767,1.6616369342461998,383,95
deep_slow,3,797,0.39734619877173866,1.6613833485843488,383,95
deep_slow,3,798,0.39731777498162213,1.6613474438801938,383,95
deep_slow,3,799,0.39701528827298005,1.6612378930941214,383,95
deep_slow,3,800,0.39683704580848017,1.6612222496638738,383,95
compact,4,1,2.691895073611763,2.2913856879533547,383,95
compact,4,2,2.6429036172082525,2.2509052012429445,383,95
compact,4,3,2.589546138607451,2.22080992277387,383,95
compact,4,4,2.5461623586464968,2.183762669561304,383,95
compact,4,5,2.5090516420756788,2.16391916549006,383,95
compact,4,6,2.453244752264181,2.118172794513151,383,95
compact,4,7,2.4131452627107066,2.0857516826934446,383,95
compact,4,8,2.3742188978695955,2.047031169879108,383,95
compact,4,9,2.3307772782192124,2.0020834446185907,383,95
compact,4,10,2.2879394020507946,1.965362470302288,383,95
compact,4,11,2.247730128418134,1.9345346964742338,383,95
compact,4,12,2.2173921038068896,1.9229781150390572,383,95
compact,4,13,2.1753899247238393,1.8905634676094591,383,95
compact,4,14,2.137496195339074,1.859536547665239,383,95
compact,4,15,2.100539226669981,1.829223771604365,383,95
compact,4,16,2.068901127543528,1.8136158432456675,383,95
compact,4,17,2.0318496179469654,1.7885650045789174,383,95
compact,4,18,1.9979525841201178,1.764738671440128,383,95
compact,4,19,1.9650526314657462,1.7462756937389357,383,95
compact,4,20,1.9418644352961305,1.7270900582046145,383,95
compact,4,21,1.9160212694182728,1.7154091894356256,383,95
compact,4,22,1.8922688043239668,1.700196790072153,383,95
compact,4,23,1.8674578803660764,1.6873824406744455,383,95
compact,4,24,1.842509267268903,1.6783539454330687,383,95
compact,4,25,1.82127774799319,1.6560687088729986,383,95
compact,4,26,1.7963257729455808,1.634399216527833,383,95
compact,4,27,1.7761013664029837,1.619523126848017,383,95
compact,4,28,1.7611110756436061,1.615555669935231,383,95
compact,4,29,1.7387796684953116,1.6013879087574505,383,95
compact,4,30,1.719180491689689,1.5954978106149118,383,95
compact,4,31,1.6964194226220914,1.580085003623274,383,95
compact,4,32,1.684174018514317,1.5749441217957445,383,95
compact,4,33,1.662075342096063,1.5660841736870623,383,95
compact,4,34,1.6417469261437037,1.5578411290846819,383,95
compact,4,35,1.6220663457115845,1.547887816379162,383,95
compact,4,36,1.6035028772763467,1.5347083348956676,383,95
compact,4,37,1.5885890170911265,1.5271555101703962,383,95
compact,4,38,1.570693728837265,1.5204672300256385,383,95
compact,4,39,1.5563411488246037,1.5181782446939265,383,95
compact,4,40,1.5410453138018831,1.5070379456923046,383,95
compact,4,41,1.5243172069529736,1.489339358073423,383,95
compact,4,42,1.510766432629991,1.4855123161141137,383,95
compact,4,43,1.4976853496727702,1.4840422289472057,383,95
compact,4,44,1.4844351556170543,1.4771732021479984,383,95
compact,4,45,1.4735840786503525,1.473257832822623,383,95
compact,4,46,1.4586908048203773,1.4716555653849532,383,95
compact,4,47,1.443275770220829,1.4577563468759824,383,95
compact,4,48,1.43033770544916,1.4539712839769878,383,95
compact,4,49,1.4216874878856425,1.4484204811526395,383,95
compact,4,50,1.4096791881766697,1.4406622956259068,383,95
compact,4,51,1.399590482379112,1.4337670716110986,383,95
compact,4,52,1.3903166090824404,1.4328333150232238,383,95
compact,4,53,1.381971578693872,1.4262727659498262,383,95
compact,4,54,1.3724602228075744,1.4187581673061407,383,95
compact,4,55,1.363175180214694,1.4126769800691485,383,95
compact,4,56,1.351418065714773,1.407596038121298,383,95
compact,4,57,1.3421284737797057,1.3978453380412772,383,95
compact,4,58,1.3373242210505338,1.3977344653801156,383,95
compact,4,59,1.3318512860725054,1.397360294261488,383,95
compact,4,60,1.319509190934131,1.392438471246172,383,95
compact,4,61,1.3083401621612945,1.389418144641693,383,95
compact,4,62,1.3012418851576397,1.3839813585822553,383,95
compact,4,63,1.2933285788073652,1.3767075293073059,383,95
compact,4,64,1.2877333693706388,1.3753792847555733,383,95
compact,4,65,1.282360052851633,1.3690719192962288,383,95
compact,4,66,1.2701243699073979,1.363512019057388,383,95
compact,4,67,1.2650744517422787,1.359427857951509,383,95
compact,4,68,1.2586917875528119,1.3579767788538295,383,95
compact,4,69,1.2491681091609077,1.3561675627130165,383,95
compact,4,70,1.243108388778963,1.3540751721628075,383,95
compact,4,71,1.2402331552314358,1.352918458600882,383,95
compact,4,72,1.2358422238692672,1.3515804776931972,383,95
compact,4,73,1.2294142984839767,1.3494304411967788,383,95
compact,4,74,1.2259165959784417,1.3458897996858161,383,95
compact,4,75,1.2211027486415456,1.3390862561361123,383,95
compact,4,76,1.2160984802677022,1.3363251895240353,383,95
compact,4,77,1.2103311790321594,1.334242255923108,383,95
compact,4,78,1.2058460091651744,1.3299727368934855,383,95
compact,4,79,1.1978446890986478,1.3258106290629759,383,95
compact,4,80,1.1916087641635869,1.3202492849093896,383,95
compact,4,81,1.180803565919986,1.3139600678827523,383,95
compact,4,82,1.1786702145869465,1.311563141832247,383,95
compact,4,83,1.171376110888456,1.305730285200001,383,95
compact,4,84,1.1680499089553817,1.3045330537936421,383,95
compact,4,85,1.16506915604337,1.3036009470379393,383,95
compact,4,86,1.1583459134903262,1.3005172363062318,383,95
compact,4,87,1.1541652474792883,1.2978540885473033,383,95
compact,4,88,1.1458347109429805,1.295455878081419,383,95
compact,4,89,1.1387795715283549,1.2942090236174244,383,95
compact,4,90,1.1331127536152126,1.2904181130445798,383,95
compact,4,91,1.1298197506355376,1.2899449454375167,383,95
compact,4,92,1.1244081544685058,1.2858617207457435,383,95
compact,4,93,1.1199498500484621,1.2827027748126707,383,95
compact,4,94,1.1175197604498552,1.2822977928567605,383,95
compact,4,95,1.1148077486837626,1.2825778777173098,383,95
compact,4,96,1.110479448665051,1.2834938542182794,383,95
compact,4,97,1.1041994281340544,1.2825639503022912,383,95
compact,4,98,1.100416653910954,1.280482703940625,383,95
compact,4,99,1.0985234458102522,1.280910686897734,383,95
compact,4,100,1.094724561422136,1.2814964182989126,383,95
compact,4,101,1.0924698862841822,1.2808334557630379,383,95
compact,4,102,1.087192324706913,1.278393488276678,383,95
compact,4,103,1.0843221473165163,1.2788900900345728,383,95
compact,4,104,1.0806794757982439,1.277943311253941,383,95
compact,4,105,1.0769053478819268,1.2766691934704686,383,95
compact,4,106,1.070472066140796,1.2743684672352613,383,95
compact,4,107,1.066378873350595,1.2717638222880745,383,95
compact,4,108,1.0649920961637187,1.2723180811295427,383,95
compact,4,109,1.0608365341622943,1.269684605656472,383,95
compact,4,110,1.0568099235734418,1.2690768427104833,383,95
compact,4,111,1.0535866264534615,1.2683544635892465,383,95
compact,4,112,1.0492987679567287,1.2687167383768918,383,95
compact,4,113,1.0459032887744266,1.2663597054251161,383,95
compact,4,114,1.04531631427409,1.2661639443523736,383,95
compact,4,115,1.0431991095745137,1.2656503465190747,383,95
compact,4,116,1.0387339165708243,1.2639369924418795,383,95
compact,4,117,1.0372070020763726,1.2638639409123227,383,95
compact,4,118,1.0343342978114705,1.2652866259529232,383,95
compact,4,119,1.032822787977042,1.265273757837499,383,95
compact,4,120,1.0282086069004435,1.2658009763617593,383,95
compact,4,121,1.026072928032849,1.2651385622714695,383,95
compact,4,122,1.0242423605335924,1.2641655434481889,383,95
compact,4,123,1.0193060185417038,1.2640287521611322,383,95
compact,4,124,1.0164450759391876,1.2634258599627477,383,95
compact,4,125,1.0105620166003049,1.2645703579406222,383,95
compact,4,126,1.005979170500123,1.2638772416448387,383,95
compact,4,127,1.0012660167449208,1.2646922141714145,383,95
compact,4,128,0.9985289949010122,1.2648151484290335,383,95
compact,4,129,0.996561235488028,1.2638381616390755,383,95
compact,4,130,0.9940126585794364,1.2637555196528356,383,95
compact,4,131,0.9921303216723374,1.2627118451749673,383,95
compact,4,132,0.9899032761044592,1.2612633902873978,383,95
compact,4,133,0.9851923138242854,1.2666272057900971,383,95
compact,4,134,0.9833482515884252,1.2666006723708443,383,95
compact,4,135,0.9816710506141242,1.2665664090639681,383,95
compact,4,136,0.9799093993681489,1.2665601560120723,383,95
compact,4,137,0.9752613061310321,1.26438169694613,383,95
compact,4,138,0.9723679710122639,1.263353834672719,383,95
compact,4,139,0.9716196507192937,1.2633569509809974,383,95
compact,4,140,0.9705599218969176,1.2634544248032737,383,95
compact,4,141,0.96920694252501,1.26271505708583,383,95
compact,4,142,0.9663977504823386,1.263736817265603,383,95
compact,4,143,0.9639994187044573,1.2644252574008172,383,95
compact,4,144,0.9621513857121272,1.26547922735874,383,95
compact,4,145,0.9610309358985484,1.2652090484833702,383,95
compact,4,146,0.9595654258067602,1.2650812617838287,383,95
compact,4,147,0.9574307551741094,1.2651672759376904,383,95
compact,4,148,0.9557000681346569,1.265581793842272,383,95
compact,4,149,0.9530147365313862,1.2655693540997395,383,95
compact,4,150,0.9506346268080785,1.2665738968563323,383,95
compact,4,151,0.9490785954398813,1.2664747877284404,383,95
compact,4,152,0.9471076187566606,1.2691100158661557,383,95
compact,4,153,0.9447422317463003,1.268268502500844,383,95
compact,4,154,0.9439459738067302,1.268252835865012,383,95
compact,4,155,0.9403244013056659,1.2665779861798767,383,95
compact,4,156,0.9393771498521218,1.266181431539757,383,95
compact,4,157,0.9365160554453561,1.264850017286989,383,95
compact,4,158,0.9353612908627545,1.2635403119609114,383,95
compact,4,159,0.9320699545675485,1.2624165570606323,383,95
compact,4,160,0.9301493469626321,1.2630822621172129,383,95
compact,4,161,0.9287310885047654,1.2630412723658688,383,95
compact,4,162,0.9251768975641025,1.2624439818324011,383,95
compact,4,163,0.9219659488138773,1.2634993642408459,383,95
compact,4,164,0.9202614208290407,1.2645136808627382,383,95
compact,4,165,0.9152855458028931,1.263793585824761,383,95
compact,4,166,0.9116743577712694,1.2615686756624582,383,95
compact,4,167,0.9099006674569303,1.2618655684411326,383,95
compact,4,168,0.9072191604822342,1.2608537697385105,383,95
compact,4,169,0.9031797943913191,1.2609778063169912,383,95
compact,4,170,0.8994618271690872,1.2624850157120648,383,95
compact,4,171,0.8961570759541856,1.2625968526089713,383,95
compact,4,172,0.8928361434697222,1.2636244398208054,383,95
compact,4,173,0.8916784125686098,1.2635882407061036,383,95
compact,4,174,0.8889508565619817,1.2656708336452096,383,95
compact,4,175,0.8855011488595643,1.2664450050398741,383,95
compact,4,176,0.8830835316642278,1.2656237875799685,383,95
compact,4,177,0.8795505865096344,1.267384040795503,383,95
compact,4,178,0.87776712387843,1.266821045411397,383,95
compact,4,179,0.8763240768143448,1.2681424380250945,383,95
compact,4,180,0.8728237113713525,1.2678503215747072,383,95
compact,4,181,0.8695988137856329,1.2665189297390986,383,95
compact,4,182,0.8666760911809952,1.2652728662720396,383,95
compact,4,183,0.8652689356898687,1.2659735211136982,383,95
compact,4,184,0.8645930024818315,1.2659207061863578,383,95
compact,4,185,0.8629393203405469,1.2669437272286153,383,95
compact,4,186,0.8592194075368982,1.266223431907098,383,95
compact,4,187,0.857882589305956,1.2675532390952284,383,95
compact,4,188,0.8538737358619782,1.2668607395755362,383,95
compact,4,189,0.8506232799447592,1.2693681899138507,383,95
compact,4,190,0.8461960459807201,1.2694389666642418,383,95
compact,4,191,0.8432470692980717,1.2683785109095462,383,95
compact,4,192,0.8422669933779273,1.2683673714237627,383,95
compact,4,193,0.8406534657781644,1.2678375013967547,383,95
compact,4,194,0.839526948029093,1.2679251986600037,383,95
compact,4,195,0.8366447102819349,1.2687192912835745,383,95
compact,4,196,0.8345994742259437,1.2680874345612527,383,95
compact,4,197,0.8318791633936099,1.2677203649054558,383,95
compact,4,198,0.8282227258784283,1.2655203891700963,383,95
compact,4,199,0.8239209923662882,1.266322870493521,383,95
compact,4,200,0.8230810024547124,1.266004190359409,383,95
compact,4,201,0.8223767619330301,1.2658769280977833,383,95
compact,4,202,0.8214536054439031,1.265835507813446,383,95
compact,4,203,0.8167927438766461,1.2634680657095108,383,95
compact,4,204,0.8146684935414809,1.2624239505078207,383,95
compact,4,205,0.8113774374934595,1.2630316443349028,383,95
compact,4,206,0.8084852277737371,1.262624151142373,383,95
compact,4,207,0.8056837584488745,1.261243347226661,383,95
compact,4,208,0.805092718105291,1.2612385380620923,383,95
compact,4,209,0.804315988337575,1.2615379661116342,383,95
compact,4,210,0.799442427020293,1.2608815106589413,383,95
compact,4,211,0.795857264648802,1.260184381843069,383,95
compact,4,212,0.795102662649466,1.259316087768528,383,95
compact,4,213,0.7932121055829398,1.2588761261396684,383,95
compact,4,214,0.7894260598734427,1.2587758051221452,383,95
compact,4,215,0.7882323970004789,1.2585485387388333,383,95
compact,4,216,0.7868601832470379,1.2596367978352538,383,95
compact,4,217,0.7835470477599945,1.2615347510067845,383,95
compact,4,218,0.7827793294519392,1.2627916874585305,383,95
compact,4,219,0.782041727711113,1.2640304362279715,383,95
compact,4,220,0.7810593451061749,1.2660994510673378,383,95
compact,4,221,0.7779058795006683,1.2680271635430984,383,95
compact,4,222,0.7769141831802656,1.2679571440486928,383,95
compact,4,223,0.7749183223414345,1.2681466109286132,383,95
compact,4,224,0.7740308452644861,1.2694408677920388,383,95
compact,4,225,0.7699683602154144,1.269814767217635,383,95
compact,4,226,0.7670559350305265,1.2705361382565077,383,95
compact,4,227,0.7649755444674502,1.271244149713321,383,95
compact,4,228,0.7637448643254062,1.270787348799899,383,95
compact,4,229,0.7631043846303254,1.270796224534247,383,95
compact,4,230,0.7605441449218593,1.271359038964782,383,95
compact,4,231,0.7574463820351561,1.274320943489036,383,95
compact,4,232,0.7557215649988939,1.2743734984859665,383,95
compact,4,233,0.7540195598277815,1.2750774220274512,383,95
compact,4,234,0.7510182120967446,1.274514932909719,383,95
compact,4,235,0.7495548764485982,1.274342519660047,383,95
compact,4,236,0.7488091405255699,1.2748581936107144,383,95
compact,4,237,0.7479135187552511,1.2743641370881635,383,95
compact,4,238,0.7448985335366831,1.273337829965511,383,95
compact,4,239,0.7443501738219606,1.273323493538579,383,95
compact,4,240,0.7427912997259791,1.273350946458449,383,95
compact,4,241,0.7419919897871086,1.2733095318225842,383,95
compact,4,242,0.7396949746572071,1.2730906493698901,383,95
compact,4,243,0.7376004313571194,1.273775945654911,383,95
compact,4,244,0.7361138760683515,1.273109397890956,383,95
compact,4,245,0.7343275546658783,1.2732835165845284,383,95
compact,4,246,0.7318059528454597,1.2747581015893985,383,95
compact,4,247,0.7305854997568187,1.2745049066207241,383,95
compact,4,248,0.7300149418970404,1.2739264621604713,383,95
compact,4,249,0.7275007304075588,1.274051733176497,383,95
compact,4,250,0.7254150255762818,1.274344302505787,383,95
compact,4,251,0.7243508792403123,1.2742324884111582,383,95
compact,4,252,0.7236827593948784,1.2741364435167548,383,95
compact,4,253,0.7217666130175011,1.2755517528583658,383,95
compact,4,254,0.7191621362527332,1.2746825427712294,383,95
compact,4,255,0.7177731543763407,1.2742828620618176,383,95
compact,4,256,0.7152581726835721,1.2724905851618789,383,95
compact,4,257,0.7134870908843333,1.272543539314787,383,95
compact,4,258,0.7129426307017603,1.272112350522277,383,95
compact,4,259,0.7116790552452238,1.2714702198175474,383,95
compact,4,260,0.7102896377970774,1.2715867417037965,383,95
compact,4,261,0.7086816274357782,1.2721798173365373,383,95
compact,4,262,0.708193684286803,1.271795838232698,383,95
compact,4,263,0.7066957128438092,1.2716293384055324,383,95
compact,4,264,0.7062509235412998,1.2716527852861694,383,95
compact,4,265,0.7033759708938473,1.2715220006917147,383,95
compact,4,266,0.7025784985495618,1.271406713535764,383,95
compact,4,267,0.7007846166953748,1.2715518199492941,383,95
compact,4,268,0.6994260613896466,1.2714171256614524,383,95
compact,4,269,0.6987320598512554,1.2726055941675967,383,95
compact,4,270,0.6972251545821387,1.273620451546783,383,95
compact,4,271,0.6967223353890868,1.2731386076058155,383,95
compact,4,272,0.6952680941451331,1.2742336277577984,383,95
compact,4,273,0.6943610183434915,1.274191731621318,383,95
compact,4,274,0.6927036950526958,1.273189827817324,383,95
compact,4,275,0.6923254974886767,1.2728417714907478,383,95
compact,4,276,0.6903431077837555,1.2752728224314716,383,95
compact,4,277,0.6892957351866431,1.2754710431060494,383,95
compact,4,278,0.6873250514382857,1.2750479728877073,383,95
compact,4,279,0.6852502397300747,1.2755710700900762,383,95
compact,4,280,0.6830960545801884,1.2751769665995227,383,95
compact,4,281,0.6826144245478871,1.2752371322849585,383,95
compact,4,282,0.6818373279141231,1.275115016283756,383,95
compact,4,283,0.6799983930071777,1.2741451715159813,383,95
compact,4,284,0.6795989612148416,1.273551561491617,383,95
compact,4,285,0.6773857981045901,1.274700535212734,383,95
compact,4,286,0.6768763800159262,1.2747478296681438,383,95
compact,4,287,0.675334433384242,1.274222038078584,383,95
compact,4,288,0.6733897949342222,1.2738537779894403,383,95
compact,4,289,0.6722903448556881,1.2732352182780586,383,95
compact,4,290,0.6704545602823011,1.2759216040085009,383,95
compact,4,291,0.6689031504683046,1.2754814887172397,383,95
compact,4,292,0.6682474040646508,1.2754940184829906,383,95
compact,4,293,0.6667718031459948,1.2757024571707596,383,95
compact,4,294,0.6650542358949866,1.2753868876714975,383,95
compact,4,295,0.6630541462017818,1.2757881671722784,383,95
compact,4,296,0.6626891088910325,1.2754635036680622,383,95
compact,4,297,0.6609453001543726,1.274552842796637,383,95
compact,4,298,0.6592112933500075,1.2744103359631949,383,95
compact,4,299,0.657801672474606,1.2729914526406505,383,95
compact,4,300,0.6571452697787304,1.2728885722194978,383,95
compact,4,301,0.6567468386586707,1.2726080817870675,383,95
compact,4,302,0.6557491902768836,1.2727211688757747,383,95
compact,4,303,0.6539198060760193,1.2725537182621929,383,95
compact,4,304,0.6520133063036799,1.2732963407979732,383,95
compact,4,305,0.6511123265596832,1.273336023167482,383,95
compact,4,306,0.6495396229027816,1.2730886339118086,383,95
compact,4,307,0.6489752402213798,1.2734392662316312,383,95
compact,4,308,0.6483746981710302,1.2741927585818844,383,95
compact,4,309,0.6475099422354207,1.2748332254109866,383,95
compact,4,310,0.6457186701842229,1.2734519234575017,383,95
compact,4,311,0.6452720460616291,1.27351236123045,383,95
compact,4,312,0.6449257434288604,1.2732059660027584,383,95
compact,4,313,0.6442478253956225,1.273160417528939,383,95
compact,4,314,0.6438810645796569,1.2736610730914553,383,95
compact,4,315,0.6431569490773429,1.2742593943257647,383,95
compact,4,316,0.6418241679590249,1.2759248072114224,383,95
compact,4,317,0.6394490484847133,1.2753866499956026,383,95
compact,4,318,0.637883685120512,1.2749651429994537,383,95
compact,4,319,0.6364237548192605,1.2745030253647893,383,95
compact,4,320,0.63550346952447,1.2748416621970768,383,95
compact,4,321,0.6343285812509808,1.2747121479249073,383,95
compact,4,322,0.634052853284757,1.2744254328675086,383,95
compact,4,323,0.6324604313921615,1.2745749104252013,383,95
compact,4,324,0.6312794659099237,1.2754101198320615,383,95
compact,4,325,0.6301351909078361,1.2754551278898043,383,95
compact,4,326,0.6297577253304188,1.2754344838685396,383,95
compact,4,327,0.6276757891819509,1.274426091752504,383,95
compact,4,328,0.6264704976402136,1.2743994227275888,383,95
compact,4,329,0.6249536319790868,1.2744828224224318,383,95
compact,4,330,0.623682071427603,1.274812211440154,383,95
compact,4,331,0.6221534673174826,1.275081113576048,383,95
compact,4,332,0.6214239010834816,1.2755151168089893,383,95
compact,4,333,0.621202610399819,1.2754885193547314,383,95
compact,4,334,0.6209928726597107,1.2754596123214557,383,95
compact,4,335,0.6206903518202314,1.2752546965547618,383,95
compact,4,336,0.6196327211017632,1.275307602306338,383,95
compact,4,337,0.6187783667960908,1.275092599922618,383,95
compact,4,338,0.6178821662621699,1.2752229180188586,383,95
compact,4,339,0.6165748587007212,1.2750168777867208,383,95
compact,4,340,0.6153123517291536,1.275464886398671,383,95
compact,4,341,0.6141729270936193,1.275457543777797,383,95
compact,4,342,0.6138766633666158,1.2750470709748996,383,95
compact,4,343,0.6128203923857534,1.2735353454647313,383,95
compact,4,344,0.6112447757010268,1.2726502961439208,383,95
compact,4,345,0.6103869177410077,1.2730884722252924,383,95
compact,4,346,0.6091796866035908,1.2734183425075434,383,95
compact,4,347,0.6088654921958708,1.2733056941444658,383,95
compact,4,348,0.6083947248466285,1.2729547128772212,383,95
compact,4,349,0.6079253861356883,1.272995723449048,383,95
compact,4,350,0.606914255795636,1.2725950745857195,383,95
compact,4,351,0.606042350582284,1.2725699078877382,383,95
compact,4,352,0.6054459459662306,1.2730672400517422,383,95
compact,4,353,0.6041834282946198,1.2726887839011432,383,95
compact,4,354,0.6038313306764578,1.2735958000794212,383,95
compact,4,355,0.6026446974022776,1.2746489684415818,383,95
compact,4,356,0.6021210291452785,1.2747140173970752,383,95
compact,4,357,0.6019138705648927,1.2744674642201514,383,95
compact,4,358,0.6004832225989127,1.2749002355625512,383,95
compact,4,359,0.6003273608838897,1.2748815132147682,383,95
compact,4,360,0.5991892214131768,1.2755236753419017,383,95
compact,4,361,0.5987677066699416,1.2761120130291488,383,95
compact,4,362,0.5979148938542651,1.2767205702641782,383,95
compact,4,363,0.5976801181224237,1.2764816562712646,383,95
compact,4,364,0.5967164356448544,1.2764385264249278,383,95
compact,4,365,0.5952773326215588,1.2762765070905442,383,95
compact,4,366,0.5951311496682649,1.276268716026416,383,95
compact,4,367,0.5942697584145654,1.27620851887904,383,95
compact,4,368,0.5927794995828981,1.2758491831753243,383,95
compact,4,369,0.5926259442741019,1.2758437268386447,383,95
compact,4,370,0.5919577491481142,1.2763273160607231,383,95
compact,4,371,0.591444165831971,1.275409034664857,383,95
compact,4,372,0.5906769986853118,1.2750715773243626,383,95
compact,4,373,0.5896309891459708,1.2752285637270977,383,95
compact,4,374,0.58871337002366,1.275488137450006,383,95
compact,4,375,0.5878010112249454,1.2751954268204095,383,95
compact,4,376,0.5862584238400033,1.2745283035010768,383,95
compact,4,377,0.5849719031472057,1.275283825079112,383,95
compact,4,378,0.5846812628940177,1.2752185578976543,383,95
compact,4,379,0.5838533282092849,1.276745975416838,383,95
compact,4,380,0.5833991347548197,1.2770751166530698,383,95
compact,4,381,0.5826324560012486,1.2772177110264142,383,95
compact,4,382,0.5816712750642042,1.2763378628501516,383,95
compact,4,383,0.581255783920021,1.2761885926455336,383,95
compact,4,384,0.5808292043308582,1.2762489314066694,383,95
compact,4,385,0.5805624641125969,1.2767325996461898,383,95
compact,4,386,0.5798035305551302,1.2764682614184393,383,95
compact,4,387,0.5791296813364873,1.2757082992455024,383,95
compact,4,388,0.5782484592342425,1.2757035537064134,383,95
compact,4,389,0.5774279705979897,1.2754371879587991,383,95
compact,4,390,0.576956726224719,1.2755893815189796,383,95
compact,4,391,0.5759825674425423,1.2743993509601177,383,95
compact,4,392,0.5751158356302024,1.2750581273099868,383,95
compact,4,393,0.5741017022548447,1.275424386748311,383,95
compact,4,394,0.573672040013571,1.2755572244464903,383,95
compact,4,395,0.5732077694093073,1.275776790459672,383,95
compact,4,396,0.5722270072342891,1.2760218890471557,383,95
compact,4,397,0.5720920103776334,1.276013114312774,383,95
compact,4,398,0.5717367878592746,1.275724567613421,383,95
compact,4,399,0.5707854074428924,1.2758557118738987,383,95
compact,4,400,0.5699845285235584,1.2769605651445022,383,95
base,4,1,2.6926086815138377,2.2998684620117054,383,95
base,4,2,2.647454142574336,2.2709277053814265,383,95
base,4,3,2.5904431405155353,2.236593524830946,383,95
base,4,4,2.5372403355611572,2.1960839364201705,383,95
base,4,5,2.486102218641061,2.1524535136859972,383,95
base,4,6,2.4412940124173446,2.124508771886732,383,95
base,4,7,2.3895475695117057,2.0941609225936983,383,95
base,4,8,2.344364161395539,2.0724009434191304,383,95
base,4,9,2.3003174568295095,2.038461557854955,383,95
base,4,10,2.263239801170753,2.0159849017321343,383,95
base,4,11,2.219173674928895,1.9790105397566262,383,95
base,4,12,2.1777157930791757,1.9479965731065143,383,95
base,4,13,2.142707160085667,1.9219336849225703,383,95
base,4,14,2.1096496323514495,1.906408455601403,383,95
base,4,15,2.0754537455436695,1.875599196901152,383,95
base,4,16,2.0355477053706195,1.8478184768195474,383,95
base,4,17,2.0007808879494013,1.8237655903996401,383,95
base,4,18,1.9778069365801496,1.8099014537423577,383,95
base,4,19,1.9469778225611645,1.7951107464958616,383,95
base,4,20,1.920291308125292,1.776881610202631,383,95
base,4,21,1.8932698399213277,1.7648274900786356,383,95
base,4,22,1.86776539412759,1.7552218046284669,383,95
base,4,23,1.840474207735279,1.7277730006100187,383,95
base,4,24,1.8227236941261187,1.7102901959457544,383,95
base,4,25,1.796062209327931,1.688356506745291,383,95
base,4,26,1.7714078152175285,1.6695488112185806,383,95
base,4,27,1.748881476751319,1.652448674060572,383,95
base,4,28,1.7304986038741108,1.6456047032252774,383,95
base,4,29,1.7091582959134728,1.6396284225223665,383,95
base,4,30,1.6875152942449374,1.6258784880597181,383,95
base,4,31,1.6675034236834791,1.620816988154813,383,95
base,4,32,1.652508473585686,1.612957589506939,383,95
base,4,33,1.63081438879107,1.5933016791475385,383,95
base,4,34,1.6128382068000422,1.5822872234940863,383,95
base,4,35,1.5925455752608564,1.5762695706203786,383,95
base,4,36,1.5652643584534143,1.5612175313160057,383,95
base,4,37,1.5493023315619365,1.55663389121346,383,95
base,4,38,1.5324114647811433,1.5446290204001325,383,95
base,4,39,1.521205588285079,1.5404949616106531,383,95
base,4,40,1.5015275239004842,1.5295994946957383,383,95
base,4,41,1.4805242940753918,1.5119893957909936,383,95
base,4,42,1.4634019973152996,1.5036786532609647,383,95
base,4,43,1.4482759610303273,1.4934888567399205,383,95
base,4,44,1.4359169855051308,1.491778079183257,383,95
base,4,45,1.4206982591311728,1.4797422317773246,383,95
base,4,46,1.407721470402102,1.4775505018851556,383,95
base,4,47,1.3961526516989795,1.4762864381226257,383,95
base,4,48,1.3832056892258284,1.470521303082424,383,95
base,4,49,1.3692076871320484,1.4683124338906548,383,95
base,4,50,1.3588849910599992,1.461892830741426,383,95
base,4,51,1.3450799651229195,1.4493493027804005,383,95
base,4,52,1.3322123228012746,1.4489463024423286,383,95
base,4,53,1.3206790265156396,1.4423336279225747,383,95
base,4,54,1.3116074370481237,1.4407549391557124,383,95
base,4,55,1.2947899628039927,1.4346173766640955,383,95
base,4,56,1.288827620594825,1.4317349185384443,383,95
base,4,57,1.2801732295366375,1.427445821851368,383,95
base,4,58,1.2684969801878705,1.4231334620193992,383,95
base,4,59,1.256898557856258,1.420586779951126,383,95
base,4,60,1.2458204923623497,1.414687104357424,383,95
base,4,61,1.2391618021773656,1.4110798222901832,383,95
base,4,62,1.227128353896418,1.405214758409148,383,95
base,4,63,1.2158888336059974,1.3991564733555373,383,95
base,4,64,1.2082943965550286,1.3925755991558681,383,95
base,4,65,1.1998056783422646,1.3895024051439013,383,95
base,4,66,1.19364524058753,1.3835021895483288,383,95
base,4,67,1.1811530472736906,1.3796427624252392,383,95
base,4,68,1.1669819317091323,1.3733821998941342,383,95
base,4,69,1.160161478504624,1.3685993578917672,383,95
base,4,70,1.1551377925407023,1.363036453205374,383,95
base,4,71,1.1484258081130478,1.3593356815318804,383,95
base,4,72,1.144289320404492,1.3587050039433204,383,95
base,4,73,1.137528521334318,1.3558798876690055,383,95
base,4,74,1.128044518012839,1.3500904339001178,383,95
base,4,75,1.1228087641714137,1.3479926881409845,383,95
base,4,76,1.1183033325494347,1.3458238835453746,383,95
base,4,77,1.113915810542442,1.3436755100476632,383,95
base,4,78,1.1038499897292817,1.337383929297035,383,95
base,4,79,1.099154137024043,1.3380540152639238,383,95
base,4,80,1.0951773728365979,1.3370986860089746,383,95
base,4,81,1.0904049289502662,1.333204863836889,383,95
base,4,82,1.0841574348091962,1.331557754814904,383,95
base,4,83,1.0789299607632505,1.3302935840948453,383,95
base,4,84,1.0742215400376722,1.329743581291396,383,95
base,4,85,1.0685696911608475,1.3296212536775525,383,95
base,4,86,1.0647717721480983,1.3285245168612194,383,95
base,4,87,1.0599974209802976,1.326594118421873,383,95
base,4,88,1.0525961806377082,1.3247475250215197,383,95
base,4,89,1.0495916043609927,1.3239153764404359,383,95
base,4,90,1.0434520208515552,1.3186385256738589,383,95
base,4,91,1.039104882990772,1.3172079263592247,383,95
base,4,92,1.0346056797780963,1.3173392564295585,383,95
base,4,93,1.0301074940746457,1.316694345533261,383,95
base,4,94,1.0228153014396983,1.315164895984715,383,95
base,4,95,1.0176978844280893,1.313391459692626,383,95
base,4,96,1.0124361829535824,1.3099181118817045,383,95
base,4,97,1.0076742241742103,1.3054623511575951,383,95
base,4,98,1.0026187012716161,1.3040305675355637,383,95
base,4,99,0.997887508757004,1.3036267437251308,383,95
base,4,100,0.994208394371501,1.3018445102108342,383,95
base,4,101,0.9891448729702621,1.2996857101040074,383,95
base,4,102,0.9850887305149276,1.300156490647307,383,95
base,4,103,0.9805459112584167,1.2979011146159045,383,95
base,4,104,0.9764861784618502,1.298000718221115,383,95
base,4,105,0.9720923627730051,1.2964753906214341,383,95
base,4,106,0.9656987367536517,1.2955715355981217,383,95
base,4,107,0.9612658401144277,1.292670763628917,383,95
base,4,108,0.9551122213872614,1.290996452407589,383,95
base,4,109,0.9518226739116954,1.2899261834006914,383,95
base,4,110,0.9489104008160705,1.2876549465607634,383,95
base,4,111,0.9466451349947258,1.2869488000235394,383,95
base,4,112,0.9415138973285119,1.2841826400106475,383,95
base,4,113,0.9366469161513074,1.2870657988219147,383,95
base,4,114,0.9350111994505563,1.2862089724757564,383,95
base,4,115,0.9323493937788728,1.2842959861615677,383,95
base,4,116,0.9288621773707163,1.2792877839434456,383,95
base,4,117,0.9264468132132775,1.2782883767082134,383,95
base,4,118,0.9238973420914958,1.2779845453667267,383,95
base,4,119,0.9205247545752616,1.2774566176928712,383,95
base,4,120,0.9175285957651447,1.275334858418621,383,95
base,4,121,0.9161017176049105,1.2752047010221357,383,95
base,4,122,0.9132853980698475,1.2748665537608603,383,95
base,4,123,0.9104037007280102,1.274907235821341,383,95
base,4,124,0.9059852710973051,1.273708450182394,383,95
base,4,125,0.9022653876896195,1.2710172143263583,383,95
base,4,126,0.8984562499191244,1.2730130874156225,383,95
base,4,127,0.8957929013036068,1.2749220014301266,383,95
base,4,128,0.8920962965884062,1.273438874776708,383,95
base,4,129,0.8895269669218312,1.2723802097997303,383,95
base,4,130,0.8867217022706362,1.2723212970956004,383,95
base,4,131,0.8851799816199786,1.27197938629739,383,95
base,4,132,0.8814858810021026,1.2730302367696018,383,95
base,4,133,0.8759528019634647,1.2697827736356566,383,95
base,4,134,0.8731328340688369,1.2709923550545812,383,95
base,4,135,0.8711984184285239,1.2710824665516207,383,95
base,4,136,0.8687577995098231,1.270672244374594,383,95
base,4,137,0.8648282219118956,1.2706987763256932,383,95
base,4,138,0.8633213646321293,1.2709731669003503,383,95
base,4,139,0.8619671828401111,1.270923744308114,383,95
base,4,140,0.8577724560118803,1.2704621011074306,383,95
base,4,141,0.8550949658289188,1.270162735762192,383,95
base,4,142,0.8525388333473037,1.2692634113095578,383,95
base,4,143,0.8484150703102424,1.268660992505048,383,95
base,4,144,0.845883313863597,1.2690999108324041,383,95
base,4,145,0.8433022360332444,1.2709204772543023,383,95
base,4,146,0.8421918692484537,1.2711835888065224,383,95
base,4,147,0.8386342782853332,1.269544471260519,383,95
base,4,148,0.8362986450955208,1.2688463489422375,383,95
base,4,149,0.8340843821347965,1.2690983043292936,383,95
base,4,150,0.8325750401726363,1.2686906424634026,383,95
base,4,151,0.8306814395235179,1.2689775069643578,383,95
base,4,152,0.829504633560639,1.2697063571392293,383,95
base,4,153,0.827970622078126,1.269343136128495,383,95
base,4,154,0.8266243397307207,1.269712567979385,383,95
base,4,155,0.825715941257516,1.268608125006681,383,95
base,4,156,0.8240141268926652,1.2688376414690465,383,95
base,4,157,0.8224551462002965,1.270169869691238,383,95
base,4,158,0.8176038383683896,1.270592997038998,383,95
base,4,159,0.8124928031416164,1.2702691765978102,383,95
base,4,160,0.8114429998520463,1.2700267204370554,383,95
base,4,161,0.8075304911044038,1.2688061886569677,383,95
base,4,162,0.8057927122144475,1.2701191519571924,383,95
base,4,163,0.8018978600179834,1.2701588226820615,383,95
base,4,164,0.8010912935190477,1.2700801344920771,383,95
base,4,165,0.799413838672466,1.2699258281999297,383,95
base,4,166,0.7978138739564404,1.269721107610002,383,95
base,4,167,0.7923565372903145,1.2690259533196646,383,95
base,4,168,0.7892605310314825,1.2693295054542,383,95
base,4,169,0.7872076068825977,1.2704842417950994,383,95
base,4,170,0.7818470151966617,1.2700728122598026,383,95
base,4,171,0.7810605553429345,1.269642653206164,383,95
base,4,172,0.7784050695673276,1.2696345900993538,383,95
base,4,173,0.7775491531210436,1.2692379074362328,383,95
base,4,174,0.7741046994147639,1.268613950711501,383,95
base,4,175,0.7724267116877331,1.2717670063678077,383,95
base,4,176,0.7714665545108601,1.271487441891711,383,95
base,4,177,0.7665326076118941,1.2717649772567847,383,95
base,4,178,0.7647771283166611,1.2720957025114086,383,95
base,4,179,0.7628529906508099,1.2724347962691593,383,95
base,4,180,0.7603877642440005,1.2719529319348832,383,95
base,4,181,0.7589269173616952,1.2727898625720484,383,95
base,4,182,0.757911872000439,1.2734335373479895,383,95
base,4,183,0.7570011002400685,1.2738271447443987,383,95
base,4,184,0.7532885670656359,1.2742441964563431,383,95
base,4,185,0.7520903074280822,1.274640761248508,383,95
base,4,186,0.748646885418279,1.2738232219087169,383,95
base,4,187,0.7450630441244717,1.2737414682195887,383,95
base,4,188,0.7414979176803908,1.2745665649222708,383,95
base,4,189,0.7402625691395144,1.275448764353602,383,95
base,4,190,0.7391014051721633,1.2756267642525951,383,95
base,4,191,0.7360458471873209,1.2760795268251879,383,95
base,4,192,0.7349179087709596,1.2772711375835941,383,95
base,4,193,0.7329172603338467,1.2768694499396687,383,95
base,4,194,0.7301205301102779,1.2762254427979056,383,95
base,4,195,0.7277363542488194,1.2781220873280787,383,95
base,4,196,0.726892040585116,1.2786971167246852,383,95
base,4,197,0.724480179700374,1.2779440039392924,383,95
base,4,198,0.7215654792493563,1.2769871768956733,383,95
base,4,199,0.7202273561026327,1.2775559471645954,383,95
base,4,200,0.7192997136438277,1.278268516467423,383,95
base,4,201,0.7169541185602802,1.2776739131888089,383,95
base,4,202,0.7150875583466052,1.2765195858860028,383,95
base,4,203,0.7137516235153,1.277195219598768,383,95
base,4,204,0.709783676915886,1.2784487670683071,383,95
base,4,205,0.709174768706512,1.277890844276722,383,95
base,4,206,0.7070865690945949,1.2787072361929221,383,95
base,4,207,0.7039203488949715,1.2773731107222175,383,95
base,4,208,0.7014886017871634,1.2780388840488888,383,95
base,4,209,0.6986338823136974,1.2775142682336271,383,95
base,4,210,0.6979995557782429,1.277516934639781,383,95
base,4,211,0.6972130202161934,1.2772603842710577,383,95
base,4,212,0.6951202964790798,1.2770243749446772,383,95
base,4,213,0.6939849422314228,1.2776089542716944,383,95
base,4,214,0.6920119788059191,1.2780839320006714,383,95
base,4,215,0.6910030352716114,1.277529895794905,383,95
base,4,216,0.6899360613367523,1.2781352234762455,383,95
base,4,217,0.688386122556527,1.2789328782008815,383,95
base,4,218,0.6874149829666946,1.2790050469268133,383,95
base,4,219,0.6856130350957964,1.2784253025701613,383,95
base,4,220,0.6839999643097303,1.279165968572992,383,95
base,4,221,0.6810935164181564,1.2777935675569612,383,95
base,4,222,0.6786587464116923,1.2791296830216754,383,95
base,4,223,0.6777667188444751,1.2786163185840398,383,95
base,4,224,0.6762984192363828,1.2788962351628441,383,95
base,4,225,0.6755949926721554,1.278637780682058,383,95
base,4,226,0.6745587564892928,1.2792365233229686,383,95
base,4,227,0.6721605626913534,1.2804981950406278,383,95
base,4,228,0.6714464281967785,1.280549400852564,383,95
base,4,229,0.6702956227200547,1.2807105422498384,383,95
base,4,230,0.6694887150283175,1.2809068562503791,383,95
base,4,231,0.6676112237609861,1.2805859071437193,383,95
base,4,232,0.6660563082826519,1.2807325848454105,383,95
base,4,233,0.6635025926727102,1.2806817426801782,383,95
base,4,234,0.6624227744350085,1.281020587887363,383,95
base,4,235,0.6610294648036192,1.2811669836452817,383,95
base,4,236,0.6586456678696228,1.28094480365696,383,95
base,4,237,0.6560046925201894,1.2807707624077307,383,95
base,4,238,0.6540649553116831,1.2807823690541247,383,95
base,4,239,0.6534299946992412,1.2818155778884137,383,95
base,4,240,0.6517375854641,1.2810137786866778,383,95
base,4,241,0.6500638761076108,1.2800176076948495,383,95
base,4,242,0.648054915923861,1.2797754158580028,383,95
base,4,243,0.6465984126236406,1.2801057942333836,383,95
base,4,244,0.6449144730077695,1.28053919697367,383,95
base,4,245,0.6425362743821695,1.2825481416163764,383,95
base,4,246,0.6418124608963308,1.2821600243414235,383,95
base,4,247,0.6410828645427754,1.2818665645459204,383,95
base,4,248,0.6388146140407879,1.282695029648084,383,95
base,4,249,0.6369795347609151,1.2831598032082765,383,95
base,4,250,0.6350823734358826,1.2835044778687728,383,95
base,4,251,0.634482279869986,1.2839290015779732,383,95
base,4,252,0.6337904003737569,1.284855925361049,383,95
base,4,253,0.6320496478947175,1.2851098914382137,383,95
base,4,254,0.6314013930296875,1.286186626641981,383,95
base,4,255,0.6309395790860666,1.2867901595250506,383,95
base,4,256,0.629458959689895,1.286115445221101,383,95
base,4,257,0.6267601852811392,1.2871873681861425,383,95
base,4,258,0.6246972394665573,1.2872039438916398,383,95
base,4,259,0.623029830644652,1.2867069704485934,383,95
base,4,260,0.6224972845418111,1.2867052376245143,383,95
base,4,261,0.6211670568589309,1.2865674873409938,383,95
base,4,262,0.61986758402839,1.2868131456751477,383,95
base,4,263,0.6190092245579589,1.286692527081405,383,95
base,4,264,0.6182395129970524,1.2862549057941643,383,95
base,4,265,0.6165389547484428,1.2858903787483404,383,95
base,4,266,0.6145733905005659,1.285472585034852,383,95
base,4,267,0.6131584519673556,1.2864932607512507,383,95
base,4,268,0.6125388814786014,1.2869493669309684,383,95
base,4,269,0.6105250206724848,1.2862081807217263,383,95
base,4,270,0.6090685708244283,1.2859191096497098,383,95
base,4,271,0.6078843740398309,1.2867151339025837,383,95
base,4,272,0.6063883544919385,1.2870451452452634,383,95
base,4,273,0.6051939945024787,1.2883846183085466,383,95
base,4,274,0.6041705067613874,1.288184745091158,383,95
base,4,275,0.6026813479411144,1.2884271794320052,383,95
base,4,276,0.6017319367715233,1.2886325823976097,383,95
base,4,277,0.600300263813776,1.2892209307957736,383,95
base,4,278,0.599744115584179,1.2888983812087815,383,95
base,4,279,0.599016176507939,1.2891607127716431,383,95
base,4,280,0.5975596189543689,1.2895321519774907,383,95
base,4,281,0.5969758346390016,1.2901609029209082,383,95
base,4,282,0.5955163784303136,1.2891861193048513,383,95
base,4,283,0.5942254002074566,1.2885892970371593,383,95
base,4,284,0.593057416239064,1.2880315383134935,383,95
base,4,285,0.5924919583402725,1.2881057226273587,383,95
base,4,286,0.5910404136663647,1.2880266568954466,383,95
base,4,287,0.5897104135354517,1.28768282281038,383,95
base,4,288,0.5890902443632321,1.2880983692087358,383,95
base,4,289,0.5884716742398814,1.2886404568242973,383,95
base,4,290,0.5880174454788905,1.2896269548719248,383,95
base,4,291,0.5876937234478945,1.2898167581856843,383,95
base,4,292,0.5866306244717167,1.290263695645929,383,95
base,4,293,0.5853912982659988,1.2901539659887968,383,95
base,4,294,0.5850343115481861,1.289894795327573,383,95
base,4,295,0.5838020402694142,1.2899630315561725,383,95
base,4,296,0.5825934814637349,1.2895981506037424,383,95
base,4,297,0.5809172838702944,1.2884876536678644,383,95
base,4,298,0.5805040557611421,1.2885255945427523,383,95
base,4,299,0.5799441188105975,1.2886434140668428,383,95
base,4,300,0.5794426428313442,1.2886204800821015,383,95
base,4,301,0.57907224862829,1.288502036551749,383,95
base,4,302,0.5775143855374069,1.2867906385544896,383,95
base,4,303,0.5763346436125747,1.2875189461465628,383,95
base,4,304,0.5750730312890975,1.2873619368953069,383,95
base,4,305,0.5739676603071382,1.287124533705805,383,95
base,4,306,0.5732577841986597,1.2868228450660006,383,95
base,4,307,0.5726263927851583,1.2873785873705386,383,95
base,4,308,0.5717936093756879,1.2885082849413463,383,95
base,4,309,0.5709100118294425,1.2887828348199004,383,95
base,4,310,0.5692565460448308,1.2899644352504882,383,95
base,4,311,0.5678870937893763,1.2907063065125741,383,95
base,4,312,0.5668803110479256,1.2902943707803243,383,95
base,4,313,0.5657298664606203,1.2893075794899531,383,95
base,4,314,0.5644570543945644,1.2888339209086723,383,95
base,4,315,0.5634192979390827,1.289682350544405,383,95
base,4,316,0.5625786850140364,1.2898902361649995,383,95
base,4,317,0.5620828599550597,1.2896190255883255,383,95
base,4,318,0.5610697962177953,1.2903974602918307,383,95
base,4,319,0.5606769717393375,1.2910131932452587,383,95
base,4,320,0.5598406442309413,1.2905004101892985,383,95
base,4,321,0.559189293148238,1.2906453621464051,383,95
base,4,322,0.5588973413969375,1.290260042778906,383,95
base,4,323,0.5584800651205066,1.290382466522161,383,95
base,4,324,0.557822944564487,1.290937619043687,383,95
base,4,325,0.5575071101438557,1.291174949575173,383,95
base,4,326,0.5567794585492546,1.2910364092715785,383,95
base,4,327,0.5558393073689653,1.290804168942378,383,95
base,4,328,0.5554936709052768,1.2910271110047855,383,95
base,4,329,0.554737919101125,1.2919957510379,383,95
base,4,330,0.5540156864051721,1.291602570791302,383,95
base,4,331,0.5537011636202807,1.2917433785197754,383,95
base,4,332,0.5527905815060323,1.2918370111615753,383,95
base,4,333,0.5524508580595281,1.2917249216793762,383,95
base,4,334,0.5522558881862432,1.2914214951593792,383,95
base,4,335,0.5518609335819835,1.291474480560492,383,95
base,4,336,0.5506712650767255,1.2917972828429791,383,95
base,4,337,0.5504359429565339,1.2915299325222585,383,95
base,4,338,0.5491817734628267,1.2916311683518291,383,95
base,4,339,0.5485465000542445,1.2917025811559546,383,95
base,4,340,0.5483630681427342,1.2917512825036226,383,95
base,4,341,0.5471931304848917,1.2911367128274625,383,95
base,4,342,0.546197136404744,1.2902522677941906,383,95
base,4,343,0.5454095425596813,1.2894881968410616,383,95
base,4,344,0.5447696326497572,1.289434676330106,383,95
base,4,345,0.5441554608433394,1.2902016917992503,383,95
base,4,346,0.54310580525883,1.291289012607031,383,95
base,4,347,0.5422945508214891,1.291816341691279,383,95
base,4,348,0.5415941391384518,1.290972282765672,383,95
base,4,349,0.5405669167898428,1.2910306711094357,383,95
base,4,350,0.5394736440395737,1.2905697316292453,383,95
base,4,351,0.5386002638127249,1.2906527797089933,383,95
base,4,352,0.5380590975679302,1.2913478546106252,383,95
base,4,353,0.5374627547918619,1.2913842172090402,383,95
base,4,354,0.5371103991020147,1.2913266621537915,383,95
base,4,355,0.5368714510956206,1.2913309963744422,383,95
base,4,356,0.5361960845429616,1.2916946868409436,383,95
base,4,357,0.5350725083481325,1.2912491832691129,383,95
base,4,358,0.5347942717673523,1.2913228522914002,383,95
base,4,359,0.5339282066132003,1.2907621177575757,383,95
base,4,360,0.5330168525516764,1.2913624523291813,383,95
base,4,361,0.5327166112364615,1.2916265072201134,383,95
base,4,362,0.5324686617452611,1.2916838027797664,383,95
base,4,363,0.5323171690257622,1.2914227874310507,383,95
base,4,364,0.531808271618821,1.2910779125702971,383,95
base,4,365,0.5315142115243632,1.2910887683465146,383,95
base,4,366,0.5309807492923443,1.2913845654255933,383,95
base,4,367,0.5307828749083244,1.2913598139362037,383,95
base,4,368,0.5296632735976724,1.2910457533805157,383,95
base,4,369,0.5295431573482604,1.2910520950681408,383,95
base,4,370,0.5291236132198858,1.2919196112882034,383,95
base,4,371,0.5288984007313897,1.2921637825834047,383,95
base,4,372,0.528497952686755,1.2925995479890926,383,95
base,4,373,0.5283566678627891,1.2923703079409659,383,95
base,4,374,0.5280917837734851,1.2922910206673746,383,95
base,4,375,0.5277336845992512,1.2921209741053614,383,95
base,4,376,0.5272121146803131,1.2920781316314347,383,95
base,4,377,0.5269681519290048,1.2923735128749028,383,95
base,4,378,0.526595047228941,1.2923383462788456,383,95
base,4,379,0.5262082968187707,1.2922221431914285,383,95
base,4,380,0.5252831794305929,1.2912971012485281,383,95
base,4,381,0.5250863363253749,1.2912946201550826,383,95
base,4,382,0.524881784732416,1.2911681870709175,383,95
base,4,383,0.5246624188051418,1.291375236150942,383,95
base,4,384,0.5239874362237098,1.291202609620514,383,95
base,4,385,0.5235588509395392,1.290989634433379,383,95
base,4,386,0.5233859267789013,1.2909867429233777,383,95
base,4,387,0.5232977996338047,1.2908825190500626,383,95
base,4,388,0.5228053129379352,1.2908431623981944,383,95
base,4,389,0.522374201290502,1.291028754939881,383,95
base,4,390,0.5218745884750865,1.290822397601118,383,95
base,4,391,0.521675999788978,1.2908357856913315,383,95
base,4,392,0.5213774813347657,1.2912351809708438,383,95
base,4,393,0.5211742548402054,1.2913136118659552,383,95
base,4,394,0.5203863032823399,1.29114923441616,383,95
base,4,395,0.5202178131792371,1.2911500259416766,383,95
base,4,396,0.520126195095445,1.2909920436430478,383,95
base,4,397,0.5200347113714263,1.2909915904049103,383,95
base,4,398,0.5192220377810397,1.2907723355266376,383,95
base,4,399,0.5191381222635981,1.290782524006779,383,95
base,4,400,0.518954311256144,1.2908114987771744,383,95
base,4,401,0.5187420767974434,1.2913809870179465,383,95
base,4,402,0.5184124517516748,1.2913577837151697,383,95
base,4,403,0.5182138334587291,1.2914519267187567,383,95
base,4,404,0.5174283175948869,1.291636718304473,383,95
base,4,405,0.5169391731950465,1.2918224162973064,383,95
base,4,406,0.516855315593406,1.2918321102103512,383,95
base,4,407,0.5161605666554302,1.2917345391324497,383,95
base,4,408,0.5157644761083415,1.2919899784546236,383,95
base,4,409,0.5154152476079761,1.2920517461449286,383,95
base,4,410,0.5152241433937229,1.2920631584870574,383,95
base,4,411,0.5146532029772568,1.292414296566891,383,95
base,4,412,0.5141161967957665,1.291578071006474,383,95
base,4,413,0.5134522985749553,1.2913890901109881,383,95
base,4,414,0.5132951193813843,1.2913851230916464,383,95
base,4,415,0.5127425741629404,1.2902193907841104,383,95
base,4,416,0.5126696627640903,1.2902304055775784,383,95
base,4,417,0.5124450721603608,1.2905854297372543,383,95
base,4,418,0.512124188649689,1.2904139548061275,383,95
base,4,419,0.5119792301983276,1.2903110372496338,383,95
base,4,420,0.5111463024660435,1.2894836205717524,383,95
base,4,421,0.5103127771047112,1.2886888621111305,383,95
base,4,422,0.5097582193514608,1.2885647765970791,383,95
base,4,423,0.5095079607847698,1.2886564226540966,383,95
base,4,424,0.5089478483210118,1.288940646036818,383,95
base,4,425,0.5086001495133996,1.288994525338907,383,95
base,4,426,0.5079141864348231,1.2891147918130206,383,95
base,4,427,0.5078414952874524,1.2891184571940295,383,95
base,4,428,0.5074501157360962,1.2892475197028954,383,95
base,4,429,0.5070882553858285,1.2890322431615986,383,95
base,4,430,0.5066231092961185,1.2892355524279882,383,95
base,4,431,0.5065469388525611,1.2890270609874346,383,95
base,4,432,0.5060758503474705,1.289333690870503,383,95
base,4,433,0.5059316220419315,1.2892617843158702,383,95
base,4,434,0.5057800878514379,1.2892648362910597,383,95
base,4,435,0.5056651045785211,1.289203036949828,383,95
base,4,436,0.5055109333059841,1.289567663301447,383,95
base,4,437,0.5054511441673809,1.289457736906031,383,95
base,4,438,0.5053099129804852,1.2899337215821707,383,95
base,4,439,0.5046080904926076,1.2894829360446092,383,95
base,4,440,0.5041073744229218,1.2899760610732889,383,95
base,4,441,0.5039450591401298,1.2907613579205832,383,95
base,4,442,0.5034115586736666,1.2905024539467345,383,95
base,4,443,0.5031176597573251,1.290235488874963,383,95
base,4,444,0.5030558188478215,1.2902365305467554,383,95
base,4,445,0.502836593603459,1.2911143147128448,383,95
base,4,446,0.5026973890523186,1.2909352308047617,383,95
base,4,447,0.5025229835616202,1.2908335549348802,383,95
base,4,448,0.5019368261355612,1.2903504036245088,383,95
base,4,449,0.5017750058538645,1.2903461803124825,383,95
base,4,450,0.5015016345295724,1.2912364539539813,383,95
base,4,451,0.5013048581983781,1.291189183270483,383,95
base,4,452,0.5011357592825887,1.291139040048412,383,95
base,4,453,0.5009895063426798,1.2911502877992247,383,95
base,4,454,0.5008668916569372,1.291175815813346,383,95
base,4,455,0.500449041705809,1.2915708084115536,383,95
base,4,456,0.5000871959914869,1.2915299952002643,383,95
base,4,457,0.4995973918562727,1.291468308443724,383,95
base,4,458,0.4994856687710441,1.2914873404917302,383,95
base,4,459,0.4992295794139405,1.2915181468097343,383,95
base,4,460,0.49865237841554966,1.2917221545378017,383,95
base,4,461,0.498313589175158,1.2916779297725538,383,95
base,4,462,0.4981455253243871,1.2921034039065002,383,95
base,4,463,0.49783848770160066,1.2919916053372145,383,95
base,4,464,0.49743771232788814,1.2919530310730103,383,95
base,4,465,0.49711594136841925,1.2920045072994835,383,95
base,4,466,0.4969432326661136,1.2923352989337065,383,95
base,4,467,0.4965717802427575,1.2923507643123797,383,95
base,4,468,0.49643608275760476,1.2923367104244983,383,95
base,4,469,0.4963159188467153,1.2923491863923067,383,95
base,4,470,0.4959534322232122,1.2922287310384553,383,95
base,4,471,0.4957493047425126,1.29268556865874,383,95
base,4,472,0.49538180841439416,1.29229189683838,383,95
base,4,473,0.49519613950645913,1.2922437336443704,383,95
base,4,474,0.49493179167059925,1.2923944798183293,383,95
base,4,475,0.494516259209551,1.2919950970904333,383,95
base,4,476,0.49444139339078247,1.2917989071451144,383,95
base,4,477,0.4943741614272819,1.2916981473927482,383,95
base,4,478,0.49387702535325056,1.2913441918565487,383,95
base,4,479,0.4933473040679843,1.2905864160765441,383,95
base,4,480,0.4929316358688835,1.290666187098826,383,95
base,4,481,0.4926489691242597,1.2904656651490618,383,95
base,4,482,0.49255358124458243,1.290387469455535,383,95
base,4,483,0.49249241720750886,1.2903118010616466,383,95
base,4,484,0.4923908928535881,1.2904225631514064,383,95
base,4,485,0.49234163983429313,1.29029753057463,383,95
base,4,486,0.49227902469514934,1.2901316494721207,383,95
base,4,487,0.49196130643546787,1.290263136641404,383,95
base,4,488,0.491600013910204,1.2900698991603199,383,95
base,4,489,0.49106646449039915,1.2903017154284302,383,95
base,4,490,0.4905203572906342,1.2901686048300323,383,95
base,4,491,0.49002825029975466,1.2900426416905564,383,95
base,4,492,0.4899320080971025,1.2899748904925343,383,95
base,4,493,0.4898752462245601,1.2899509918387262,383,95
base,4,494,0.4894706043662109,1.2896799117903137,383,95
base,4,495,0.4891850524669359,1.2893831696635178,383,95
base,4,496,0.4889277615622915,1.2890798475641378,383,95
base,4,497,0.48874299977309393,1.2890769826860418,383,95
base,4,498,0.4885240547688646,1.2890621972317833,383,95
base,4,499,0.4880960176575773,1.2887634641003456,383,95
base,4,500,0.48778586535247676,1.2888229063571004,383,95
base,4,501,0.4876098143041889,1.2889184088090824,383,95
base,4,502,0.48719610609807534,1.2886969372058414,383,95
base,4,503,0.48681489116549864,1.289902834444478,383,95
base,4,504,0.4864099312823933,1.2897945565781896,383,95
base,4,505,0.4861588052463909,1.2896928283313194,383,95
base,4,506,0.4857701575820734,1.2895051441126906,383,95
base,4,507,0.4855285596715399,1.2894798296414067,383,95
base,4,508,0.485002566772653,1.289429385564907,383,95
base,4,509,0.4847315936483288,1.289595644537423,383,95
base,4,510,0.48446830355338183,1.2897626723246363,383,95
base,4,511,0.48412846301762574,1.2898146212147028,383,95
base,4,512,0.48399152354917,1.2900429615365303,383,95
base,4,513,0.48394587790088506,1.2899946870884333,383,95
base,4,514,0.4838445702358359,1.2899492156966368,383,95
base,4,515,0.4837559903866269,1.289955804794145,383,95
base,4,516,0.48370762721575994,1.2897896944213496,383,95
base,4,517,0.4835836238227561,1.2900262788984593,383,95
base,4,518,0.4832961515892716,1.2897829580276288,383,95
base,4,519,0.482905850319294,1.2896810181316898,383,95
base,4,520,0.48255601669179643,1.2896820273326999,383,95
base,4,521,0.48226091045956987,1.2896330821077668,383,95
base,4,522,0.48199497546923575,1.2895891506271835,383,95
base,4,523,0.4816845422238896,1.28916670836014,383,95
base,4,524,0.4814635459842894,1.2890869149295605,383,95
base,4,525,0.4808835262405547,1.289165587580337,383,95
base,4,526,0.4805875949706264,1.2894754795256196,383,95
base,4,527,0.4803144166098008,1.2893457361374838,383,95
base,4,528,0.47994402987769796,1.2887448504837455,383,95
base,4,529,0.47989418530198547,1.2887359282689324,383,95
base,4,530,0.47952663377096055,1.288469839929375,383,95
base,4,531,0.4794636161376178,1.288474451525165,383,95
base,4,532,0.4792822363200449,1.2881477409596418,383,95
base,4,533,0.47872354223874,1.2885012122640787,383,95
base,4,534,0.4786814356556589,1.288537292916791,383,95
base,4,535,0.47840394898302463,1.2884212123437533,383,95
base,4,536,0.4781947333596128,1.2883748993859376,383,95
base,4,537,0.47782578797125685,1.2882378538729924,383,95
base,4,538,0.47774276020654377,1.2882486422477344,383,95
base,4,539,0.4776839455559799,1.287995743195362,383,95
base,4,540,0.4774144145597012,1.2877306093627885,383,95
base,4,541,0.477140287738673,1.287744397588568,383,95
base,4,542,0.4768678506539065,1.2876691050337818,383,95
base,4,543,0.4765141195271797,1.2872224952829798,383,95
base,4,544,0.476293987218318,1.2872978657445455,383,95
base,4,545,0.47626384129431654,1.2872969044263436,383,95
base,4,546,0.47619400071517637,1.2873633126816764,383,95
base,4,547,0.47593694893201094,1.2872907235366309,383,95
base,4,548,0.47574427890436516,1.2871296983307432,383,95
base,4,549,0.47549083867991637,1.2869600250049582,383,95
base,4,550,0.4753048142506436,1.2869030844269924,383,95
base,4,551,0.4750341970091784,1.287024026159477,383,95
base,4,552,0.4749472623789095,1.2870300585663346,383,95
base,4,553,0.47475309009380584,1.287056958187131,383,95
base,4,554,0.47468942005531833,1.2870711448451047,383,95
base,4,555,0.4746543534994002,1.2870046358168816,383,95
base,4,556,0.47439518845307205,1.2871371710783983,383,95
base,4,557,0.47410505508268597,1.2873464488317383,383,95
base,4,558,0.4737273183415938,1.2876729021075346,383,95
base,4,559,0.4735098277254782,1.2880633555141636,383,95
base,4,560,0.47318242034583846,1.2879657723773434,383,95
base,4,561,0.4728863231955353,1.288597924864722,383,95
base,4,562,0.4726821065198575,1.2886056785055477,383,95
base,4,563,0.4726549712124368,1.2885372645388156,383,95
base,4,564,0.47235309803298015,1.2883787027330906,383,95
base,4,565,0.4720463699619102,1.2878602516215996,383,95
base,4,566,0.47197330523017167,1.287884099783193,383,95
base,4,567,0.4717529985637324,1.2876898964971404,383,95
base,4,568,0.47160633186881235,1.2876998085509137,383,95
base,4,569,0.4715458990902755,1.2877230344628006,383,95
base,4,570,0.471270164979046,1.2876553927243986,383,95
base,4,571,0.4712411065247317,1.2875966649751316,383,95
base,4,572,0.471051998181071,1.2875504086560121,383,95
base,4,573,0.4709091079676415,1.287285182586815,383,95
base,4,574,0.4707028400990766,1.2865166228298162,383,95
base,4,575,0.47052111900715193,1.2863218449291272,383,95
base,4,576,0.47035386201658075,1.2866553724620564,383,95
base,4,577,0.470167363977757,1.2865832807209645,383,95
base,4,578,0.46998649134353304,1.286275498570323,383,95
base,4,579,0.46981655884236456,1.2860763892782607,383,95
base,4,580,0.46965649666815185,1.2862765161068739,383,95
base,4,581,0.46960159881491165,1.2863047836045571,383,95
base,4,582,0.46956791709458623,1.2863115795516316,383,95
base,4,583,0.4694666041580645,1.2867691856673438,383,95
base,4,584,0.4693559469916144,1.2868046337614387,383,95
base,4,585,0.4691860899931275,1.2868638592050694,383,95
base,4,586,0.4689436378459948,1.2870461408750378,383,95
base,4,587,0.46889537151728927,1.2870595157856215,383,95
base,4,588,0.46874245454698765,1.2870238850615179,383,95
base,4,589,0.4686048766902991,1.2873727536809239,383,95
base,4,590,0.4685779137473213,1.2873109747945108,383,95
base,4,591,0.46836979564209646,1.2868867614438904,383,95
base,4,592,0.46830493260312833,1.2868729151824763,383,95
base,4,593,0.4681217405004204,1.2867569542365218,383,95
base,4,594,0.4680916956122776,1.2867580816370174,383,95
base,4,595,0.46786367054100714,1.2867772264139172,383,95
base,4,596,0.4678279776028128,1.286659359746785,383,95
base,4,597,0.46765692479637166,1.286560380616417,383,95
base,4,598,0.4675889906125695,1.2865909367330495,383,95
base,4,599,0.4673678687985883,1.2868740793243227,383,95
base,4,600,0.46722254877442915,1.2870393463356964,383,95
deep_slow,4,1,2.716798187797221,2.3201314394521955,383,95
deep_slow,4,2,2.6905193784456642,2.3053383594066434,383,95
deep_slow,4,3,2.6651349221711356,2.288240834452931,383,95
deep_slow,4,4,2.6271583542658097,2.2669892047509492,383,95
deep_slow,4,5,2.594383759528934,2.234978332646148,383,95
deep_slow,4,6,2.558754431695395,2.2139020834617784,383,95
deep_slow,4,7,2.5259051843350475,2.195739130492032,383,95
deep_slow,4,8,2.495316592321111,2.18179270189318,383,95
deep_slow,4,9,2.4592769385260054,2.15007232330627,383,95
deep_slow,4,10,2.4260795983755763,2.127365084501461,383,95
deep_slow,4,11,2.3946944224064244,2.1116035452189563,383,95
deep_slow,4,12,2.36875251107218,2.087741693436268,383,95
deep_slow,4,13,2.343066594049608,2.0737047395874897,383,95
deep_slow,4,14,2.313723136167073,2.0508138053397027,383,95
deep_slow,4,15,2.285148978508708,2.025575546093979,383,95
deep_slow,4,16,2.257508113128117,2.003812747686207,383,95
deep_slow,4,17,2.232685543087468,1.996197979150439,383,95
deep_slow,4,18,2.208586624616308,1.9806354163591757,383,95
deep_slow,4,19,2.1811287885972432,1.9642608019194314,383,95
deep_slow,4,20,2.1551949169892866,1.9456328519628696,383,95
deep_slow,4,21,2.127008787747815,1.9270131428008854,383,95
deep_slow,4,22,2.1078270422035392,1.9188241781003663,383,95
deep_slow,4,23,2.0857491098794365,1.9016489052826842,383,95
deep_slow,4,24,2.062652418035138,1.8860024570326486,383,95
deep_slow,4,25,2.0402748702541325,1.8728425991556663,383,95
deep_slow,4,26,2.0190577001200003,1.8603266385291028,383,95
deep_slow,4,27,1.9959222214785848,1.8427829023841553,383,95
deep_slow,4,28,1.9751817574225896,1.8296026982380975,383,95
deep_slow,4,29,1.9541725239540444,1.8112041231624005,383,95
deep_slow,4,30,1.9339242007751558,1.795233150841202,383,95
deep_slow,4,31,1.9114751042048037,1.7773244982398348,383,95
deep_slow,4,32,1.890984089615601,1.7649496974747585,383,95
deep_slow,4,33,1.869889902520249,1.7558358068764028,383,95
deep_slow,4,34,1.8464234857168986,1.7399337538233381,383,95
deep_slow,4,35,1.8273638930982519,1.7275652771056722,383,95
deep_slow,4,36,1.8111445108029511,1.7265679429158218,383,95
deep_slow,4,37,1.7920338090443777,1.718969524475537,383,95
deep_slow,4,38,1.7753984617532073,1.7128143129793842,383,95
deep_slow,4,39,1.7586457667266582,1.7031882472219362,383,95
deep_slow,4,40,1.7417934041619105,1.6916201339008496,383,95
deep_slow,4,41,1.7260928928158452,1.6789691505347297,383,95
deep_slow,4,42,1.7082233333083068,1.6656274832342637,383,95
deep_slow,4,43,1.6951170843427206,1.6585119567962527,383,95
deep_slow,4,44,1.6823168250136207,1.6499902392837005,383,95
deep_slow,4,45,1.667262995212006,1.6407720534524275,383,95
deep_slow,4,46,1.6542956793211465,1.6326583538065724,383,95
deep_slow,4,47,1.6416649990224228,1.6249779957127783,383,95
deep_slow,4,48,1.6332788101070788,1.6181015678510715,383,95
deep_slow,4,49,1.6193350375027946,1.6086215225278335,383,95
deep_slow,4,50,1.604815352538207,1.5989829765851709,383,95
deep_slow,4,51,1.5903740941126598,1.5871884885851621,383,95
deep_slow,4,52,1.5777156614675496,1.580705663022148,383,95
deep_slow,4,53,1.565621844469806,1.574338809855601,383,95
deep_slow,4,54,1.553003715589537,1.5682977970233587,383,95
deep_slow,4,55,1.5379763158955124,1.5625181627760159,383,95
deep_slow,4,56,1.5255490705588022,1.556391318354948,383,95
deep_slow,4,57,1.5139230980856269,1.5498090990814788,383,95
deep_slow,4,58,1.5029364269454129,1.5450306303651795,383,95
deep_slow,4,59,1.491138434738349,1.5385434604063135,383,95
deep_slow,4,60,1.4788358697947683,1.5319515503028336,383,95
deep_slow,4,61,1.4699937999774675,1.527363060133349,383,95
deep_slow,4,62,1.4582395414421923,1.5227773723814995,383,95
deep_slow,4,63,1.4451493650064904,1.5178900946847615,383,95
deep_slow,4,64,1.4324526976322012,1.5133295234173865,383,95
deep_slow,4,65,1.424022221960632,1.5075981952341853,383,95
deep_slow,4,66,1.4160596359037745,1.5046738133459212,383,95
deep_slow,4,67,1.4053873279243159,1.5019802118340135,383,95
deep_slow,4,68,1.3943675327056384,1.4974815310020329,383,95
deep_slow,4,69,1.385812356489217,1.4958061639886864,383,95
deep_slow,4,70,1.379169253381974,1.4931027982494296,383,95
deep_slow,4,71,1.3679459712933815,1.4864204304940953,383,95
deep_slow,4,72,1.3609209827988829,1.4817648478553955,383,95
deep_slow,4,73,1.356747598623052,1.4785311903773064,383,95
deep_slow,4,74,1.3483993367653078,1.4748122598812645,383,95
deep_slow,4,75,1.3411939060253932,1.473533727927071,383,95
deep_slow,4,76,1.33238951399848,1.4674280266197612,383,95
deep_slow,4,77,1.3259068768246691,1.4649925222531062,383,95
deep_slow,4,78,1.3179604461288859,1.460374406710215,383,95
deep_slow,4,79,1.308753148924426,1.4550650847101398,383,95
deep_slow,4,80,1.3024113328863458,1.4511379861084663,383,95
deep_slow,4,81,1.2950007211840637,1.4475958178533792,383,95
deep_slow,4,82,1.2890948694166533,1.4446838188121012,383,95
deep_slow,4,83,1.280914590843064,1.4376777387646202,383,95
deep_slow,4,84,1.2746875310763917,1.4353439909647394,383,95
deep_slow,4,85,1.2642404720664684,1.4279331041901744,383,95
deep_slow,4,86,1.2568261627072335,1.4229654918652692,383,95
deep_slow,4,87,1.2498079994666043,1.4176706260252032,383,95
deep_slow,4,88,1.2426559983019287,1.415199257840591,383,95
deep_slow,4,89,1.2350301840155695,1.4097902212610343,383,95
deep_slow,4,90,1.2287935656081768,1.4056121520143081,383,95
deep_slow,4,91,1.2234075531670012,1.4033964237809078,383,95
deep_slow,4,92,1.219037538628253,1.4013046534388682,383,95
deep_slow,4,93,1.2130845859262815,1.3982530087722322,383,95
deep_slow,4,94,1.207704075206749,1.3935640849999273,383,95
deep_slow,4,95,1.1997757880407027,1.3896878124297003,383,95
deep_slow,4,96,1.1939255615257682,1.3886264767445298,383,95
deep_slow,4,97,1.1890836237003535,1.3833020041219524,383,95
deep_slow,4,98,1.18352993256022,1.3812516953963563,383,95
deep_slow,4,99,1.1778031538202307,1.3785390373688713,383,95
deep_slow,4,100,1.1725115081801425,1.3758069605695946,383,95
deep_slow,4,101,1.1682960508800486,1.3743281341270128,383,95
deep_slow,4,102,1.1626455415372738,1.372396549238102,383,95
deep_slow,4,103,1.15699109803327,1.3708809914287206,383,95
deep_slow,4,104,1.1508392770916018,1.3677491492199971,383,95
deep_slow,4,105,1.1472181036972298,1.3653261537107482,383,95
deep_slow,4,106,1.1404406324131384,1.360440017514905,383,95
deep_slow,4,107,1.1354431717787277,1.3601536081560353,383,95
deep_slow,4,108,1.1302568260597041,1.3593942767217475,383,95
deep_slow,4,109,1.1253823700869237,1.3607775851406243,383,95
deep_slow,4,110,1.1209164115907762,1.3588255644089202,383,95
deep_slow,4,111,1.1162106366969538,1.3566307793952135,383,95
deep_slow,4,112,1.1122264732282694,1.355681182151693,383,95
deep_slow,4,113,1.1075555685587086,1.35418597634597,383,95
deep_slow,4,114,1.1022565684049603,1.3491785666787306,383,95
deep_slow,4,115,1.0984063130536232,1.3468129743521058,383,95
deep_slow,4,116,1.0927100635736318,1.3436042122965524,383,95
deep_slow,4,117,1.0891306044525717,1.340822271319026,383,95
deep_slow,4,118,1.0837031381482103,1.3390937628991983,383,95
deep_slow,4,119,1.0791709851994724,1.3383946805166018,383,95
deep_slow,4,120,1.0750707933577333,1.3358353796498117,383,95
deep_slow,4,121,1.0691482852846994,1.333382507440868,383,95
deep_slow,4,122,1.0638623118807087,1.331324607717164,383,95
deep_slow,4,123,1.0584039217995782,1.3294788850949022,383,95
deep_slow,4,124,1.0550483537752784,1.3283655714939657,383,95
deep_slow,4,125,1.0506496458875823,1.3270531258654472,383,95
deep_slow,4,126,1.0456795553019058,1.3269678196384571,383,95
deep_slow,4,127,1.0413757550795373,1.325198285163426,383,95
deep_slow,4,128,1.0385978112223282,1.3234150959492341,383,95
deep_slow,4,129,1.0357166178845298,1.3208961101155063,383,95
deep_slow,4,130,1.0315329636538937,1.3199991097338297,383,95
deep_slow,4,131,1.027575504645935,1.3185648348664532,383,95
deep_slow,4,132,1.024136792529147,1.316876508895747,383,95
deep_slow,4,133,1.0207632374220874,1.3154896096338897,383,95
deep_slow,4,134,1.0153802380904131,1.3152204717695546,383,95
deep_slow,4,135,1.0128957779224328,1.314990393398758,383,95
deep_slow,4,136,1.0091480719405201,1.3140401741859487,383,95
deep_slow,4,137,1.00606970986193,1.3110439628956512,383,95
deep_slow,4,138,1.0038439094963234,1.3108882260231633,383,95
deep_slow,4,139,1.0012458850527464,1.310492742136177,383,95
deep_slow,4,140,0.9978534341262097,1.3100989214228984,383,95
deep_slow,4,141,0.9943797032627787,1.3103069589642553,383,95
deep_slow,4,142,0.990093876758602,1.3094879708589138,383,95
deep_slow,4,143,0.9868253670629314,1.3074763875596582,383,95
deep_slow,4,144,0.9828369059467487,1.3054834728335933,383,95
deep_slow,4,145,0.9789497584907031,1.3050720410495995,383,95
deep_slow,4,146,0.9753187110262599,1.3041718094724617,383,95
deep_slow,4,147,0.9729065007986876,1.3029234263316174,383,95
deep_slow,4,148,0.9706895690427314,1.3017699759772245,383,95
deep_slow,4,149,0.9681447168347056,1.3002169843815392,383,95
deep_slow,4,150,0.9649592455101902,1.298396455445356,383,95
deep_slow,4,151,0.9607709943571885,1.2974986361822887,383,95
deep_slow,4,152,0.9581288845444288,1.2965211441509608,383,95
deep_slow,4,153,0.9555252913468116,1.2959275910394656,383,95
deep_slow,4,154,0.9526363857981816,1.2951101984790596,383,95
deep_slow,4,155,0.9500436637689494,1.2941570743576327,383,95
deep_slow,4,156,0.9480021978645599,1.2932268449723712,383,95
deep_slow,4,157,0.9447817157859444,1.291780353754316,383,95
deep_slow,4,158,0.9421862171466306,1.2896057631814652,383,95
deep_slow,4,159,0.9398928792830359,1.289263766000488,383,95
deep_slow,4,160,0.9374232654408876,1.2870939752377253,383,95
deep_slow,4,161,0.9341837178910177,1.2856120885714866,383,95
deep_slow,4,162,0.9316230250336334,1.2845345466826814,383,95
deep_slow,4,163,0.9289501192358717,1.2833475786620694,383,95
deep_slow,4,164,0.9260530399198071,1.2821078297771888,383,95
deep_slow,4,165,0.9243550820127323,1.2820421639223185,383,95
deep_slow,4,166,0.9210831225294582,1.2813155800732772,383,95
deep_slow,4,167,0.9188609637100941,1.2800388818554957,383,95
deep_slow,4,168,0.916178893962673,1.2786804752211842,383,95
deep_slow,4,169,0.9134295993636397,1.2778689032355417,383,95
deep_slow,4,170,0.9105467025413538,1.2790375825470945,383,95
deep_slow,4,171,0.9087902235427198,1.2794821957610878,383,95
deep_slow,4,172,0.9057585936271896,1.2788634961288987,383,95
deep_slow,4,173,0.9037286652451276,1.2781393002777077,383,95
deep_slow,4,174,0.9011848489278096,1.2759456662707398,383,95
deep_slow,4,175,0.8991617121597488,1.2742034343568343,383,95
deep_slow,4,176,0.8974626840687672,1.273688123674259,383,95
deep_slow,4,177,0.8956799186614949,1.2727733279053912,383,95
deep_slow,4,178,0.893907562831375,1.2726823578634554,383,95
deep_slow,4,179,0.8925046709458135,1.2719155115763208,383,95
deep_slow,4,180,0.8900081722793804,1.2708333679535515,383,95
deep_slow,4,181,0.8858581997274604,1.2691608074829224,383,95
deep_slow,4,182,0.882898715044477,1.268506967240427,383,95
deep_slow,4,183,0.880890888526816,1.269058442021996,383,95
deep_slow,4,184,0.8778374938921092,1.267756917588687,383,95
deep_slow,4,185,0.8747315703552289,1.2675369281470532,383,95
deep_slow,4,186,0.8735432038899542,1.267455455134184,383,95
deep_slow,4,187,0.8708794970971692,1.2665860238435773,383,95
deep_slow,4,188,0.8696554055627554,1.266598750574697,383,95
deep_slow,4,189,0.8673943046410312,1.265160623082762,383,95
deep_slow,4,190,0.8647549601024084,1.2640840860867126,383,95
deep_slow,4,191,0.8631238977217671,1.264323651502242,383,95
deep_slow,4,192,0.8613342969153608,1.264175822276432,383,95
deep_slow,4,193,0.8591937999680417,1.2645796974950254,383,95
deep_slow,4,194,0.8572393386521848,1.2647046402579585,383,95
deep_slow,4,195,0.855935629604894,1.2648110888461188,383,95
deep_slow,4,196,0.85366499880633,1.2655746663307388,383,95
deep_slow,4,197,0.8506252471243063,1.2640177293310155,383,95
deep_slow,4,198,0.8478940846397568,1.263160782855109,383,95
deep_slow,4,199,0.8446229022710361,1.2628782834968644,383,95
deep_slow,4,200,0.8419172694403334,1.26292888376836,383,95
deep_slow,4,201,0.8398447108489961,1.262502110511365,383,95
deep_slow,4,202,0.8388649338589431,1.261835482249599,383,95
deep_slow,4,203,0.8379635714752195,1.2617701249175604,383,95
deep_slow,4,204,0.8354955284696011,1.25970071110928,383,95
deep_slow,4,205,0.8333221493232211,1.25862246940416,383,95
deep_slow,4,206,0.8314364986082237,1.2581843412603373,383,95
deep_slow,4,207,0.8288602056096195,1.2579877847530503,383,95
deep_slow,4,208,0.8263422963000414,1.2577747866367626,383,95
deep_slow,4,209,0.8235218418353869,1.25694534357456,383,95
deep_slow,4,210,0.8217525941596924,1.2562669534116568,383,95
deep_slow,4,211,0.8202248752876593,1.2560742664022644,383,95
deep_slow,4,212,0.819177617856251,1.2562175050126543,383,95
deep_slow,4,213,0.8179456982840914,1.2561537755951702,383,95
deep_slow,4,214,0.8157358367961589,1.2563606061998516,383,95
deep_slow,4,215,0.8146987396178487,1.256126509757738,383,95
deep_slow,4,216,0.8136730387664568,1.2565366831650453,383,95
deep_slow,4,217,0.8130938417034793,1.2566638284949172,383,95
deep_slow,4,218,0.8122116310409155,1.2566941496341877,383,95
deep_slow,4,219,0.8111233572565493,1.2567117226463027,383,95
deep_slow,4,220,0.8105005523021479,1.2564116270333479,383,95
deep_slow,4,221,0.8092490332459269,1.2566710051902161,383,95
deep_slow,4,222,0.8084374288221977,1.25612554322699,383,95
deep_slow,4,223,0.8067742169417332,1.2552489850091786,383,95
deep_slow,4,224,0.8046765791905156,1.2550471527084506,383,95
deep_slow,4,225,0.8024118001450689,1.2535377678897948,383,95
deep_slow,4,226,0.8004930471313232,1.2544970687972334,383,95
deep_slow,4,227,0.7988827198301169,1.2539964238365782,383,95
deep_slow,4,228,0.7976309445622067,1.2538758951761377,383,95
deep_slow,4,229,0.7967510721112785,1.2541386235367828,383,95
deep_slow,4,230,0.7954414992649503,1.254100794307265,383,95
deep_slow,4,231,0.7949158893673117,1.2541205391086387,383,95
deep_slow,4,232,0.7924792163768679,1.2553174469035808,383,95
deep_slow,4,233,0.7907030555877176,1.2558497358233216,383,95
deep_slow,4,234,0.7898915619712237,1.2557365795869215,383,95
deep_slow,4,235,0.7884565932234465,1.2560107502697688,383,95
deep_slow,4,236,0.7876457801404791,1.2559483666215303,383,95
deep_slow,4,237,0.7863552941364674,1.2554454607981171,383,95
deep_slow,4,238,0.785219632026568,1.255501904080181,383,95
deep_slow,4,239,0.783017230978172,1.2547936028608706,383,95
deep_slow,4,240,0.7804908406598685,1.2550600643217589,383,95
deep_slow,4,241,0.7783779846165719,1.2549738166541495,383,95
deep_slow,4,242,0.7770390482831147,1.2550216952832902,383,95
deep_slow,4,243,0.7757961850422307,1.2557495865392858,383,95
deep_slow,4,244,0.7744364692942403,1.2560717361504723,383,95
deep_slow,4,245,0.772286468582823,1.2564197255176546,383,95
deep_slow,4,246,0.7706909506414719,1.2555471942303482,383,95
deep_slow,4,247,0.7698870520234116,1.2561557758364197,383,95
deep_slow,4,248,0.7675745091540254,1.255906792582928,383,95
deep_slow,4,249,0.7662318448962762,1.255696376373155,383,95
deep_slow,4,250,0.7639937058635943,1.254816977633282,383,95
deep_slow,4,251,0.7624024453574616,1.2550737964076066,383,95
deep_slow,4,252,0.7615413751460763,1.2548554892211223,383,95
deep_slow,4,253,0.7606793210249327,1.254762738445787,383,95
deep_slow,4,254,0.759253027240241,1.2557696571527586,383,95
deep_slow,4,255,0.7585738172864107,1.2561613172398234,383,95
deep_slow,4,256,0.7564587954924001,1.256448144164733,383,95
deep_slow,4,257,0.7554242124757131,1.2564254318705188,383,95
deep_slow,4,258,0.7540539905860986,1.2567928055071598,383,95
deep_slow,4,259,0.7530089136353963,1.2571684114700707,383,95
deep_slow,4,260,0.7518570535852676,1.2574000173439566,383,95
deep_slow,4,261,0.7514213466573467,1.257456259177821,383,95
deep_slow,4,262,0.7509471904301025,1.2573309381062514,383,95
deep_slow,4,263,0.7500377193218952,1.25707591556288,383,95
deep_slow,4,264,0.7489604063135196,1.2572673212437873,383,95
deep_slow,4,265,0.7471169698944179,1.2576590400375354,383,95
deep_slow,4,266,0.7465376258875596,1.25742950550513,383,95
deep_slow,4,267,0.7454258647683378,1.2584134257830126,383,95
deep_slow,4,268,0.742664636682588,1.2575188142566218,383,95
deep_slow,4,269,0.7418534121203161,1.257708126529478,383,95
deep_slow,4,270,0.7411570538556266,1.2575783129276352,383,95
deep_slow,4,271,0.7406835102545198,1.257473991431626,383,95
deep_slow,4,272,0.7383788180552122,1.2569368910390408,383,95
deep_slow,4,273,0.7377688343435609,1.256634747001872,383,95
deep_slow,4,274,0.7370379598506916,1.2568805274423642,383,95
deep_slow,4,275,0.73477041778449,1.2570152236678844,383,95
deep_slow,4,276,0.7326446563995598,1.257234793634486,383,95
deep_slow,4,277,0.7320586928955988,1.257119141712114,383,95
deep_slow,4,278,0.7308882338415437,1.2576569961889645,383,95
deep_slow,4,279,0.7283293747964963,1.2565132238535142,383,95
deep_slow,4,280,0.7275330002513374,1.2570494993434598,383,95
deep_slow,4,281,0.7264460089395204,1.257540265307125,383,95
deep_slow,4,282,0.7256297741474489,1.257049766181267,383,95
deep_slow,4,283,0.7248905571980674,1.2567509900489062,383,95
deep_slow,4,284,0.7224177785982502,1.255672175009123,383,95
deep_slow,4,285,0.7211155536645973,1.2552544132580519,383,95
deep_slow,4,286,0.7184565566087604,1.2541556755627334,383,95
deep_slow,4,287,0.7176660783208543,1.2537911042626346,383,95
deep_slow,4,288,0.7152729236645725,1.2525899788182056,383,95
deep_slow,4,289,0.7143060178005348,1.252245740222539,383,95
deep_slow,4,290,0.7136488468285391,1.2530030882637566,383,95
deep_slow,4,291,0.7126921925357971,1.2541794282313956,383,95
deep_slow,4,292,0.7122782946845215,1.2540945600544464,383,95
deep_slow,4,293,0.7112014475598312,1.2542496406678771,383,95
deep_slow,4,294,0.7105046229277049,1.2550472537510988,383,95
deep_slow,4,295,0.7100081095766119,1.2549737948105304,383,95
deep_slow,4,296,0.7086808232379621,1.2549629034218421,383,95
deep_slow,4,297,0.7066095927997207,1.2555275051459152,383,95
deep_slow,4,298,0.7042890137112274,1.2545970727036375,383,95
deep_slow,4,299,0.7022351877227234,1.2542537030534335,383,95
deep_slow,4,300,0.6997495068918747,1.254413314322402,383,95
deep_slow,4,301,0.6990153395356923,1.2547204450937965,383,95
deep_slow,4,302,0.6977383685857892,1.254130707283319,383,95
deep_slow,4,303,0.6959525629516403,1.2539265213519484,383,95
deep_slow,4,304,0.6942822309528355,1.2541337321177441,383,95
deep_slow,4,305,0.692230473252073,1.2531724893137834,383,95
deep_slow,4,306,0.6914228723068119,1.2529815071121124,383,95
deep_slow,4,307,0.6893267394170414,1.2527719738024798,383,95
deep_slow,4,308,0.6876309971424823,1.2531614851963844,383,95
deep_slow,4,309,0.6863284987339991,1.2533772651884112,383,95
deep_slow,4,310,0.6847777867043833,1.2529424547682568,383,95
deep_slow,4,311,0.683852293964442,1.2529201683163387,383,95
deep_slow,4,312,0.6831338560218496,1.2530512168361743,383,95
deep_slow,4,313,0.681772254821199,1.2528823023588682,383,95
deep_slow,4,314,0.6813092106865442,1.2524544176345314,383,95
deep_slow,4,315,0.6794146457164316,1.2519559397631246,383,95
deep_slow,4,316,0.6777059957047261,1.2515390233953188,383,95
deep_slow,4,317,0.6770290361417515,1.2517946960434168,383,95
deep_slow,4,318,0.6751888823418953,1.2519176803124852,383,95
deep_slow,4,319,0.6731870418439242,1.2518027329160302,383,95
deep_slow,4,320,0.6727261868716047,1.2516720799882046,383,95
deep_slow,4,321,0.6716206365402497,1.251484583228946,383,95
deep_slow,4,322,0.6697792501758395,1.2508380668690489,383,95
deep_slow,4,323,0.6692943170268028,1.250855186759964,383,95
deep_slow,4,324,0.6688436821917063,1.2502227023890622,383,95
deep_slow,4,325,0.668433752834387,1.2500700135946123,383,95
deep_slow,4,326,0.6677242880834254,1.250166022589294,383,95
deep_slow,4,327,0.6667147035203704,1.2505970356143943,383,95
deep_slow,4,328,0.6649085978033669,1.2510096575530705,383,95
deep_slow,4,329,0.6645140582332041,1.251127476963254,383,95
deep_slow,4,330,0.6630435688275317,1.2522603126554235,383,95
deep_slow,4,331,0.6612832598268624,1.252654404559568,383,95
deep_slow,4,332,0.6604281760831798,1.2532836982585818,383,95
deep_slow,4,333,0.6587677937510794,1.2530366411089497,383,95
deep_slow,4,334,0.6583920603259887,1.25282746250149,383,95
deep_slow,4,335,0.6573906451357839,1.2523645457409533,383,95
deep_slow,4,336,0.6556612240231245,1.2522439088472896,383,95
deep_slow,4,337,0.6544204185403986,1.2519327470276393,383,95
deep_slow,4,338,0.6537541644417079,1.2520818774188462,383,95
deep_slow,4,339,0.6522860182364678,1.251818524134491,383,95
deep_slow,4,340,0.6515822836693601,1.2519275215300403,383,95
deep_slow,4,341,0.6503182630473233,1.251721484193517,383,95
deep_slow,4,342,0.6489500601925194,1.2520345787421463,383,95
deep_slow,4,343,0.6475772291268282,1.2523835747538865,383,95
deep_slow,4,344,0.6460915275285253,1.2522537372144702,383,95
deep_slow,4,345,0.6453380069989807,1.2531538724567393,383,95
deep_slow,4,346,0.644302452408483,1.2540018200488408,383,95
deep_slow,4,347,0.6437141067706444,1.2540559812768346,383,95
deep_slow,4,348,0.6426047049679557,1.25387976023791,383,95
deep_slow,4,349,0.6413438481095524,1.254318059675325,383,95
deep_slow,4,350,0.6394909790567855,1.2543287329338537,383,95
deep_slow,4,351,0.6383149288772783,1.25386363524635,383,95
deep_slow,4,352,0.6374098619143687,1.2538993946563224,383,95
deep_slow,4,353,0.6360320060499013,1.2537092138586228,383,95
deep_slow,4,354,0.6354271325514131,1.2536723105754692,383,95
deep_slow,4,355,0.6347527619103542,1.2533900534231692,383,95
deep_slow,4,356,0.633464942420501,1.2536793816524112,383,95
deep_slow,4,357,0.6326783399921478,1.2545751192752799,383,95
deep_slow,4,358,0.6312929224634788,1.254103194071884,383,95
deep_slow,4,359,0.6307334395146289,1.2543865078725431,383,95
deep_slow,4,360,0.6302341463103944,1.2545676619665116,383,95
deep_slow,4,361,0.6291314774286888,1.254942167765084,383,95
deep_slow,4,362,0.6284658316234266,1.2554002336045047,383,95
deep_slow,4,363,0.6268061396854596,1.2550757980545866,383,95
deep_slow,4,364,0.6260585262112169,1.2548979772416184,383,95
deep_slow,4,365,0.6246403998510962,1.2552686577929721,383,95
deep_slow,4,366,0.623439995815224,1.2553912766550015,383,95
deep_slow,4,367,0.6223629576336477,1.2555557169933784,383,95
deep_slow,4,368,0.6216352067351991,1.2563464078421245,383,95
deep_slow,4,369,0.6207276453728283,1.2559049126458435,383,95
deep_slow,4,370,0.6197233047598768,1.2562496213810916,383,95
deep_slow,4,371,0.6190157178310485,1.2562447940883048,383,95
deep_slow,4,372,0.6181664315589449,1.2563939715826227,383,95
deep_slow,4,373,0.6172906688532697,1.2566441169984899,383,95
deep_slow,4,374,0.6160039524449601,1.256996736210385,383,95
deep_slow,4,375,0.6151009853338175,1.2571729656226913,383,95
deep_slow,4,376,0.6137866479132381,1.2579772787316923,383,95
deep_slow,4,377,0.612724089332507,1.2583469528547038,383,95
deep_slow,4,378,0.6116977617511435,1.2583356056139268,383,95
deep_slow,4,379,0.6107787343981049,1.2584160048480606,383,95
deep_slow,4,380,0.6098233703460368,1.2578253722004964,383,95
deep_slow,4,381,0.6094320654147382,1.2577475738032748,383,95
deep_slow,4,382,0.6082608485059525,1.2574339518628257,383,95
deep_slow,4,383,0.6075139815108107,1.2573031195965678,383,95
deep_slow,4,384,0.6066655375602774,1.257187589853998,383,95
deep_slow,4,385,0.605764205115308,1.2570079128965945,383,95
deep_slow,4,386,0.6054653395491335,1.2570310142413308,383,95
deep_slow,4,387,0.6048009448791288,1.2564028299015202,383,95
deep_slow,4,388,0.6040232171537565,1.2563127305287505,383,95
deep_slow,4,389,0.6028935098426115,1.2568180560411617,383,95
deep_slow,4,390,0.6022345928994298,1.2573937041865688,383,95
deep_slow,4,391,0.6011381903427905,1.2570077487274738,383,95
deep_slow,4,392,0.6006505062320401,1.2570847681175545,383,95
deep_slow,4,393,0.5997400935000112,1.257516194525123,383,95
deep_slow,4,394,0.598919349715268,1.2576337299634244,383,95
deep_slow,4,395,0.5982091529797052,1.2577341623525637,383,95
deep_slow,4,396,0.5971301712764906,1.2575761786523358,383,95
deep_slow,4,397,0.5964519879249159,1.257633940668119,383,95
deep_slow,4,398,0.5956760119354587,1.257906926821405,383,95
deep_slow,4,399,0.5953079165567642,1.257854463679888,383,95
deep_slow,4,400,0.5944192451371115,1.2582701702820023,383,95
deep_slow,4,401,0.5939932095832305,1.2580729876886745,383,95
deep_slow,4,402,0.5934477274005369,1.2578394994914148,383,95
deep_slow,4,403,0.5927551712679886,1.2579172218991945,383,95
deep_slow,4,404,0.5920612179084783,1.258166364806977,383,95
deep_slow,4,405,0.5911616317950645,1.2583315752519182,383,95
deep_slow,4,406,0.5903799052113637,1.2582670703494236,383,95
deep_slow,4,407,0.5898611589485941,1.2590112184340834,383,95
deep_slow,4,408,0.5894415705059411,1.2594442504319228,383,95
deep_slow,4,409,0.588656810148392,1.2593105597179353,383,95
deep_slow,4,410,0.5875552184323559,1.2589587364290549,383,95
deep_slow,4,411,0.5862839790948035,1.2592279544988731,383,95
deep_slow,4,412,0.5854071671661156,1.2595437381842807,383,95
deep_slow,4,413,0.5844703779914631,1.2598508221001445,383,95
deep_slow,4,414,0.5837268901653087,1.2600968660878018,383,95
deep_slow,4,415,0.5833941657341011,1.2599257082160065,383,95
deep_slow,4,416,0.5822959277830805,1.2601140441536467,383,95
deep_slow,4,417,0.5813997474764884,1.2603698431841222,383,95
deep_slow,4,418,0.5803835162254032,1.2608306462682017,383,95
deep_slow,4,419,0.5796987500640466,1.2609628691765236,383,95
deep_slow,4,420,0.5792451702934718,1.2619566106767939,383,95
deep_slow,4,421,0.5785340895998057,1.2619532671185554,383,95
deep_slow,4,422,0.5780282473279394,1.2621706297367912,383,95
deep_slow,4,423,0.577735740502855,1.261827784115467,383,95
deep_slow,4,424,0.5766842162043759,1.2609460632376677,383,95
deep_slow,4,425,0.5758150629878781,1.2615440304443373,383,95
deep_slow,4,426,0.5754277905491891,1.261341409751901,383,95
deep_slow,4,427,0.575045458092786,1.2617329014577061,383,95
deep_slow,4,428,0.5747212409614894,1.261730548641833,383,95
deep_slow,4,429,0.5744120225810448,1.2617100773703827,383,95
deep_slow,4,430,0.5734963144374501,1.26116771809886,383,95
deep_slow,4,431,0.5731827037975435,1.261136193828076,383,95
deep_slow,4,432,0.5728382394282894,1.2610601900786926,383,95
deep_slow,4,433,0.5720153091796248,1.260872001221834,383,95
deep_slow,4,434,0.5716604916629894,1.2609143794694444,383,95
deep_slow,4,435,0.5705087372850101,1.2608709354946637,383,95
deep_slow,4,436,0.5702653257429083,1.2612899731022882,383,95
deep_slow,4,437,0.5697795904645334,1.2613849075233308,383,95
deep_slow,4,438,0.5691626130063829,1.2617777360988636,383,95
deep_slow,4,439,0.5682992253748661,1.2618856369071352,383,95
deep_slow,4,440,0.567259493743226,1.261591532749194,383,95
deep_slow,4,441,0.5668009477085936,1.2616089965655821,383,95
deep_slow,4,442,0.5660372928464109,1.2611586873642997,383,95
deep_slow,4,443,0.5655962285007273,1.2609649320006262,383,95
deep_slow,4,444,0.5652033825736482,1.260898688489254,383,95
deep_slow,4,445,0.5643127746520297,1.260623220278811,383,95
deep_slow,4,446,0.5638100270563975,1.2601927658696792,383,95
deep_slow,4,447,0.5635649419591686,1.2605808418094786,383,95
deep_slow,4,448,0.5630582348956324,1.2607874060279722,383,95
deep_slow,4,449,0.5627923379090677,1.2606364179393572,383,95
deep_slow,4,450,0.5621770424861721,1.260586099605945,383,95
deep_slow,4,451,0.5619862600199562,1.2602752083732844,383,95
deep_slow,4,452,0.5617223989906177,1.2601222111236268,383,95
deep_slow,4,453,0.560739169140203,1.2598207283856333,383,95
deep_slow,4,454,0.5603063894652393,1.2600460951032744,383,95
deep_slow,4,455,0.5599966929870793,1.2604524199615972,383,95
deep_slow,4,456,0.5593044079403502,1.260700227561917,383,95
deep_slow,4,457,0.5585689311802289,1.2605695730632183,383,95
deep_slow,4,458,0.5578966779396568,1.2612122616695216,383,95
deep_slow,4,459,0.5572948801127495,1.26152308315422,383,95
deep_slow,4,460,0.5565936821212797,1.26226968531967,383,95
deep_slow,4,461,0.556050924644484,1.2625886573344118,383,95
deep_slow,4,462,0.5557327688585794,1.2624216529691143,383,95
deep_slow,4,463,0.5553373306609445,1.2626614239720018,383,95
deep_slow,4,464,0.5549189695065359,1.2624834531135984,383,95
deep_slow,4,465,0.5545388721913658,1.2620266276696772,383,95
deep_slow,4,466,0.5538579983360088,1.2622441298573566,383,95
deep_slow,4,467,0.5535950406874792,1.2620962831922833,383,95
deep_slow,4,468,0.5533287952970508,1.2624752153965293,383,95
deep_slow,4,469,0.552895297203898,1.2616547951982158,383,95
deep_slow,4,470,0.5523677484101497,1.261591022026798,383,95
deep_slow,4,471,0.5515707656750369,1.2616282957006508,383,95
deep_slow,4,472,0.5514291620708311,1.2614393194747433,383,95
deep_slow,4,473,0.5512907768930095,1.2612531093084085,383,95
deep_slow,4,474,0.5505865954749982,1.2611677831275563,383,95
deep_slow,4,475,0.549993041685387,1.261137446374253,383,95
deep_slow,4,476,0.5492730354100391,1.2610185971766386,383,95
deep_slow,4,477,0.5484100735661916,1.260888562948892,383,95
deep_slow,4,478,0.5478972132314128,1.260649305315469,383,95
deep_slow,4,479,0.54749269934,1.2598652469013014,383,95
deep_slow,4,480,0.547053750691515,1.2601165984218243,383,95
deep_slow,4,481,0.5461754324293541,1.2600497181421733,383,95
deep_slow,4,482,0.5452531628961237,1.2602726333202243,383,95
deep_slow,4,483,0.5451148082122294,1.260298425513565,383,95
deep_slow,4,484,0.5448777436919411,1.2602747072364773,383,95
deep_slow,4,485,0.544262145322766,1.2599286603783897,383,95
deep_slow,4,486,0.5440423938460042,1.2600759895137268,383,95
deep_slow,4,487,0.5434340089609265,1.2602969463263662,383,95
deep_slow,4,488,0.5432260836753778,1.2603894880414797,383,95
deep_slow,4,489,0.5430032268560138,1.2604373750563578,383,95
deep_slow,4,490,0.5425403965272234,1.2604530517882155,383,95
deep_slow,4,491,0.5417580414793964,1.2603050364297514,383,95
deep_slow,4,492,0.5415374842270761,1.2602074053152186,383,95
deep_slow,4,493,0.5411049557400598,1.2599460608253203,383,95
deep_slow,4,494,0.540967547709364,1.2600809998560283,383,95
deep_slow,4,495,0.5403848756239569,1.2603470186667924,383,95
deep_slow,4,496,0.5399362465637076,1.2601882877793267,383,95
deep_slow,4,497,0.5393090119561232,1.2602900312126215,383,95
deep_slow,4,498,0.539178620112727,1.260165027313135,383,95
deep_slow,4,499,0.5384950915606832,1.2608534078190532,383,95
deep_slow,4,500,0.5378979037197333,1.2607207697896596,383,95
deep_slow,4,501,0.5375833982952205,1.2607262591977717,383,95
deep_slow,4,502,0.5368619069598429,1.2603118758782235,383,95
deep_slow,4,503,0.5364370491320776,1.2607605293606108,383,95
deep_slow,4,504,0.5358982034233617,1.2608870285520788,383,95
deep_slow,4,505,0.535715707753134,1.2609318749752343,383,95
deep_slow,4,506,0.5354992876981393,1.2608887225237466,383,95
deep_slow,4,507,0.5353728062825006,1.260888436418,383,95
deep_slow,4,508,0.5349788446304793,1.2608761009294605,383,95
deep_slow,4,509,0.5345991766343503,1.2610701745234585,383,95
deep_slow,4,510,0.534391390644615,1.261088847031868,383,95
deep_slow,4,511,0.5339932087168503,1.2612177547083325,383,95
deep_slow,4,512,0.5337844625989226,1.2612057696588148,383,95
deep_slow,4,513,0.5335028984274603,1.261159892485393,383,95
deep_slow,4,514,0.5331077881923616,1.2611924762563762,383,95
deep_slow,4,515,0.5322877385241087,1.2609493259297815,383,95
deep_slow,4,516,0.5320309499717357,1.2613170243089633,383,95
deep_slow,4,517,0.5312900794388676,1.2607359831058147,383,95
deep_slow,4,518,0.5311393158869735,1.26062424520307,383,95
deep_slow,4,519,0.5309733705303998,1.2609114208666923,383,95
deep_slow,4,520,0.5305806629143497,1.2609394530685154,383,95
deep_slow,4,521,0.5303822208485117,1.2609303266988143,383,95
deep_slow,4,522,0.5300444565619575,1.2611366860591848,383,95
deep_slow,4,523,0.5294307795087935,1.2608808420253663,383,95
deep_slow,4,524,0.5292795697913666,1.2609686449940258,383,95
deep_slow,4,525,0.5285931452285616,1.2604403876805208,383,95
deep_slow,4,526,0.5284491692924637,1.26058508099191,383,95
deep_slow,4,527,0.5279705608082147,1.260493425995669,383,95
deep_slow,4,528,0.5278020829727492,1.260498121141948,383,95
deep_slow,4,529,0.5276388481979314,1.2605560698534368,383,95
deep_slow,4,530,0.5274092232388317,1.2604797020822738,383,95
deep_slow,4,531,0.5271997663412493,1.2603211811268042,383,95
deep_slow,4,532,0.5268348006166307,1.2607420324061507,383,95
deep_slow,4,533,0.5266372519826916,1.26074369952276,383,95
deep_slow,4,534,0.5261021590146134,1.2603174454265813,383,95
deep_slow,4,535,0.5259592992159363,1.260397614182154,383,95
deep_slow,4,536,0.525729853577668,1.2608147849921314,383,95
deep_slow,4,537,0.5255527294630182,1.260914815917174,383,95
deep_slow,4,538,0.5251268504236976,1.2607443110357757,383,95
deep_slow,4,539,0.5246270173343066,1.2606977256218352,383,95
deep_slow,4,540,0.5242655719784435,1.260930483304307,383,95
deep_slow,4,541,0.5239143882813728,1.2607031381745892,383,95
deep_slow,4,542,0.5232686606298409,1.2607684223001139,383,95
deep_slow,4,543,0.5228339062661166,1.2605444519622784,383,95
deep_slow,4,544,0.5224375727503469,1.2605891515073826,383,95
deep_slow,4,545,0.5222090345074507,1.2606790555846885,383,95
deep_slow,4,546,0.5220966055865316,1.2605745973510227,383,95
deep_slow,4,547,0.5217350731771898,1.2610235683726356,383,95
deep_slow,4,548,0.5211700453471402,1.261191261425551,383,95
deep_slow,4,549,0.5209503687050847,1.2610186995827297,383,95
deep_slow,4,550,0.5207530559849531,1.2610600514392396,383,95
deep_slow,4,551,0.5202696117474547,1.2609029670805492,383,95
deep_slow,4,552,0.5199670840955113,1.2607469927955997,383,95
deep_slow,4,553,0.5198726976161705,1.2605971640813658,383,95
deep_slow,4,554,0.5197250752824742,1.2606819032018184,383,95
deep_slow,4,555,0.5195345191296562,1.2607172335147543,383,95
deep_slow,4,556,0.5191501166284698,1.2609574448020273,383,95
deep_slow,4,557,0.5187068805216051,1.2609404707974483,383,95
deep_slow,4,558,0.5184798013226226,1.2604834545928605,383,95
deep_slow,4,559,0.5180902837331179,1.2608853438958811,383,95
deep_slow,4,560,0.5178746389860044,1.261055213557042,383,95
deep_slow,4,561,0.5174128880886425,1.260941634941168,383,95
deep_slow,4,562,0.5169751139191722,1.260820734689135,383,95
deep_slow,4,563,0.5167430739513312,1.260614525063832,383,95
deep_slow,4,564,0.5163928849881823,1.260324934424907,383,95
deep_slow,4,565,0.516299811941122,1.260219396445058,383,95
deep_slow,4,566,0.5162043356297178,1.2600785347048178,383,95
deep_slow,4,567,0.5158574541363072,1.2602459563377955,383,95
deep_slow,4,568,0.5157599462817932,1.2600849997063222,383,95
deep_slow,4,569,0.5152302985893855,1.2599479435819825,383,95
deep_slow,4,570,0.5151250090221997,1.2601241568577826,383,95
deep_slow,4,571,0.5148810895829075,1.259824974240126,383,95
deep_slow,4,572,0.5145859778678972,1.2602609682064043,383,95
deep_slow,4,573,0.5144470548613341,1.2601962701277534,383,95
deep_slow,4,574,0.5140639719006577,1.2603748421492902,383,95
deep_slow,4,575,0.5139439199479477,1.2604170877444338,383,95
deep_slow,4,576,0.5137428030459833,1.2606539213231949,383,95
deep_slow,4,577,0.5132925659603347,1.2606436574828153,383,95
deep_slow,4,578,0.5130457432599594,1.260468733678725,383,95
deep_slow,4,579,0.5125919425710306,1.2605188654587538,383,95
deep_slow,4,580,0.5124750148904543,1.260415975602722,383,95
deep_slow,4,581,0.5123072024455866,1.260439708194158,383,95
deep_slow,4,582,0.5121603608119969,1.2606151832434045,383,95
deep_slow,4,583,0.5119661658784036,1.2603194048454274,383,95
deep_slow,4,584,0.5117037929806576,1.2601621819428652,383,95
deep_slow,4,585,0.5115349129587745,1.260440550570679,383,95
deep_slow,4,586,0.5114182301719005,1.2606183954296555,383,95
deep_slow,4,587,0.5111169300209688,1.260234169766791,383,95
deep_slow,4,588,0.5109741452629708,1.2603637963880578,383,95
deep_slow,4,589,0.510908464632191,1.2603008333680343,383,95
deep_slow,4,590,0.5107489962384262,1.2603862066739795,383,95
deep_slow,4,591,0.5103608116233268,1.2606416858285197,383,95
deep_slow,4,592,0.5100057268415523,1.2606594330990413,383,95
deep_slow,4,593,0.5098713209067924,1.2606950538250048,383,95
deep_slow,4,594,0.5094825892671349,1.2606379995437262,383,95
deep_slow,4,595,0.5090726072492249,1.260303351399585,383,95
deep_slow,4,596,0.5089084691308432,1.2603277606358558,383,95
deep_slow,4,597,0.5087595562309446,1.260514812166515,383,95
deep_slow,4,598,0.5086370032802585,1.260635013069162,383,95
deep_slow,4,599,0.5084507608867694,1.2608193124376064,383,95
deep_slow,4,600,0.5082582927127065,1.26067961545988,383,95
deep_slow,4,601,0.5081798245925528,1.2605440912288184,383,95
deep_slow,4,602,0.5080401870460068,1.260504112544092,383,95
deep_slow,4,603,0.5079513166835198,1.2605061115317597,383,95
deep_slow,4,604,0.5075659079068052,1.2605842755656034,383,95
deep_slow,4,605,0.5073633776679679,1.2603620854749842,383,95
deep_slow,4,606,0.5072738117337414,1.2604337725883723,383,95
deep_slow,4,607,0.5068735274958338,1.26032624765645,383,95
deep_slow,4,608,0.5067115887723932,1.2603204302057358,383,95
deep_slow,4,609,0.5065889454796884,1.2602920116044503,383,95
deep_slow,4,610,0.5062708429749294,1.260474173948731,383,95
deep_slow,4,611,0.5061711173820568,1.2608996900010623,383,95
deep_slow,4,612,0.5059429824166686,1.260863304675036,383,95
deep_slow,4,613,0.5056865732278429,1.2608515763989383,383,95
deep_slow,4,614,0.5053927308158017,1.260865790920232,383,95
deep_slow,4,615,0.5050902150551876,1.2611437152236624,383,95
deep_slow,4,616,0.5047984501650973,1.2611981559643834,383,95
deep_slow,4,617,0.5046209737542101,1.2615304678915522,383,95
deep_slow,4,618,0.5045505961582339,1.2615271919866267,383,95
deep_slow,4,619,0.5044351231072135,1.2615350950073276,383,95
deep_slow,4,620,0.5040749284751648,1.2614871065292768,383,95
deep_slow,4,621,0.5039658147834002,1.2615679210328667,383,95
deep_slow,4,622,0.5038383166205955,1.2616197635280244,383,95
deep_slow,4,623,0.5036414445989595,1.261431581515285,383,95
deep_slow,4,624,0.5033162818982625,1.261504466877452,383,95
deep_slow,4,625,0.50318826508861,1.261513301006436,383,95
deep_slow,4,626,0.5029078572677417,1.2615582832889558,383,95
deep_slow,4,627,0.5026258973707207,1.2616504684393077,383,95
deep_slow,4,628,0.5023180848058711,1.261385498846294,383,95
deep_slow,4,629,0.50195384009129,1.2617472987742437,383,95
deep_slow,4,630,0.5016764486367479,1.2615049501863544,383,95
deep_slow,4,631,0.5014617966534844,1.2612123897768397,383,95
deep_slow,4,632,0.5010584216938428,1.2606136002670871,383,95
deep_slow,4,633,0.5009866218060596,1.2605362702963292,383,95
deep_slow,4,634,0.5006758273708128,1.2602997820199264,383,95
deep_slow,4,635,0.5005495126960421,1.2603027714500767,383,95
deep_slow,4,636,0.5000816246751422,1.2605703872659313,383,95
deep_slow,4,637,0.49982223501259276,1.26063354792742,383,95
deep_slow,4,638,0.4996010478814686,1.260728801240644,383,95
deep_slow,4,639,0.49954299629364124,1.2606000201932965,383,95
deep_slow,4,640,0.49932385881846414,1.2604650927518781,383,95
deep_slow,4,641,0.49894069241531835,1.2602877554793646,383,95
deep_slow,4,642,0.4987903125690486,1.2599956927129683,383,95
deep_slow,4,643,0.49845064030697006,1.259798245632013,383,95
deep_slow,4,644,0.4982958388242156,1.2598411685782542,383,95
deep_slow,4,645,0.4980090119494214,1.259693642419165,383,95
deep_slow,4,646,0.49788638076120817,1.2599008010989527,383,95
deep_slow,4,647,0.4977880101892158,1.2599177293786235,383,95
deep_slow,4,648,0.49751470318692487,1.2598286917638482,383,95
deep_slow,4,649,0.49744450381995226,1.2597872590958652,383,95
deep_slow,4,650,0.4973263844277061,1.259777560314868,383,95
deep_slow,4,651,0.497249625712222,1.2597284510714142,383,95
deep_slow,4,652,0.4969361982172774,1.2599040402809556,383,95
deep_slow,4,653,0.4968769424349771,1.2597860676292596,383,95
deep_slow,4,654,0.49674195251774,1.2598211133073232,383,95
deep_slow,4,655,0.49661343858814155,1.2598389609954916,383,95
deep_slow,4,656,0.49643534067913975,1.2599067675642426,383,95
deep_slow,4,657,0.4963075733440794,1.2599268761966436,383,95
deep_slow,4,658,0.49619193428651714,1.259885346301092,383,95
deep_slow,4,659,0.4959686201903865,1.2599136845787722,383,95
deep_slow,4,660,0.49568151311988634,1.2597604822692305,383,95
deep_slow,4,661,0.49543354252948546,1.259874548194143,383,95
deep_slow,4,662,0.4952549611781796,1.2598058601912565,383,95
deep_slow,4,663,0.4950033392626355,1.259837932774273,383,95
deep_slow,4,664,0.4947975772147141,1.2597652176198861,383,95
deep_slow,4,665,0.494511043831219,1.2598385396987801,383,95
deep_slow,4,666,0.4943531212506998,1.2598355414640456,383,95
deep_slow,4,667,0.49424818148606886,1.2602474434595408,383,95
deep_slow,4,668,0.4941194304900286,1.2604167410497928,383,95
deep_slow,4,669,0.4939672879794669,1.260452447208578,383,95
deep_slow,4,670,0.4936913526041126,1.260434419647745,383,95
deep_slow,4,671,0.4934408115898322,1.260373515304813,383,95
deep_slow,4,672,0.493183888326987,1.260114826077046,383,95
deep_slow,4,673,0.4931139256178672,1.260303452044772,383,95
deep_slow,4,674,0.4930139174868553,1.2602651768051816,383,95
deep_slow,4,675,0.49273973328924636,1.2600807965051999,383,95
deep_slow,4,676,0.4925721258811141,1.2598509138137202,383,95
deep_slow,4,677,0.49253105058826574,1.2598527832495865,383,95
deep_slow,4,678,0.49244780844228486,1.2598003529698767,383,95
deep_slow,4,679,0.4923600619261614,1.25980739545145,383,95
deep_slow,4,680,0.49194474376728137,1.2595072255303927,383,95
deep_slow,4,681,0.4918652026461666,1.2594717787298322,383,95
deep_slow,4,682,0.49158076822074276,1.2589860859001358,383,95
deep_slow,4,683,0.4914541853197336,1.2589689265011883,383,95
deep_slow,4,684,0.49115018583402614,1.2594134083384003,383,95
deep_slow,4,685,0.4909455401783856,1.2591562891644086,383,95
deep_slow,4,686,0.4906714327379452,1.2590615842493285,383,95
deep_slow,4,687,0.49052937068335906,1.259180400412346,383,95
deep_slow,4,688,0.49030109121296406,1.2590456682564228,383,95
deep_slow,4,689,0.4900567381491828,1.2589314857976672,383,95
deep_slow,4,690,0.490014001025678,1.258904424164806,383,95
deep_slow,4,691,0.4897967678352418,1.2589173008830485,383,95
deep_slow,4,692,0.48948993285698666,1.2588603494875836,383,95
deep_slow,4,693,0.48922558867903515,1.258797217114405,383,95
deep_slow,4,694,0.48899585780296767,1.2587639620374664,383,95
deep_slow,4,695,0.48892552322221966,1.2586836366918728,383,95
deep_slow,4,696,0.48884161536023524,1.2587035254577588,383,95
deep_slow,4,697,0.48862919334971266,1.2586507922964378,383,95
deep_slow,4,698,0.4884735066949101,1.2588398238560716,383,95
deep_slow,4,699,0.48838377084649354,1.2591218366789543,383,95
deep_slow,4,700,0.4882431128896344,1.2595166378766378,383,95
deep_slow,4,701,0.48814862222156846,1.2595812454963529,383,95
deep_slow,4,702,0.48807155600971874,1.2595790488212153,383,95
deep_slow,4,703,0.48779531894101513,1.2594959680083513,383,95
deep_slow,4,704,0.4875888474257907,1.2595014086906302,383,95
deep_slow,4,705,0.4873300937944674,1.2596060015742063,383,95
deep_slow,4,706,0.48720150251105737,1.2596630467703154,383,95
deep_slow,4,707,0.486894187630708,1.2598165440657458,383,95
deep_slow,4,708,0.4867917033617386,1.2598998720964472,383,95
deep_slow,4,709,0.48641861920269874,1.260038572485839,383,95
deep_slow,4,710,0.4861983461750716,1.2603346921761733,383,95
deep_slow,4,711,0.48612777116397815,1.2603579798062028,383,95
deep_slow,4,712,0.486058282020359,1.2603432456014125,383,95
deep_slow,4,713,0.4860195508739956,1.2603454700333991,383,95
deep_slow,4,714,0.4859631724267725,1.260353344760545,383,95
deep_slow,4,715,0.48582032764632305,1.2605881908787908,383,95
deep_slow,4,716,0.4855605693301503,1.2605924513863298,383,95
deep_slow,4,717,0.48522413600183445,1.2605700762076704,383,95
deep_slow,4,718,0.4849653782416576,1.2605357204176015,383,95
deep_slow,4,719,0.4847671234946084,1.2607036446443247,383,95
deep_slow,4,720,0.4847211827212733,1.260655020979546,383,95
deep_slow,4,721,0.48448328756395187,1.260529243522619,383,95
deep_slow,4,722,0.48439297434610507,1.260700255003443,383,95
deep_slow,4,723,0.48420987392217346,1.2607631897703209,383,95
deep_slow,4,724,0.48398113002830334,1.2608081759071397,383,95
deep_slow,4,725,0.483722443920529,1.2606472852369952,383,95
deep_slow,4,726,0.483485617346077,1.260579777687885,383,95
deep_slow,4,727,0.48341876222785907,1.26068885138448,383,95
deep_slow,4,728,0.48339077637710076,1.2606266211155397,383,95
deep_slow,4,729,0.4832290960454159,1.2601434981126507,383,95
deep_slow,4,730,0.4829043691659622,1.2599003110947748,383,95
deep_slow,4,731,0.4828102932248421,1.259930391058395,383,95
deep_slow,4,732,0.48261357207437955,1.259931498670027,383,95
deep_slow,4,733,0.4823836733898741,1.2599914041631075,383,95
deep_slow,4,734,0.4821636870828314,1.2601623713293642,383,95
deep_slow,4,735,0.48196539049563036,1.2599180306010138,383,95
deep_slow,4,736,0.48179018821829006,1.259572663076667,383,95
deep_slow,4,737,0.48176074626852733,1.2595460329233326,383,95
deep_slow,4,738,0.48171126410474263,1.2595285702129944,383,95
deep_slow,4,739,0.481579133000781,1.2596413907043773,383,95
deep_slow,4,740,0.4812288169062808,1.2594560897805518,383,95
deep_slow,4,741,0.4810714424870207,1.2593148099806135,383,95
deep_slow,4,742,0.480880553828039,1.259384780679638,383,95
deep_slow,4,743,0.48075656077760703,1.259426649132114,383,95
deep_slow,4,744,0.48063852785392364,1.2595645423750434,383,95
deep_slow,4,745,0.4804701027408216,1.259530669805932,383,95
deep_slow,4,746,0.4802045872784276,1.2591999647022853,383,95
deep_slow,4,747,0.47991221918281357,1.2592795663220082,383,95
deep_slow,4,748,0.47968816470319664,1.25928990018071,383,95
deep_slow,4,749,0.47949266656582457,1.2593179947937627,383,95
deep_slow,4,750,0.47946095574354086,1.259266525656795,383,95
deep_slow,4,751,0.47919677099324764,1.2592024722238704,383,95
deep_slow,4,752,0.4791611597043484,1.2592322062093784,383,95
deep_slow,4,753,0.47899950561556764,1.259246307643288,383,95
deep_slow,4,754,0.4788528733514672,1.2589204237358707,383,95
deep_slow,4,755,0.4788192629140781,1.2588522559405617,383,95
deep_slow,4,756,0.4786816383240549,1.2588089508596425,383,95
deep_slow,4,757,0.47847970922270755,1.2586688939204744,383,95
deep_slow,4,758,0.47830410053717853,1.258751373837748,383,95
deep_slow,4,759,0.4780807281226353,1.258744338103265,383,95
deep_slow,4,760,0.4779886662185972,1.2587358469544219,383,95
deep_slow,4,761,0.4778855081173812,1.2588547214069419,383,95
deep_slow,4,762,0.4777218034658303,1.2585376287505543,383,95
deep_slow,4,763,0.4775369962030495,1.258336457339302,383,95
deep_slow,4,764,0.47744440958061735,1.2584430685432304,383,95
deep_slow,4,765,0.47741507352295404,1.2583957536522943,383,95
deep_slow,4,766,0.4772332970501589,1.2585786979241116,383,95
deep_slow,4,767,0.477033753829789,1.2584523183401686,383,95
deep_slow,4,768,0.4769185481199425,1.2582507849280546,383,95
deep_slow,4,769,0.47676681015288996,1.2580967968414283,383,95
deep_slow,4,770,0.47661145550991446,1.2580655669030965,383,95
deep_slow,4,771,0.47638563569348447,1.258093594843491,383,95
deep_slow,4,772,0.47624349495676394,1.2584150711894597,383,95
deep_slow,4,773,0.4760586570358968,1.2583936100451427,383,95
deep_slow,4,774,0.4760138366789499,1.258396236472919,383,95
deep_slow,4,775,0.47579282765959935,1.2583370071696716,383,95
deep_slow,4,776,0.47571777911050056,1.2584287228425237,383,95
deep_slow,4,777,0.47554515854907653,1.258285036908156,383,95
deep_slow,4,778,0.4755032890912024,1.258285565028848,383,95
deep_slow,4,779,0.4753768765064797,1.258196022110194,383,95
deep_slow,4,780,0.47521346955504934,1.2580799012255615,383,95
deep_slow,4,781,0.4750320302813765,1.2580025462927973,383,95
deep_slow,4,782,0.4749123796319272,1.258064240400177,383,95
deep_slow,4,783,0.4748242564721543,1.2579880218029287,383,95
deep_slow,4,784,0.474698917408655,1.2580956754377584,383,95
deep_slow,4,785,0.47461368590286135,1.258161752575139,383,95
deep_slow,4,786,0.4745518441342802,1.258251914538527,383,95
deep_slow,4,787,0.47428891472487966,1.2581695609756902,383,95
deep_slow,4,788,0.4741042562457847,1.258070317063346,383,95
deep_slow,4,789,0.4740433854619699,1.2580746424565823,383,95
deep_slow,4,790,0.47378427379876553,1.2580727075368596,383,95
deep_slow,4,791,0.47375515018682907,1.2580863915958462,383,95
deep_slow,4,792,0.4736785414751329,1.2579669718318882,383,95
deep_slow,4,793,0.4735224601992068,1.2581041028478888,383,95
deep_slow,4,794,0.4734268396950619,1.2580154567281392,383,95
deep_slow,4,795,0.47328590928379083,1.2580071839692786,383,95
deep_slow,4,796,0.4731575515145041,1.2578098845316206,383,95
deep_slow,4,797,0.4731277516431341,1.2578338523778474,383,95
deep_slow,4,798,0.47300343685928253,1.2580284105757635,383,95
deep_slow,4,799,0.4727737266315295,1.2576332773605563,383,95
deep_slow,4,800,0.47261205005666757,1.257627048947058,383,95
compact,5,1,2.6295941894104904,2.5728250608096825,382,96
compact,5,2,2.579149779453531,2.5427743735686703,382,96
compact,5,3,2.5358921000283097,2.520444619961993,382,96
compact,5,4,2.4916012264549243,2.4888279804099995,382,96
compact,5,5,2.451009943492157,2.4611933874432532,382,96
compact,5,6,2.3934980907934835,2.423189791625881,382,96
compact,5,7,2.3579813402903733,2.4038946059656374,382,96
compact,5,8,2.32075079577984,2.3794925271428338,382,96
compact,5,9,2.2868148659383896,2.3623164078240566,382,96
compact,5,10,2.250514395800368,2.340879654625837,382,96
compact,5,11,2.2066283289781694,2.3207479032103207,382,96
compact,5,12,2.16738153254172,2.294067539500971,382,96
compact,5,13,2.1311706030837874,2.272956984818343,382,96
compact,5,14,2.101788054191245,2.244483575707705,382,96
compact,5,15,2.0671618994387515,2.222367370166498,382,96
compact,5,16,2.0255075254037584,2.191604058353075,382,96
compact,5,17,1.996981933512517,2.167482542171028,382,96
compact,5,18,1.9658271389161965,2.1397620344609165,382,96
compact,5,19,1.9408830306271017,2.1245611650257064,382,96
compact,5,20,1.9141694124675028,2.1113800150542987,382,96
compact,5,21,1.8874477997677377,2.0952502482580138,382,96
compact,5,22,1.8633006801458425,2.0769626542513,382,96
compact,5,23,1.8396133933828007,2.062385672255683,382,96
compact,5,24,1.819157527613913,2.0512187874995322,382,96
compact,5,25,1.7922888647555681,2.033426025515344,382,96
compact,5,26,1.7724835930267204,2.0159719363113413,382,96
compact,5,27,1.7438809982126984,1.9929423159821131,382,96
compact,5,28,1.721652760645363,1.9819125586649267,382,96
compact,5,29,1.7022502745026522,1.9755732485209008,382,96
compact,5,30,1.6713343253511994,1.9524744038952313,382,96
compact,5,31,1.6586286373197718,1.940544521055381,382,96
compact,5,32,1.644152454438822,1.9325794933963998,382,96
compact,5,33,1.6265613385701214,1.9244387684166466,382,96
compact,5,34,1.601192419107111,1.902512897615435,382,96
compact,5,35,1.583960517743131,1.8898991982930167,382,96
compact,5,36,1.5714717177696063,1.8838767303766009,382,96
compact,5,37,1.5507990896786872,1.8651000002250797,382,96
compact,5,38,1.5364313290619036,1.8586995794136805,382,96
compact,5,39,1.5230732284439543,1.8553410016920076,382,96
compact,5,40,1.5144545561938563,1.8501504366550208,382,96
compact,5,41,1.4988889206691456,1.8410073148618136,382,96
compact,5,42,1.4867219934318021,1.831336223857104,382,96
compact,5,43,1.471966752177602,1.821506319228662,382,96
compact,5,44,1.454651754625514,1.812957417644856,382,96
compact,5,45,1.44821257871353,1.8122362748509604,382,96
compact,5,46,1.4357112592605943,1.8090969984637395,382,96
compact,5,47,1.4260504571480546,1.8003431035157154,382,96
compact,5,48,1.4124049880494807,1.7910686636924291,382,96
compact,5,49,1.3993614726835482,1.7854345829465947,382,96
compact,5,50,1.3913055218623014,1.7854154946439675,382,96
compact,5,51,1.3794225829982318,1.778669504167145,382,96
compact,5,52,1.3678650106811903,1.772147865485552,382,96
compact,5,53,1.359596850385206,1.76889027382375,382,96
compact,5,54,1.348509027022279,1.7636780787970832,382,96
compact,5,55,1.3384217654573485,1.75943585415307,382,96
compact,5,56,1.3284344068727056,1.7545419932442898,382,96
compact,5,57,1.3182662989584784,1.748409702940921,382,96
compact,5,58,1.311421414348252,1.7458347148575832,382,96
compact,5,59,1.3030029487660617,1.7426922778029308,382,96
compact,5,60,1.29106633731921,1.7357082199874034,382,96
compact,5,61,1.281345151068,1.728673483077128,382,96
compact,5,62,1.2750658497653358,1.7265554603620556,382,96
compact,5,63,1.2664041850524885,1.7214632549668825,382,96
compact,5,64,1.25976139987344,1.7183491598740512,382,96
compact,5,65,1.2525348391312383,1.7154395877389994,382,96
compact,5,66,1.2459364986532224,1.71366475817935,382,96
compact,5,67,1.242501196886866,1.713781208121474,382,96
compact,5,68,1.2356199069225402,1.7105996372045869,382,96
compact,5,69,1.2290744960034279,1.703380252934829,382,96
compact,5,70,1.2234385710974744,1.698147572328741,382,96
compact,5,71,1.2162020380147773,1.6918151993493615,382,96
compact,5,72,1.2073718542279723,1.6849205178265807,382,96
compact,5,73,1.2038909481695093,1.6803362797123036,382,96
compact,5,74,1.1987563798443592,1.6785420058796723,382,96
compact,5,75,1.192802547747271,1.6759639684576242,382,96
compact,5,76,1.1875365102922708,1.6730607745664712,382,96
compact,5,77,1.1803651904754813,1.6674338695249595,382,96
compact,5,78,1.1752740048535426,1.6646261046764372,382,96
compact,5,79,1.1693617303300006,1.6618252772366515,382,96
compact,5,80,1.1674488902538969,1.660560052539088,382,96
compact,5,81,1.1623936145387663,1.6578887377619969,382,96
compact,5,82,1.1550073432191674,1.6492786078661221,382,96
compact,5,83,1.1475741105371478,1.647333762566348,382,96
compact,5,84,1.142262486330221,1.6442050100355232,382,96
compact,5,85,1.1332431491219388,1.637915168885346,382,96
compact,5,86,1.1282036779362477,1.6341109639430567,382,96
compact,5,87,1.123113945292097,1.6271351795264435,382,96
compact,5,88,1.1186167573745998,1.6217154807164513,382,96
compact,5,89,1.1119311591171888,1.6141176548617528,382,96
compact,5,90,1.107977319109606,1.610900990712826,382,96
compact,5,91,1.1041711936932568,1.6061118420793519,382,96
compact,5,92,1.098586481320439,1.6023076186247303,382,96
compact,5,93,1.0949992487518991,1.5993578781644984,382,96
compact,5,94,1.0926712635478244,1.598758908045494,382,96
compact,5,95,1.088076116007756,1.5941222610743475,382,96
compact,5,96,1.0840629024774437,1.5894919184129987,382,96
compact,5,97,1.079896834498316,1.5880323904324813,382,96
compact,5,98,1.0777215654396033,1.5881821536178453,382,96
compact,5,99,1.0722669445968946,1.5832974707980372,382,96
compact,5,100,1.0692399509941353,1.5808818188978693,382,96
compact,5,101,1.0617279499737917,1.5773255411886142,382,96
compact,5,102,1.0554378505302966,1.574573801468447,382,96
compact,5,103,1.0512269236943894,1.5719294093104834,382,96
compact,5,104,1.048585568378059,1.5723046606263529,382,96
compact,5,105,1.0449716366283615,1.5701898981007418,382,96
compact,5,106,1.0416857933096915,1.5662274419003928,382,96
compact,5,107,1.039209513495447,1.566567490600233,382,96
compact,5,108,1.0345469507747125,1.5640960198624372,382,96
compact,5,109,1.0303152480115496,1.5632358537995268,382,96
compact,5,110,1.0268556866117589,1.559899549532057,382,96
compact,5,111,1.023749221553103,1.5577628215902974,382,96
compact,5,112,1.0208633972033552,1.5548937136292094,382,96
compact,5,113,1.0161920190754723,1.5509112846324984,382,96
compact,5,114,1.0128749870127527,1.550518374942945,382,96
compact,5,115,1.0103813906237225,1.5480100161872785,382,96
compact,5,116,1.005326071199046,1.5453013661678967,382,96
compact,5,117,1.0022344907884828,1.543252869965228,382,96
compact,5,118,0.9975887561216629,1.541509966549862,382,96
compact,5,119,0.9947327114549483,1.541165327374091,382,96
compact,5,120,0.9925639365744466,1.5393766103826247,382,96
compact,5,121,0.9902293683240634,1.53760876202436,382,96
compact,5,122,0.9865170869807303,1.534244892774162,382,96
compact,5,123,0.9843495446696807,1.5339674624996307,382,96
compact,5,124,0.980345682795005,1.5301004042677424,382,96
compact,5,125,0.9775500726647042,1.5300033802877007,382,96
compact,5,126,0.9746732527159004,1.528310016887875,382,96
compact,5,127,0.9707920639164945,1.5266566469269554,382,96
compact,5,128,0.9691825261033334,1.5261109440466245,382,96
compact,5,129,0.9653017782969406,1.5229624414236695,382,96
compact,5,130,0.9629277313335384,1.5212749165232755,382,96
compact,5,131,0.9607130127072092,1.5191452718984415,382,96
compact,5,132,0.955585530584753,1.5185827376894587,382,96
compact,5,133,0.9534399784986334,1.518107760571162,382,96
compact,5,134,0.9511339451217949,1.5151099629822418,382,96
compact,5,135,0.9487856604953108,1.5161692551426145,382,96
compact,5,136,0.9472225573594562,1.516093559837202,382,96
compact,5,137,0.9437756176456003,1.5138969192623806,382,96
compact,5,138,0.9419658123976861,1.513840053906363,382,96
compact,5,139,0.9389084692358473,1.5121020627443431,382,96
compact,5,140,0.9360788812785874,1.5091115282937093,382,96
compact,5,141,0.933575898934609,1.5081581873993004,382,96
compact,5,142,0.929501831086014,1.5072272230205541,382,96
compact,5,143,0.9273591784128481,1.507305950058237,382,96
compact,5,144,0.9250886748695577,1.5056621163336046,382,96
compact,5,145,0.9228112092107144,1.5028174938509973,382,96
compact,5,146,0.9186200246585767,1.501470666123696,382,96
compact,5,147,0.9142658503265266,1.5012003216051757,382,96
compact,5,148,0.9121636901148171,1.500169707179033,382,96
compact,5,149,0.9089997134656952,1.4988509302683513,382,96
compact,5,150,0.9064469545594026,1.4987122498325904,382,96
compact,5,151,0.9043794155766877,1.4960767139499764,382,96
compact,5,152,0.9010505342759513,1.4944858775704692,382,96
compact,5,153,0.8990574086565074,1.4930786432076177,382,96
compact,5,154,0.8967373932415653,1.4917093146947524,382,96
compact,5,155,0.8951599184541369,1.4916573416039653,382,96
compact,5,156,0.8917452089258248,1.4906997922735334,382,96
compact,5,157,0.8904063406277631,1.4904495179791317,382,96
compact,5,158,0.8858184029691253,1.4879056420030776,382,96
compact,5,159,0.8816570012694382,1.4848587610035313,382,96
compact,5,160,0.8796737831233362,1.482789169887153,382,96
compact,5,161,0.8748615845701642,1.4768886740135636,382,96
compact,5,162,0.8724632022731337,1.478324909777208,382,96
compact,5,163,0.8678394917617962,1.4726470573946024,382,96
compact,5,164,0.8632945392964865,1.4709128866358572,382,96
compact,5,165,0.8601978580779034,1.4684653706695923,382,96
compact,5,166,0.8581201747819441,1.4662340163521936,382,96
compact,5,167,0.8553367052752754,1.4658006756963704,382,96
compact,5,168,0.8538036198528833,1.4656348064180527,382,96
compact,5,169,0.8503662823907709,1.4648818529839585,382,96
compact,5,170,0.8484988214858444,1.4657123279747963,382,96
compact,5,171,0.84634359813787,1.4629331782182948,382,96
compact,5,172,0.8443260594695525,1.4617634671031348,382,96
compact,5,173,0.8398362867505775,1.4602628724225757,382,96
compact,5,174,0.8370640095414649,1.4588553163759665,382,96
compact,5,175,0.8360894964338473,1.4587356619157033,382,96
compact,5,176,0.8329029139077206,1.4581201811591025,382,96
compact,5,177,0.8312852187700619,1.4577638698334827,382,96
compact,5,178,0.8289750558640814,1.4573174939511138,382,96
compact,5,179,0.827318667045979,1.4561851941111612,382,96
compact,5,180,0.8261894457075475,1.4545664493859791,382,96
compact,5,181,0.8248425774340745,1.4541968717960763,382,96
compact,5,182,0.8230346530660237,1.4546793228290078,382,96
compact,5,183,0.8205809250503581,1.452008147483587,382,96
compact,5,184,0.817657955592112,1.4502033410664168,382,96
compact,5,185,0.8168173844872586,1.4498822937961253,382,96
compact,5,186,0.8147642761965044,1.4487469752792654,382,96
compact,5,187,0.812317344552742,1.4497426403337075,382,96
compact,5,188,0.8099625329216517,1.4497993150989053,382,96
compact,5,189,0.8078835747978629,1.4489571433434325,382,96
compact,5,190,0.804778040602386,1.4505710931050282,382,96
compact,5,191,0.8038370412175203,1.4504699483332792,382,96
compact,5,192,0.8029464712364429,1.450372042528721,382,96
compact,5,193,0.8004325431697463,1.4493917003479908,382,96
compact,5,194,0.7974362626926026,1.448752719110351,382,96
compact,5,195,0.7947263244353493,1.4477472947864105,382,96
compact,5,196,0.7923804465062172,1.4476376019482198,382,96
compact,5,197,0.790734453218555,1.4474139904795131,382,96
compact,5,198,0.7875654951449476,1.4452783574564245,382,96
compact,5,199,0.785776678955413,1.4436859613466229,382,96
compact,5,200,0.784246761903714,1.4431465103231425,382,96
compact,5,201,0.7809959993672521,1.4416742350639964,382,96
compact,5,202,0.7778873716368209,1.4420651190423406,382,96
compact,5,203,0.7749205552144397,1.4416893864937832,382,96
compact,5,204,0.7733938054956332,1.4403832984801161,382,96
compact,5,205,0.7724141350301789,1.4405670769982277,382,96
compact,5,206,0.7709361522269065,1.4410001750442964,382,96
compact,5,207,0.7695966886605975,1.440562165763428,382,96
compact,5,208,0.7677753074592273,1.4390466451945285,382,96
compact,5,209,0.7659623409897007,1.4365825897845321,382,96
compact,5,210,0.7622934409377811,1.4373843759436962,382,96
compact,5,211,0.7606550217916525,1.4362655059040712,382,96
compact,5,212,0.758812597614484,1.4363116580129882,382,96
compact,5,213,0.7580035857733904,1.4355640424852238,382,96
compact,5,214,0.7542874045522384,1.4346013400230497,382,96
compact,5,215,0.753079811245366,1.4332991672595576,382,96
compact,5,216,0.7496524537224554,1.4324250817194584,382,96
compact,5,217,0.7464341188393965,1.4331882690642852,382,96
compact,5,218,0.7457254456228036,1.4324905251394946,382,96
compact,5,219,0.7447121757478502,1.432866570340348,382,96
compact,5,220,0.7428168539862376,1.4317216989565855,382,96
compact,5,221,0.7416929945801762,1.4315647567005614,382,96
compact,5,222,0.7405726896229596,1.430377544989328,382,96
compact,5,223,0.7398773422176088,1.4302838652877075,382,96
compact,5,224,0.7379401003844414,1.4306066193648617,382,96
compact,5,225,0.7366664976534009,1.4310282394646434,382,96
compact,5,226,0.7347860835928328,1.4292988903974886,382,96
compact,5,227,0.7330439691140391,1.4289419050338135,382,96
compact,5,228,0.7313967856099978,1.42947635857704,382,96
compact,5,229,0.730292116959588,1.429210490113911,382,96
compact,5,230,0.727875288729995,1.4274164098668392,382,96
compact,5,231,0.7259210404624069,1.4281018626529247,382,96
compact,5,232,0.7237122135006041,1.4261508985583418,382,96
compact,5,233,0.7228732612785613,1.426303823724087,382,96
compact,5,234,0.7206387208964765,1.4252882813716976,382,96
compact,5,235,0.71979337844464,1.4257500136763417,382,96
compact,5,236,0.7177658447758676,1.424204235582465,382,96
compact,5,237,0.7171371291115155,1.4241344763806898,382,96
compact,5,238,0.7146667237127281,1.4225356273432803,382,96
compact,5,239,0.712948875307686,1.4218873133438927,382,96
compact,5,240,0.7107809592553873,1.42152989572706,382,96
compact,5,241,0.7093817264446052,1.4215367832974433,382,96
compact,5,242,0.7086214615784889,1.4202046649532272,382,96
compact,5,243,0.7068862245278319,1.4203288944105672,382,96
compact,5,244,0.7058655996193074,1.4192802742248802,382,96
compact,5,245,0.7048970050326773,1.419586939823701,382,96
compact,5,246,0.7037654240015606,1.4185937418101553,382,96
compact,5,247,0.7018024309962645,1.4168672344101805,382,96
compact,5,248,0.7012761887195853,1.4168700521068396,382,96
compact,5,249,0.7007246643643837,1.4170511736813396,382,96
compact,5,250,0.6998656619177805,1.4171368253786096,382,96
compact,5,251,0.6978540219489442,1.4171770866776263,382,96
compact,5,252,0.6961108016763884,1.4174880508613483,382,96
compact,5,253,0.6944965642069231,1.415486793249332,382,96
compact,5,254,0.6940083864699276,1.4158123430658507,382,96
compact,5,255,0.6925121610289537,1.4159370424188078,382,96
compact,5,256,0.6910130308729157,1.4155665199409702,382,96
compact,5,257,0.6903016571375479,1.4154826170543477,382,96
compact,5,258,0.6897732506612847,1.4154281407356417,382,96
compact,5,259,0.6894091414862387,1.4156481234891463,382,96
compact,5,260,0.6888503996787242,1.4154904464547666,382,96
compact,5,261,0.6884223906086893,1.4154969464088072,382,96
compact,5,262,0.6877716074033544,1.4153589836496148,382,96
compact,5,263,0.6856399878735973,1.4144953340219146,382,96
compact,5,264,0.6841276836271216,1.4133423176473359,382,96
compact,5,265,0.6829097513341151,1.4124822129162389,382,96
compact,5,266,0.6823915830152057,1.4132565669705108,382,96
compact,5,267,0.681937597659901,1.4132059395222172,382,96
compact,5,268,0.6795966519445491,1.4139943303289784,382,96
compact,5,269,0.6775783089756245,1.4137635392110635,382,96
compact,5,270,0.6766948783610929,1.4134428469919404,382,96
compact,5,271,0.6741914209180931,1.4132536375119418,382,96
compact,5,272,0.6735491320996787,1.4129932637352733,382,96
compact,5,273,0.6712986619218172,1.4110162853656352,382,96
compact,5,274,0.6708975956739525,1.4109323423526146,382,96
compact,5,275,0.6703796367399811,1.4114753020261273,382,96
compact,5,276,0.6691720702712941,1.4110565950702145,382,96
compact,5,277,0.668742883248563,1.4110911255207454,382,96
compact,5,278,0.6678475857521692,1.4103573476699212,382,96
compact,5,279,0.6664322557324427,1.4104108944562592,382,96
compact,5,280,0.6651373133586227,1.4095257176713105,382,96
compact,5,281,0.6640019805615078,1.407679546122687,382,96
compact,5,282,0.6621391319325103,1.4071944161395162,382,96
compact,5,283,0.6603418895683704,1.4075009935116043,382,96
compact,5,284,0.6581967322735434,1.4077116572596797,382,96
compact,5,285,0.6571949331889376,1.4072476529622953,382,96
compact,5,286,0.6560107757310475,1.4067777307474594,382,96
compact,5,287,0.6554160230574013,1.40709942461496,382,96
compact,5,288,0.6544716204579788,1.406622417782295,382,96
compact,5,289,0.6539601892865848,1.4065941935098794,382,96
compact,5,290,0.6533552930512744,1.4065265028780343,382,96
compact,5,291,0.6528259527798435,1.4061913353293347,382,96
compact,5,292,0.6511880055323451,1.4057232886865363,382,96
compact,5,293,0.649765483591192,1.4052674135361132,382,96
compact,5,294,0.6483108087208901,1.403936133765012,382,96
compact,5,295,0.6480197935179765,1.4038971181451594,382,96
compact,5,296,0.6475588754824045,1.4037452339780108,382,96
compact,5,297,0.6467891894926651,1.4024759618832343,382,96
compact,5,298,0.646455070188641,1.402408049699865,382,96
compact,5,299,0.6456640329263392,1.4027711028140635,382,96
compact,5,300,0.6451741343761889,1.4024461671143358,382,96
compact,5,301,0.6440033314043144,1.4025305456517887,382,96
compact,5,302,0.6429547478951227,1.4010104819677567,382,96
compact,5,303,0.6417473953794629,1.4006260446730885,382,96
compact,5,304,0.6406397871420496,1.4001271620935338,382,96
compact,5,305,0.6399706115462395,1.3993238890997233,382,96
compact,5,306,0.6390771253778056,1.3989696243577534,382,96
compact,5,307,0.6377963669043236,1.3988405367161232,382,96
compact,5,308,0.6366618963958277,1.3982733324583454,382,96
compact,5,309,0.6351715345829076,1.397796845343992,382,96
compact,5,310,0.6337417830836614,1.3973080067082664,382,96
compact,5,311,0.632204519891794,1.3964061559876504,382,96
compact,5,312,0.6317500847609123,1.396411284864782,382,96
compact,5,313,0.6314725647279689,1.3963335555621104,382,96
compact,5,314,0.6310415829279491,1.3962316819919829,382,96
compact,5,315,0.6303278374733825,1.396486908281789,382,96
compact,5,316,0.6295203583749626,1.3955797420784646,382,96
compact,5,317,0.628651842954941,1.394947968770881,382,96
compact,5,318,0.627528385212933,1.3950275120036364,382,96
compact,5,319,0.6262464657683129,1.3936601056612652,382,96
compact,5,320,0.6255425011398781,1.3929836830065263,382,96
compact,5,321,0.624106856109885,1.3920071105337246,382,96
compact,5,322,0.6234683212920255,1.3914476901318968,382,96
compact,5,323,0.623051138519626,1.3916799039831236,382,96
compact,5,324,0.6226360313327635,1.391423682744798,382,96
compact,5,325,0.6213703909506798,1.3913886379273208,382,96
compact,5,326,0.621139547797926,1.391285054464717,382,96
compact,5,327,0.6199633369298082,1.391512326570401,382,96
compact,5,328,0.6189734415193361,1.3914012257812838,382,96
compact,5,329,0.6179049550358223,1.3915095117775613,382,96
compact,5,330,0.6166341966424419,1.3914799744587336,382,96
compact,5,331,0.6155589046016516,1.3927664767995098,382,96
compact,5,332,0.6148544443198529,1.391000472440796,382,96
compact,5,333,0.6137030792689696,1.3903768422255518,382,96
compact,5,334,0.6127080516981633,1.3905056084096252,382,96
compact,5,335,0.6123046321069067,1.389561867711683,382,96
compact,5,336,0.6107285082413628,1.38948790987368,382,96
compact,5,337,0.610339605838805,1.3891948676113621,382,96
compact,5,338,0.6092247063631707,1.3899786026694225,382,96
compact,5,339,0.6087758254678592,1.3899746422541006,382,96
compact,5,340,0.6082254581975765,1.3896817557663923,382,96
compact,5,341,0.6073006002929682,1.3876612891503783,382,96
compact,5,342,0.606825461497055,1.3880547368839378,382,96
compact,5,343,0.6063248535152514,1.3879904987356297,382,96
compact,5,344,0.6059199768550585,1.3879567929145478,382,96
compact,5,345,0.6047861825996376,1.3872005826596505,382,96
compact,5,346,0.6044462815709053,1.3863536301579285,382,96
compact,5,347,0.6034021360047817,1.3859764590495272,382,96
compact,5,348,0.6020098960948739,1.3865781908496193,382,96
compact,5,349,0.6012692081822484,1.3861684936397165,382,96
compact,5,350,0.6003325345615619,1.385838096472302,382,96
compact,5,351,0.5996021576504452,1.3858140509684438,382,96
compact,5,352,0.599283280215594,1.3855066102045053,382,96
compact,5,353,0.5990133256717922,1.385486976608098,382,96
compact,5,354,0.5978266043693456,1.384942327503799,382,96
compact,5,355,0.5963514821452073,1.384731264141702,382,96
compact,5,356,0.5953965455636515,1.3844216964229918,382,96
compact,5,357,0.5946395046841721,1.3850335363298956,382,96
compact,5,358,0.5937464705055966,1.3842361282644078,382,96
compact,5,359,0.5927322057086528,1.3843385953186433,382,96
compact,5,360,0.5924507412830269,1.3842706234167348,382,96
compact,5,361,0.5913952986478072,1.382884917962064,382,96
compact,5,362,0.5906963053933263,1.3828142690398297,382,96
compact,5,363,0.5903162437182684,1.3820479316772945,382,96
compact,5,364,0.5898003077589646,1.3813877457523,382,96
compact,5,365,0.588755861892223,1.38157988187782,382,96
compact,5,366,0.5876695597379636,1.380594241922785,382,96
compact,5,367,0.5873847206520494,1.380605061036982,382,96
compact,5,368,0.5864341850391103,1.3804829771574634,382,96
compact,5,369,0.5854947346647282,1.379555215240444,382,96
compact,5,370,0.5843830658028908,1.3796266963088482,382,96
compact,5,371,0.5836043062847692,1.3786279302137128,382,96
compact,5,372,0.5825863373298406,1.378224324701533,382,96
compact,5,373,0.5823131158437964,1.3782298572026292,382,96
compact,5,374,0.5815443226337929,1.378302183952964,382,96
compact,5,375,0.58057967066641,1.3780798725831604,382,96
compact,5,376,0.5798915390045558,1.3772408641475278,382,96
compact,5,377,0.5790886328593542,1.377572656537907,382,96
compact,5,378,0.578086589876587,1.3774846775838863,382,96
compact,5,379,0.5769837154258327,1.375994965138827,382,96
compact,5,380,0.5761893376483314,1.3754988525195309,382,96
compact,5,381,0.5758167725018539,1.3752856288933968,382,96
compact,5,382,0.5756414793005619,1.3751817862468767,382,96
compact,5,383,0.5751522531149162,1.3750740991470665,382,96
compact,5,384,0.574610552060743,1.3741897198865505,382,96
compact,5,385,0.5737843300677407,1.3736712376834295,382,96
compact,5,386,0.5724744108209067,1.3732005853053306,382,96
compact,5,387,0.5718482907340376,1.372442256613208,382,96
compact,5,388,0.571212708972949,1.3720032533887845,382,96
compact,5,389,0.5709583293897202,1.3719766124095345,382,96
compact,5,390,0.5707895403470155,1.3718679280650594,382,96
compact,5,391,0.5697465275995245,1.3710866105769595,382,96
compact,5,392,0.5688598187379682,1.3715322844420885,382,96
compact,5,393,0.5680839661986086,1.3708608480593998,382,96
compact,5,394,0.5672964480118272,1.369532914113752,382,96
compact,5,395,0.5670495131814397,1.3693940636906297,382,96
compact,5,396,0.5660351839092747,1.3694705731087293,382,96
compact,5,397,0.565464759716731,1.3701188106352764,382,96
compact,5,398,0.5651126068440204,1.370467928829477,382,96
compact,5,399,0.5648956990393805,1.370383576683125,382,96
compact,5,400,0.5640743781181394,1.3708970926124235,382,96
base,5,1,2.632489200216301,2.5719106496357202,382,96
base,5,2,2.5657969987472,2.522671306705453,382,96
base,5,3,2.5093671184099353,2.4873598777403148,382,96
base,5,4,2.4597887555570983,2.445520661657873,382,96
base,5,5,2.405646285851541,2.41568865821103,382,96
base,5,6,2.3603119486316944,2.3721568843247813,382,96
base,5,7,2.3094327143753763,2.337590321012765,382,96
base,5,8,2.2626063387627062,2.3047657844766296,382,96
base,5,9,2.2095927767930292,2.268451963553758,382,96
base,5,10,2.178272459093815,2.2570144412549187,382,96
base,5,11,2.143609164613068,2.228873006085897,382,96
base,5,12,2.102284868258666,2.204523398520857,382,96
base,5,13,2.0603893053869884,2.1759246193120028,382,96
base,5,14,2.0296675768900614,2.1624607657239063,382,96
base,5,15,1.9914731867132975,2.1477625360407586,382,96
base,5,16,1.9571227308604162,2.1307953024396,382,96
base,5,17,1.9214184821034836,2.107171554709045,382,96
base,5,18,1.8882576585070854,2.0938182536798253,382,96
base,5,19,1.8639453879181884,2.0818756635855733,382,96
base,5,20,1.83989633620975,2.059581375446921,382,96
base,5,21,1.81617730671272,2.0493482839994908,382,96
base,5,22,1.7966636483066423,2.0386311404488864,382,96
base,5,23,1.7693109263677882,2.0218582789738635,382,96
base,5,24,1.742967881242616,2.0097244890414117,382,96
base,5,25,1.7139747546609732,2.001322513894662,382,96
base,5,26,1.6896168341433535,1.987496607549311,382,96
base,5,27,1.6713160986574993,1.975490526752664,382,96
base,5,28,1.656971453490259,1.972524213898305,382,96
base,5,29,1.6368227499209964,1.961538014950478,382,96
base,5,30,1.6116501084559078,1.9459010140664585,382,96
base,5,31,1.5864267864120811,1.9309449990601524,382,96
base,5,32,1.5709185402863783,1.9225772539354415,382,96
base,5,33,1.547134563026652,1.9111463293265165,382,96
base,5,34,1.5312949798241091,1.9018823293959704,382,96
base,5,35,1.5133921740020508,1.8922210424336985,382,96
base,5,36,1.4939796983232458,1.881984972060064,382,96
base,5,37,1.4775297855842748,1.8702224929344566,382,96
base,5,38,1.4640814651464948,1.8633480412925978,382,96
base,5,39,1.4487226611407378,1.8518141442807285,382,96
base,5,40,1.4319527053782852,1.8421737030971663,382,96
base,5,41,1.4158866115480158,1.832257311934371,382,96
base,5,42,1.4012712324112304,1.8275906993030888,382,96
base,5,43,1.391439745753751,1.8204704246586472,382,96
base,5,44,1.374952557019007,1.8087910830817973,382,96
base,5,45,1.3592538918197143,1.7971119507734405,382,96
base,5,46,1.3460987306348338,1.7885819666413534,382,96
base,5,47,1.3348439453791068,1.7795188313248773,382,96
base,5,48,1.3209519837630674,1.772149909688433,382,96
base,5,49,1.3073346478626238,1.7625847912677806,382,96
base,5,50,1.2968731494771641,1.7601056799428003,382,96
base,5,51,1.2847257480578707,1.7549740538444938,382,96
base,5,52,1.2760425919270555,1.7515541815350382,382,96
base,5,53,1.2665961078082733,1.7465813334052342,382,96
base,5,54,1.2572750132649013,1.7423336747364555,382,96
base,5,55,1.249310404926815,1.7340305935029876,382,96
base,5,56,1.2398734878177555,1.73177689968015,382,96
base,5,57,1.2338840302153544,1.7308636179036785,382,96
base,5,58,1.2230946189282341,1.7245370388486156,382,96
base,5,59,1.2142940929520116,1.718852024698625,382,96
base,5,60,1.2055031690925075,1.7100232983413262,382,96
base,5,61,1.1967965674304022,1.7054380027756586,382,96
base,5,62,1.187980994985644,1.6987310631591512,382,96
base,5,63,1.1786889867910035,1.6919229175673445,382,96
base,5,64,1.1723243199178008,1.6884373419609804,382,96
base,5,65,1.166485398961602,1.6857550403558301,382,96
base,5,66,1.1580924256539227,1.6852841421499873,382,96
base,5,67,1.1510221494352637,1.6809054596056168,382,96
base,5,68,1.1404215063492913,1.675845462865991,382,96
base,5,69,1.1341774430080866,1.668970284985611,382,96
base,5,70,1.128067724957544,1.665652410147457,382,96
base,5,71,1.1211433787506238,1.6633937081319796,382,96
base,5,72,1.1168449652535792,1.6614385587261151,382,96
base,5,73,1.1079839546834067,1.6596583081435072,382,96
base,5,74,1.0990349661900722,1.6547238068907997,382,96
base,5,75,1.093849669059885,1.6524283555013808,382,96
base,5,76,1.0865467684540913,1.6463244771091472,382,96
base,5,77,1.0807054734840766,1.6428416956261502,382,96
base,5,78,1.0751770747260483,1.6361375903351412,382,96
base,5,79,1.0681283135588298,1.6354122409997864,382,96
base,5,80,1.0650818192706,1.6348910737725486,382,96
base,5,81,1.059669259061543,1.630316003822666,382,96
base,5,82,1.054896355456693,1.6266907542100533,382,96
base,5,83,1.0497944311389809,1.6242066849518926,382,96
base,5,84,1.0457400813866304,1.621792903342609,382,96
base,5,85,1.0414710071827284,1.6193363672953296,382,96
base,5,86,1.0364223224821807,1.6137219062155643,382,96
base,5,87,1.0345537179381235,1.611746603251042,382,96
base,5,88,1.027108276186782,1.6081303793192654,382,96
base,5,89,1.0201588023721146,1.6041068478686829,382,96
base,5,90,1.0153322753866159,1.5984333559705646,382,96
base,5,91,1.0086329439551227,1.597657946748317,382,96
base,5,92,1.0063216713126908,1.5972120975873485,382,96
base,5,93,1.0016440788357015,1.5897900891133978,382,96
base,5,94,0.9977500867745672,1.5874488990313949,382,96
base,5,95,0.99352554472351,1.5849669013665546,382,96
base,5,96,0.9907716480603269,1.5843408762021538,382,96
base,5,97,0.9879101696410898,1.581770933100272,382,96
base,5,98,0.9836353900965986,1.580596937512789,382,96
base,5,99,0.9801874486506907,1.5787691701610367,382,96
base,5,100,0.9778519371067094,1.5762140087500633,382,96
base,5,101,0.9721995758316463,1.5746584432119128,382,96
base,5,102,0.9683154945761582,1.5727572056992158,382,96
base,5,103,0.9631333606628758,1.5727499974852737,382,96
base,5,104,0.9596369187615116,1.570180343666365,382,96
base,5,105,0.9548575000124918,1.5650616608719643,382,96
base,5,106,0.9509946742134866,1.5630364521889333,382,96
base,5,107,0.9472392447507331,1.5623603275315012,382,96
base,5,108,0.9430354902756493,1.5599969408145469,382,96
base,5,109,0.9394143420807597,1.5566898579639858,382,96
base,5,110,0.9364957773423594,1.5559668161631663,382,96
base,5,111,0.9325613026817029,1.554779464033741,382,96
base,5,112,0.9284230011232906,1.5524570952588617,382,96
base,5,113,0.9262565561888507,1.5502911382227254,382,96
base,5,114,0.9224395683701562,1.5478937388784697,382,96
base,5,115,0.9201941641646577,1.5470794746836438,382,96
base,5,116,0.9169979709239562,1.5437816290239443,382,96
base,5,117,0.9136485789829509,1.5415321331722418,382,96
base,5,118,0.911972854533407,1.5408372216865707,382,96
base,5,119,0.9100281420958323,1.5407268501096678,382,96
base,5,120,0.9061769906653518,1.5385674136521512,382,96
base,5,121,0.9020056531921467,1.5356157085653022,382,96
base,5,122,0.8988767737470453,1.5335186905049727,382,96
base,5,123,0.8957629768199221,1.529571683474742,382,96
base,5,124,0.892967153614155,1.5258160216649257,382,96
base,5,125,0.8899387943202733,1.5244587959474873,382,96
base,5,126,0.8880445777777983,1.5230295159335305,382,96
base,5,127,0.8856308153562622,1.5210681986897134,382,96
base,5,128,0.8830844269396946,1.5195108892544629,382,96
base,5,129,0.8809720875760724,1.5182099117561365,382,96
base,5,130,0.8787276064500776,1.517575796272053,382,96
base,5,131,0.87462102788625,1.514803450895001,382,96
base,5,132,0.8694333957738667,1.513294295584075,382,96
base,5,133,0.8662259280060921,1.5121552806850944,382,96
base,5,134,0.8631458859908183,1.5126090818969058,382,96
base,5,135,0.8585930597182102,1.5076951464086918,382,96
base,5,136,0.8559353098262139,1.5046456015060343,382,96
base,5,137,0.854438818578202,1.5017538324192292,382,96
base,5,138,0.8517665983379074,1.5007377398602915,382,96
base,5,139,0.8486577574432898,1.5003680317912684,382,96
base,5,140,0.8467105615832083,1.500083441543655,382,96
base,5,141,0.8439762633265419,1.497190240978167,382,96
base,5,142,0.8414270028918134,1.4954674684603397,382,96
base,5,143,0.8382462880137663,1.4943641773007064,382,96
base,5,144,0.8351529156046023,1.4920080631798447,382,96
base,5,145,0.8334028039106413,1.4917875177830762,382,96
base,5,146,0.8302293619867839,1.4908370004527596,382,96
base,5,147,0.8289981605985147,1.4908084997192355,382,96
base,5,148,0.8250713845967355,1.4877905386146617,382,96
base,5,149,0.8237204027620405,1.4876667447420528,382,96
base,5,150,0.8211493566979288,1.485573254404176,382,96
base,5,151,0.8189228880725333,1.4864738461811768,382,96
base,5,152,0.8177642884170807,1.4870106047119656,382,96
base,5,153,0.8135070347267302,1.4842833930369068,382,96
base,5,154,0.8113579784882893,1.4823172137470138,382,96
base,5,155,0.8076601154977988,1.4802424018581974,382,96
base,5,156,0.8046193261018351,1.4798080680583046,382,96
base,5,157,0.8021690811946061,1.4776697074056735,382,96
base,5,158,0.7998604429218165,1.4784256768011816,382,96
base,5,159,0.798510040476018,1.4785990405113272,382,96
base,5,160,0.7963778254737893,1.4768138656129175,382,96
base,5,161,0.7944135752279489,1.4761575075239037,382,96
base,5,162,0.7917616542021416,1.4763486997855193,382,96
base,5,163,0.7905305758238051,1.4751864900585954,382,96
base,5,164,0.7889127804160979,1.4748553818028989,382,96
base,5,165,0.7876719943575237,1.4736803891398946,382,96
base,5,166,0.7864255333757245,1.4734645195647433,382,96
base,5,167,0.784759350806564,1.471248814545907,382,96
base,5,168,0.7824276648358279,1.470114741398397,382,96
base,5,169,0.781258686455621,1.4692134015666558,382,96
base,5,170,0.7788750060992102,1.468478407661683,382,96
base,5,171,0.7757038440886852,1.467880953683499,382,96
base,5,172,0.7738667790106336,1.4662398425208083,382,96
base,5,173,0.7705773588368232,1.463447031220339,382,96
base,5,174,0.7666490988688678,1.4609655118763494,382,96
base,5,175,0.7632651461663644,1.4613793262193713,382,96
base,5,176,0.7619117772028896,1.461096273883826,382,96
base,5,177,0.7583999709211808,1.4592552965061314,382,96
base,5,178,0.7575075046400117,1.4574395298551288,382,96
base,5,179,0.7540823324828854,1.4566313316840414,382,96
base,5,180,0.7498615548836486,1.457247364688465,382,96
base,5,181,0.7488368380424347,1.45706761893717,382,96
base,5,182,0.7475134248659031,1.456430590944746,382,96
base,5,183,0.7449615177295049,1.4541572589208163,382,96
base,5,184,0.7433950397605181,1.4549474149806607,382,96
base,5,185,0.7419088698878937,1.4534878948163612,382,96
base,5,186,0.7405970528403907,1.452447555276138,382,96
base,5,187,0.7375751793290193,1.4516940423596956,382,96
base,5,188,0.7360173651115011,1.4504322158394223,382,96
base,5,189,0.7338605910071969,1.4487518742746741,382,96
base,5,190,0.7309030853071203,1.4485035873317178,382,96
base,5,191,0.729775033536245,1.4482686175597792,382,96
base,5,192,0.7286234388723165,1.4484620211905077,382,96
base,5,193,0.7269605279901487,1.4474717786586295,382,96
base,5,194,0.7242961861969004,1.4462473048531062,382,96
base,5,195,0.7218525806981011,1.445366539825188,382,96
base,5,196,0.720938582578452,1.4456503571500547,382,96
base,5,197,0.7186071548338536,1.444895961258069,382,96
base,5,198,0.7176192815993667,1.4446989892446875,382,96
base,5,199,0.7161148455809727,1.4428729774618683,382,96
base,5,200,0.7149814031673186,1.4416425640547668,382,96
base,5,201,0.7121378138990108,1.4403877513334669,382,96
base,5,202,0.7099118991219766,1.4406247492994029,382,96
base,5,203,0.7073287917680812,1.4410947394347775,382,96
base,5,204,0.7064773407099549,1.4413685950031154,382,96
base,5,205,0.7056632219495222,1.4416452583628894,382,96
base,5,206,0.703004570576846,1.4407549989389283,382,96
base,5,207,0.7011449586502413,1.4398043719984646,382,96
base,5,208,0.6990202492603179,1.437777522806468,382,96
base,5,209,0.6964080498417571,1.4359504223388704,382,96
base,5,210,0.6951265183974613,1.4360021633325328,382,96
base,5,211,0.6944640486139335,1.434497655029525,382,96
base,5,212,0.6926174831362106,1.4335760007355463,382,96
base,5,213,0.6911634728310095,1.4335190870707435,382,96
base,5,214,0.6903921577634838,1.4329536741945745,382,96
base,5,215,0.6881498621131308,1.4319102096517469,382,96
base,5,216,0.687202300170029,1.4309241848273528,382,96
base,5,217,0.6854480957839713,1.4304336009916443,382,96
base,5,218,0.6847708511315562,1.4297698077178167,382,96
base,5,219,0.6836482900266564,1.429824824978941,382,96
base,5,220,0.683142842636791,1.43035754322798,382,96
base,5,221,0.6824405290004218,1.42922425048355,382,96
base,5,222,0.6812626110379216,1.428531560435161,382,96
base,5,223,0.679933061884482,1.4273208058335904,382,96
base,5,224,0.6783045666905569,1.4281700069661065,382,96
base,5,225,0.6776726943828989,1.4265371919468206,382,96
base,5,226,0.6763677805823652,1.4256088315990465,382,96
base,5,227,0.6744895325445879,1.42449301097769,382,96
base,5,228,0.6726646530661985,1.4235428265871766,382,96
base,5,229,0.6718682290019253,1.424000350119865,382,96
base,5,230,0.6700608447651185,1.4226069717876604,382,96
base,5,231,0.6690821612212583,1.4223281104628445,382,96
base,5,232,0.6682546620185627,1.4209839133230675,382,96
base,5,233,0.6676010723295567,1.4208889920328633,382,96
base,5,234,0.6663791278555331,1.4203467027960852,382,96
base,5,235,0.6644990383307894,1.4204686978444703,382,96
base,5,236,0.6639382310820986,1.4202319717167502,382,96
base,5,237,0.6629288260638352,1.4199487831625515,382,96
base,5,238,0.6624111570791181,1.4199964089444697,382,96
base,5,239,0.661519949730249,1.4197601768648105,382,96
base,5,240,0.6601162434391729,1.4191378214938972,382,96
base,5,241,0.6590084429823314,1.4177458279828925,382,96
base,5,242,0.6571254998652902,1.4169012056677266,382,96
base,5,243,0.6546364281375335,1.416000287336575,382,96
base,5,244,0.6528840156791104,1.4160273728940078,382,96
base,5,245,0.652234211712161,1.4162553847202666,382,96
base,5,246,0.6503474393919104,1.4154658860159903,382,96
base,5,247,0.6487486225814251,1.4155230588889318,382,96
base,5,248,0.6482597677245963,1.4151702998290274,382,96
base,5,249,0.6471803189910206,1.4146801893287355,382,96
base,5,250,0.6467127049343411,1.4146660044987742,382,96
base,5,251,0.6450766801749737,1.414009947213796,382,96
base,5,252,0.6435128053300445,1.4137029572413056,382,96
base,5,253,0.6427649672418239,1.4131423473873068,382,96
base,5,254,0.6412878163199699,1.4117096482666829,382,96
base,5,255,0.6407481086406553,1.411637682518799,382,96
base,5,256,0.6394351570265675,1.4110313011044324,382,96
base,5,257,0.6375637104911797,1.4103595495357915,382,96
base,5,258,0.6360728407581745,1.4093726286946402,382,96
base,5,259,0.6352467157714949,1.409107083915941,382,96
base,5,260,0.6333642204403658,1.408316138071983,382,96
base,5,261,0.6322460694927752,1.4073842720849126,382,96
base,5,262,0.6308806164583044,1.407082381089202,382,96
base,5,263,0.6302838666106013,1.406482287348811,382,96
base,5,264,0.6288900780891862,1.4064701484772886,382,96
base,5,265,0.6277322014331672,1.4061141852659649,382,96
base,5,266,0.6267561065853128,1.4057338237653674,382,96
base,5,267,0.6257782365655091,1.4061409816067316,382,96
base,5,268,0.6244066071095161,1.406513691314973,382,96
base,5,269,0.6239563159204669,1.4062198694381038,382,96
base,5,270,0.6220820226219688,1.4060881952297641,382,96
base,5,271,0.6213748126646321,1.406022607590942,382,96
base,5,272,0.6200351159298829,1.4052293938939724,382,96
base,5,273,0.6195187341957687,1.4052455039119733,382,96
base,5,274,0.618314104976972,1.4040187295507045,382,96
base,5,275,0.6168642676844003,1.403222325867493,382,96
base,5,276,0.6154613385471427,1.402335343822585,382,96
base,5,277,0.6150581632977159,1.4020036012131734,382,96
base,5,278,0.6145032477492028,1.4028224857732252,382,96
base,5,279,0.6139121702607007,1.402192719230719,382,96
base,5,280,0.6128164549320957,1.4013251656324328,382,96
base,5,281,0.6124650143820479,1.401070512306739,382,96
base,5,282,0.611267140669401,1.3997264029594314,382,96
base,5,283,0.6107487599775291,1.3994449512364022,382,96
base,5,284,0.6092717819622991,1.3979342343479926,382,96
base,5,285,0.6087756342657812,1.3976439399005107,382,96
base,5,286,0.6075772699884397,1.3973775505824908,382,96
base,5,287,0.6072243889407911,1.3972823018330933,382,96
base,5,288,0.6061164949071712,1.3963832504184035,382,96
base,5,289,0.605761304912036,1.3964431620948858,382,96
base,5,290,0.604543778298989,1.395975907734365,382,96
base,5,291,0.6031226059374993,1.3947867417682858,382,96
base,5,292,0.6013743353921817,1.3950538681837423,382,96
base,5,293,0.6001640104288474,1.3951523009474511,382,96
base,5,294,0.599541004183403,1.3950155663642845,382,96
base,5,295,0.5991533527460823,1.3947624821558253,382,96
base,5,296,0.5978608742948981,1.3936648388638682,382,96
base,5,297,0.5973200698991564,1.3940611679601889,382,96
base,5,298,0.5966439140313051,1.3934514712875399,382,96
base,5,299,0.5961111098966538,1.3936602931402227,382,96
base,5,300,0.595674159098103,1.3935943144688123,382,96
base,5,301,0.594704009078311,1.3931358489912637,382,96
base,5,302,0.5935964613927752,1.3930164077822966,382,96
base,5,303,0.5932677727768221,1.3926446953114289,382,96
base,5,304,0.5919535673605396,1.39221357103953,382,96
base,5,305,0.5909970805567064,1.3921076527644518,382,96
base,5,306,0.5901350108810788,1.392663947421175,382,96
base,5,307,0.5889315159623972,1.3925434440724707,382,96
base,5,308,0.5877530434387644,1.391405567093214,382,96
base,5,309,0.5874827333130297,1.3913780464883316,382,96
base,5,310,0.5869331919266915,1.391261992269501,382,96
base,5,311,0.5857244822452576,1.390508363106793,382,96
base,5,312,0.5842376881258867,1.390128260101979,382,96
base,5,313,0.5828087038759089,1.3906049069428537,382,96
base,5,314,0.5818096682012777,1.3908577634338053,382,96
base,5,315,0.5808842119670765,1.3897450492124344,382,96
base,5,316,0.5805578208241181,1.3894450551159507,382,96
base,5,317,0.5800930857771222,1.3889994910616121,382,96
base,5,318,0.5797749873104826,1.3891751521470286,382,96
base,5,319,0.5785283303349613,1.3885482117098034,382,96
base,5,320,0.5775997558366971,1.3868737043934443,382,96
base,5,321,0.5767778981181055,1.3871422664068622,382,96
base,5,322,0.5759067462441392,1.3864403663468088,382,96
base,5,323,0.5751106257656715,1.3864722636533844,382,96
base,5,324,0.574598668835202,1.3864916201230004,382,96
base,5,325,0.573628952297966,1.3859218060328018,382,96
base,5,326,0.572864536741774,1.3851717460043502,382,96
base,5,327,0.5718829324367092,1.3855685447708972,382,96
base,5,328,0.5714658155174642,1.3860108938004083,382,96
base,5,329,0.5704405394808288,1.3863228090901742,382,96
base,5,330,0.5694119857772613,1.3858505973083652,382,96
base,5,331,0.5685965048019089,1.385514905768686,382,96
base,5,332,0.5682814478525676,1.3851815941485754,382,96
base,5,333,0.5670116562161042,1.3844721986539081,382,96
base,5,334,0.5664615540571708,1.384305340071032,382,96
base,5,335,0.5661670186950195,1.3840293048593508,382,96
base,5,336,0.5651773776532868,1.3833337115549158,382,96
base,5,337,0.5647858452742862,1.3826412413356444,382,96
base,5,338,0.5633870861630326,1.3815677634910832,382,96
base,5,339,0.5624037113297,1.380621555606178,382,96
base,5,340,0.5614792598710323,1.3797800366843516,382,96
base,5,341,0.5610380411262599,1.3795534764874244,382,96
base,5,342,0.5601604942812364,1.3797761747023942,382,96
base,5,343,0.5590793388906611,1.378923402397826,382,96
base,5,344,0.5586344393042837,1.378709118331632,382,96
base,5,345,0.5583322624899228,1.3789207914656536,382,96
base,5,346,0.5577212772981548,1.3785851883093896,382,96
base,5,347,0.5572162370101065,1.3783923886686464,382,96
base,5,348,0.5560785967969569,1.3771636471629418,382,96
base,5,349,0.5558320304892611,1.3769921188265226,382,96
base,5,350,0.5552929472238903,1.3762260444245218,382,96
base,5,351,0.5550695729218226,1.3758872712521446,382,96
base,5,352,0.5542999407704785,1.3748207856951815,382,96
base,5,353,0.5534528093989562,1.3746275405342825,382,96
base,5,354,0.5525332716749912,1.3737007569702664,382,96
base,5,355,0.5516210228875285,1.3730663123048084,382,96
base,5,356,0.5510139739933096,1.3731662062154797,382,96
base,5,357,0.5501814178185569,1.3723246360410133,382,96
base,5,358,0.5498264540530364,1.371925859653158,382,96
base,5,359,0.5490413805890851,1.371873687630718,382,96
base,5,360,0.5488661841730562,1.3719126899547498,382,96
base,5,361,0.5483257681869138,1.371701630323798,382,96
base,5,362,0.5480256867177556,1.3713553614630023,382,96
base,5,363,0.5474028116883233,1.3708232903174489,382,96
base,5,364,0.5471841147552667,1.3709089648121062,382,96
base,5,365,0.5464053489409074,1.3711195731989267,382,96
base,5,366,0.5455313325200375,1.3703226913990465,382,96
base,5,367,0.5452769318658156,1.3697629268330775,382,96
base,5,368,0.5448982457483368,1.3700362346821087,382,96
base,5,369,0.5436396466822826,1.3695668116700843,382,96
base,5,370,0.5430415639504113,1.3697541627165037,382,96
base,5,371,0.5425586576404676,1.3691104535700143,382,96
base,5,372,0.5417264754938079,1.3689083437139307,382,96
base,5,373,0.5410160323874589,1.3683139120021184,382,96
base,5,374,0.540860236141429,1.3685091189904997,382,96
base,5,375,0.5402819427987386,1.368259269864601,382,96
base,5,376,0.5395134069700145,1.3681877871276902,382,96
base,5,377,0.5388780920877005,1.3675640721406044,382,96
base,5,378,0.5380610601481686,1.3670368625071805,382,96
base,5,379,0.5378507295480774,1.3668825067904289,382,96
base,5,380,0.536973260279446,1.3665640611213243,382,96
base,5,381,0.5362051646458946,1.3659896800169604,382,96
base,5,382,0.5354675013546867,1.3657193462345794,382,96
base,5,383,0.534974225575945,1.3650870083797055,382,96
base,5,384,0.5340204215739817,1.3642634948966643,382,96
base,5,385,0.5335380373918629,1.363866549657324,382,96
base,5,386,0.5333230356467802,1.363980845370898,382,96
base,5,387,0.5330202620289838,1.3638917608993102,382,96
base,5,388,0.5325329697773215,1.3641192349610078,382,96
base,5,389,0.5321239877991815,1.3643377386590727,382,96
base,5,390,0.5318276671621455,1.364515216462026,382,96
base,5,391,0.531262433658899,1.3638564916365978,382,96
base,5,392,0.5306129482192888,1.3635097851601803,382,96
base,5,393,0.53020714018519,1.3630450970307606,382,96
base,5,394,0.5296867755120925,1.362783925627526,382,96
base,5,395,0.5289350590543962,1.3625564004104547,382,96
base,5,396,0.528473404433355,1.3623205264787364,382,96
base,5,397,0.5277011522672278,1.3613384725534723,382,96
base,5,398,0.5270550381801545,1.3614577916892907,382,96
base,5,399,0.5269311236443546,1.3614226605325432,382,96
base,5,400,0.5267217789673788,1.3611528675279483,382,96
base,5,401,0.5265953003026373,1.3610732194569708,382,96
base,5,402,0.5261248325203013,1.360775743678702,382,96
base,5,403,0.5259409593785355,1.3600720922509055,382,96
base,5,404,0.5258391399912695,1.3602940651869604,382,96
base,5,405,0.5251486434185682,1.3603099899998436,382,96
base,5,406,0.5247400798080507,1.3604175924011548,382,96
base,5,407,0.5240726658458152,1.3605495217660726,382,96
base,5,408,0.5233241504441613,1.358857744222122,382,96
base,5,409,0.5228226214482733,1.3580705966848403,382,96
base,5,410,0.5225082879978461,1.3582900958809647,382,96
base,5,411,0.522021572056481,1.3581401890225628,382,96
base,5,412,0.5218805751793338,1.3581366739114054,382,96
base,5,413,0.5217165856087483,1.3577602467841758,382,96
base,5,414,0.521532305307548,1.3576932458137352,382,96
base,5,415,0.5209878984313215,1.3585059951183864,382,96
base,5,416,0.5208776916861265,1.3584813764436139,382,96
base,5,417,0.5206716180263644,1.3583542012772278,382,96
base,5,418,0.5199291720842163,1.3580366559589157,382,96
base,5,419,0.5193275844229488,1.3578351070029873,382,96
base,5,420,0.518549472465849,1.3577797754640604,382,96
base,5,421,0.5178517137676079,1.3573176397107758,382,96
base,5,422,0.5172894305283713,1.3572256244297578,382,96
base,5,423,0.5168300626393115,1.3571355192718353,382,96
base,5,424,0.5162759507992031,1.3571927848851884,382,96
base,5,425,0.5157047917741526,1.357495803660782,382,96
base,5,426,0.515009460353552,1.3570587113809902,382,96
base,5,427,0.5146688536660243,1.3566728409615039,382,96
base,5,428,0.5145200864437736,1.3564268569779065,382,96
base,5,429,0.513979635912819,1.3553525175243097,382,96
base,5,430,0.5132533681095033,1.355162746512868,382,96
base,5,431,0.5126798279428936,1.354977721559821,382,96
base,5,432,0.5121577517352426,1.3553523492271942,382,96
base,5,433,0.511747951134541,1.3552124025706158,382,96
base,5,434,0.5111833949980518,1.3551233043851565,382,96
base,5,435,0.5108543930540898,1.3548098528146182,382,96
base,5,436,0.5106906582263917,1.3549172227238042,382,96
base,5,437,0.5104375906344228,1.3550904593012965,382,96
base,5,438,0.5102989016522093,1.3550019918113383,382,96
base,5,439,0.5098912443322673,1.3548901256455388,382,96
base,5,440,0.5097611547101706,1.3544894401774483,382,96
base,5,441,0.5093790567707698,1.3542636634727223,382,96
base,5,442,0.5089928013490551,1.3542242085828005,382,96
base,5,443,0.5085387485234512,1.354002409699337,382,96
base,5,444,0.5080676463353716,1.3539708412136873,382,96
base,5,445,0.5075596022393937,1.3532337203652653,382,96
base,5,446,0.507041848000241,1.352088259178383,382,96
base,5,447,0.5063184899496554,1.3520987410704872,382,96
base,5,448,0.5062416667945845,1.3519743921799592,382,96
base,5,449,0.5058288272128325,1.35202085466967,382,96
base,5,450,0.5052621448042739,1.3516813999735744,382,96
base,5,451,0.5048932270031629,1.3520817322044503,382,96
base,5,452,0.504760938632666,1.3519547132685616,382,96
base,5,453,0.5042031032160424,1.3517885686420512,382,96
base,5,454,0.5036566689750543,1.3517027135652173,382,96
base,5,455,0.5034405580462108,1.3516419851238821,382,96
base,5,456,0.5032888353507354,1.3515917023717883,382,96
base,5,457,0.5028821034511411,1.35135976444614,382,96
base,5,458,0.5022454564551194,1.3512225492287702,382,96
base,5,459,0.5019177473509797,1.3509547751772792,382,96
base,5,460,0.5014337802318498,1.3513430899351377,382,96
base,5,461,0.5009948728331804,1.3514973447329772,382,96
base,5,462,0.500700158797403,1.3515000490229776,382,96
base,5,463,0.5001837125448005,1.3515499297430713,382,96
base,5,464,0.4998213930413707,1.3512474179903664,382,96
base,5,465,0.4992793417765718,1.3510361265337913,382,96
base,5,466,0.4991623811989056,1.3509385387694295,382,96
base,5,467,0.4987983696122989,1.350977945501494,382,96
base,5,468,0.4984505541364682,1.3504420242958615,382,96
base,5,469,0.4983741890948677,1.3503621550439144,382,96
base,5,470,0.498013101945542,1.3499705506048298,382,96
base,5,471,0.4976655768430668,1.3501647378109702,382,96
base,5,472,0.4972074341864541,1.3499461958514474,382,96
base,5,473,0.49681294467137543,1.3489431142769859,382,96
base,5,474,0.49656001574538067,1.3486860824144793,382,96
base,5,475,0.4962705859642444,1.3483504366263181,382,96
base,5,476,0.49587470380351334,1.3484650395454933,382,96
base,5,477,0.4954372611006328,1.3485154573137172,382,96
base,5,478,0.4953183803061258,1.3484176498236795,382,96
base,5,479,0.49500837841510636,1.3483475634606656,382,96
base,5,480,0.4948745987472342,1.3485646407301426,382,96
base,5,481,0.4947387417233415,1.3484723390504856,382,96
base,5,482,0.4943938431456979,1.3484142791538798,382,96
base,5,483,0.4942671836033353,1.3483405995535473,382,96
base,5,484,0.49413615532326993,1.3479652633213506,382,96
base,5,485,0.49372223138673355,1.3478368023719718,382,96
base,5,486,0.4935079056106613,1.347443165351744,382,96
base,5,487,0.49334392946251854,1.3476452735656623,382,96
base,5,488,0.49325757942125836,1.3476225762084026,382,96
base,5,489,0.4928588162031371,1.3466536149667296,382,96
base,5,490,0.49257349609666035,1.3466016592074561,382,96
base,5,491,0.4924766076889002,1.3466010553346877,382,96
base,5,492,0.4923614792388438,1.3465670294715801,382,96
base,5,493,0.4922857251542771,1.346599243857482,382,96
base,5,494,0.4919874359980592,1.34648298046403,382,96
base,5,495,0.49176922542144236,1.346251285980741,382,96
base,5,496,0.4913352993020829,1.3460496297806535,382,96
base,5,497,0.4911569175203397,1.3460145313433407,382,96
base,5,498,0.4907778392560215,1.3456478037675048,382,96
base,5,499,0.49053655219880504,1.3454761758118712,382,96
base,5,500,0.4903815504923009,1.3452279710294939,382,96
base,5,501,0.4902484015528295,1.3447617332814528,382,96
base,5,502,0.4900291265249959,1.3446555484219913,382,96
base,5,503,0.48968730610571143,1.3449755172957658,382,96
base,5,504,0.48961126293373547,1.3451358365244537,382,96
base,5,505,0.4894663157520918,1.345169002715885,382,96
base,5,506,0.48923764385735286,1.3450492281404065,382,96
base,5,507,0.48916107382219554,1.3450690798238676,382,96
base,5,508,0.48898417254947396,1.34500628843238,382,96
base,5,509,0.4887231848231114,1.344280652057272,382,96
base,5,510,0.4884313545559214,1.3446387636516584,382,96
base,5,511,0.48810570212307286,1.3446873385777949,382,96
base,5,512,0.48776570608007025,1.3445380841060115,382,96
base,5,513,0.4874353005520203,1.3438255038707232,382,96
base,5,514,0.48726286412269826,1.34369861045373,382,96
base,5,515,0.487222283369932,1.3436518282982266,382,96
base,5,516,0.4868767850114555,1.3439897206330131,382,96
base,5,517,0.48665868729392825,1.343762648365239,382,96
base,5,518,0.4864254890709824,1.3441983081695907,382,96
base,5,519,0.4860144441318957,1.3435897371883854,382,96
base,5,520,0.4856567660725007,1.3435059360704456,382,96
base,5,521,0.48559485460968904,1.3433919608773686,382,96
base,5,522,0.4852939347613832,1.3425264126489926,382,96
base,5,523,0.4849491044022678,1.3421923558719837,382,96
base,5,524,0.4847944922669703,1.3422190523726216,382,96
base,5,525,0.48470450873411447,1.3418563051167223,382,96
base,5,526,0.48441817475121257,1.3419830995834732,382,96
base,5,527,0.4842890947275888,1.3419327358870357,382,96
base,5,528,0.48415553536397576,1.3419552968946473,382,96
base,5,529,0.48391154064923847,1.3419270232381697,382,96
base,5,530,0.4838384654746881,1.341856531523044,382,96
base,5,531,0.48375604131635574,1.3419964929091068,382,96
base,5,532,0.48339371486449717,1.3412503878016149,382,96
base,5,533,0.4833482357381584,1.3412134825523114,382,96
base,5,534,0.48321737337675863,1.341163442683927,382,96
base,5,535,0.48293250950641226,1.3411312423041715,382,96
base,5,536,0.48275843174712424,1.3412440654108646,382,96
base,5,537,0.4824026378238952,1.3411415205044408,382,96
base,5,538,0.4823601492951452,1.3409981654820489,382,96
base,5,539,0.4820644227296756,1.3411060013200613,382,96
base,5,540,0.48193358617122484,1.341057332012124,382,96
base,5,541,0.48162718139868554,1.3408130634693765,382,96
base,5,542,0.48136783754717916,1.3406997851730516,382,96
base,5,543,0.48118263645546433,1.3403031416107924,382,96
base,5,544,0.48080349490230356,1.3401704605964773,382,96
base,5,545,0.480572422202994,1.3401422287858706,382,96
base,5,546,0.48036274794735323,1.3399898959775969,382,96
base,5,547,0.4800590014218884,1.339898800257686,382,96
base,5,548,0.4799773493282917,1.3398301718850385,382,96
base,5,549,0.47978312665098843,1.3397501266455834,382,96
base,5,550,0.47972612719250984,1.3398268893591991,382,96
base,5,551,0.4795723266017405,1.3396433885510217,382,96
base,5,552,0.47944982732039687,1.3396330219208634,382,96
base,5,553,0.47908934783989193,1.3392481392947027,382,96
base,5,554,0.4789931330424314,1.3389406896470135,382,96
base,5,555,0.47869889782136565,1.3383492436474185,382,96
base,5,556,0.47831922712571756,1.3382739023235157,382,96
base,5,557,0.4782360415179535,1.3378175170583522,382,96
base,5,558,0.4781057239566775,1.3378438372145867,382,96
base,5,559,0.47793504147430216,1.3377951855483663,382,96
base,5,560,0.4777565310147364,1.3379350533290015,382,96
base,5,561,0.4775518583994141,1.3377267234252659,382,96
base,5,562,0.4771532275939755,1.3376347041422625,382,96
base,5,563,0.47693814799756074,1.3374058684401628,382,96
base,5,564,0.4768934923909814,1.3375440521389304,382,96
base,5,565,0.47657584889636634,1.3375817304975752,382,96
base,5,566,0.4763812149657972,1.3374425089176076,382,96
base,5,567,0.47621810984276625,1.3374239610325915,382,96
base,5,568,0.47610554666931026,1.3377363686124375,382,96
base,5,569,0.47604232468019403,1.3377154378795197,382,96
base,5,570,0.47575663203609897,1.3377961574409123,382,96
base,5,571,0.47541499705324414,1.337601703160012,382,96
base,5,572,0.4751904593653994,1.3375194181510517,382,96
base,5,573,0.4750210501187863,1.33736037429278,382,96
base,5,574,0.47469198140453034,1.3370127435729455,382,96
base,5,575,0.474450045300457,1.337184231885797,382,96
base,5,576,0.4741851752984414,1.3366366158768301,382,96
base,5,577,0.47408899435633434,1.3365246024887074,382,96
base,5,578,0.47394041797351244,1.3366978042013045,382,96
base,5,579,0.4737184012194953,1.3364504027544681,382,96
base,5,580,0.47365644956355685,1.3364126362880027,382,96
base,5,581,0.4733731378117143,1.336812881519467,382,96
base,5,582,0.473341300917895,1.3366964774649024,382,96
base,5,583,0.47321107636808935,1.3366434112051582,382,96
base,5,584,0.4730353343358441,1.3365907113949,382,96
base,5,585,0.47284545877184886,1.33637932781021,382,96
base,5,586,0.47273974789322987,1.3364262959964361,382,96
base,5,587,0.4725672758446879,1.3364110808728409,382,96
base,5,588,0.47233395129866235,1.3366887063880466,382,96
base,5,589,0.47207346573288467,1.33668498003811,382,96
base,5,590,0.47181250496693705,1.3368372200228074,382,96
base,5,591,0.47167445414428977,1.3367677539518932,382,96
base,5,592,0.4716392637511638,1.3367043272016441,382,96
base,5,593,0.47147628523791374,1.3364144196132297,382,96
base,5,594,0.47133486034302036,1.336333707442561,382,96
base,5,595,0.4712918961250054,1.3363846376345776,382,96
base,5,596,0.47125557719330846,1.3363939031102374,382,96
base,5,597,0.47104576225857164,1.3361206793477194,382,96
base,5,598,0.4709798014050804,1.3360336803396946,382,96
base,5,599,0.4709160276214333,1.3360465838233495,382,96
base,5,600,0.4707717156895962,1.3359717068875014,382,96
deep_slow,5,1,2.6576250686189438,2.5860344306816994,382,96
deep_slow,5,2,2.6312968643589496,2.5726509206154904,382,96
deep_slow,5,3,2.597849291320419,2.54877167596044,382,96
deep_slow,5,4,2.5607334416948575,2.5193068812687964,382,96
deep_slow,5,5,2.526144091178952,2.491980186700498,382,96
deep_slow,5,6,2.490776185186112,2.464945000275137,382,96
deep_slow,5,7,2.4554413274391598,2.4391018706078227,382,96
deep_slow,5,8,2.4186558846515056,2.414607873972895,382,96
deep_slow,5,9,2.3873051973031014,2.3947773750940464,382,96
deep_slow,5,10,2.3540255852221708,2.3738612772479226,382,96
deep_slow,5,11,2.3242537458006,2.3601647262841103,382,96
deep_slow,5,12,2.2934424398492523,2.339980383268405,382,96
deep_slow,5,13,2.2649005719632562,2.3196972976659143,382,96
deep_slow,5,14,2.2331220626742128,2.2968510294157647,382,96
deep_slow,5,15,2.201392740038611,2.2777372902078294,382,96
deep_slow,5,16,2.1766295301310534,2.25945916492599,382,96
deep_slow,5,17,2.1492096415091515,2.2471719773187107,382,96
deep_slow,5,18,2.122887236384576,2.2292032871956993,382,96
deep_slow,5,19,2.098790516211142,2.2162045502817342,382,96
deep_slow,5,20,2.0752500662024658,2.204775355993759,382,96
deep_slow,5,21,2.050842259415467,2.1916404472412268,382,96
deep_slow,5,22,2.0352344630984014,2.1823087438444926,382,96
deep_slow,5,23,2.0138917942412284,2.1680204418967297,382,96
deep_slow,5,24,1.9919988480512492,2.1534624188811358,382,96
deep_slow,5,25,1.9709154329150884,2.1398810025840405,382,96
deep_slow,5,26,1.9516319054239177,2.1317211765205597,382,96
deep_slow,5,27,1.9309359510195139,2.1189311293220787,382,96
deep_slow,5,28,1.9095389267707719,2.1069740778195527,382,96
deep_slow,5,29,1.8912579080121736,2.0945141172329795,382,96
deep_slow,5,30,1.8693675493864264,2.081491856754809,382,96
deep_slow,5,31,1.8482349649749399,2.0667102484073445,382,96
deep_slow,5,32,1.8290801519426725,2.0544812854676464,382,96
deep_slow,5,33,1.8099142508904988,2.0453178784540667,382,96
deep_slow,5,34,1.7863407715465767,2.0313604608997906,382,96
deep_slow,5,35,1.7709350783281679,2.02224473781136,382,96
deep_slow,5,36,1.7560945758246709,2.017101224265646,382,96
deep_slow,5,37,1.7369219308261956,1.9993284240689044,382,96
deep_slow,5,38,1.7215452410933574,1.9891421941597687,382,96
deep_slow,5,39,1.7076782610012484,1.9832247273782377,382,96
deep_slow,5,40,1.6904901754088915,1.9744524564393817,382,96
deep_slow,5,41,1.6755658499871693,1.968356542946908,382,96
deep_slow,5,42,1.6590041199149057,1.9592598240309071,382,96
deep_slow,5,43,1.6418773548579817,1.9481919739750908,382,96
deep_slow,5,44,1.6303503677612994,1.9367652490781082,382,96
deep_slow,5,45,1.6143338202482371,1.9291924164694778,382,96
deep_slow,5,46,1.601940696511895,1.9226066176485181,382,96
deep_slow,5,47,1.5876838046274953,1.9174357951551495,382,96
deep_slow,5,48,1.575548918535371,1.9072839588618973,382,96
deep_slow,5,49,1.5617397763120557,1.9012794819043397,382,96
deep_slow,5,50,1.5507544448875659,1.894461087470088,382,96
deep_slow,5,51,1.5376371218910843,1.8873053034152674,382,96
deep_slow,5,52,1.5233952892179716,1.8803726240585585,382,96
deep_slow,5,53,1.5054721823242876,1.873091223990886,382,96
deep_slow,5,54,1.4950376460295274,1.8666633290334338,382,96
deep_slow,5,55,1.483247449611664,1.8607197777363065,382,96
deep_slow,5,56,1.4726499530293007,1.8541508616550653,382,96
deep_slow,5,57,1.4610503546145215,1.8468765080433858,382,96
deep_slow,5,58,1.4498611023514314,1.8408211705227646,382,96
deep_slow,5,59,1.4379741642081525,1.830131601420846,382,96
deep_slow,5,60,1.4299075346825947,1.824905434315438,382,96
deep_slow,5,61,1.4193384780279548,1.817816800281221,382,96
deep_slow,5,62,1.4111712135400292,1.8124487617689466,382,96
deep_slow,5,63,1.4010320493897526,1.8039482441615406,382,96
deep_slow,5,64,1.3892833711933508,1.796723094407037,382,96
deep_slow,5,65,1.3808645985897434,1.7904603181779746,382,96
deep_slow,5,66,1.3732597958404438,1.7854965456041658,382,96
deep_slow,5,67,1.3633006133845327,1.7807748047235559,382,96
deep_slow,5,68,1.3563526500009129,1.777973743764002,382,96
deep_slow,5,69,1.3469604131600426,1.772844669211392,382,96
deep_slow,5,70,1.3410218137042582,1.7700879897478656,382,96
deep_slow,5,71,1.332543202469684,1.7654317519954728,382,96
deep_slow,5,72,1.3222086440570988,1.7621061228688406,382,96
deep_slow,5,73,1.3166398905907948,1.7589413167574095,382,96
deep_slow,5,74,1.3089907649039216,1.754197939265668,382,96
deep_slow,5,75,1.3009626426400454,1.7481041748109467,382,96
deep_slow,5,76,1.2932179118643705,1.7418321177409883,382,96
deep_slow,5,77,1.287175688395286,1.738938824188139,382,96
deep_slow,5,78,1.2786764486274442,1.7347032486610456,382,96
deep_slow,5,79,1.2716639065455084,1.7302157388957469,382,96
deep_slow,5,80,1.263745362721822,1.727327473013211,382,96
deep_slow,5,81,1.2549428778645484,1.7238217522771082,382,96
deep_slow,5,82,1.247975558957037,1.720850672432438,382,96
deep_slow,5,83,1.240781915167495,1.7174975471520206,382,96
deep_slow,5,84,1.2353116712555667,1.717377562465911,382,96
deep_slow,5,85,1.2269446549782645,1.713679063011654,382,96
deep_slow,5,86,1.220341716635457,1.7131144170419061,382,96
deep_slow,5,87,1.2160081094136796,1.712036673842174,382,96
deep_slow,5,88,1.2080268843429154,1.7077293089473837,382,96
deep_slow,5,89,1.2023082535278484,1.7049689294207262,382,96
deep_slow,5,90,1.1956329315686347,1.7005968562793368,382,96
deep_slow,5,91,1.1888410815122772,1.6981767397810115,382,96
deep_slow,5,92,1.1823250430146504,1.69447139891312,382,96
deep_slow,5,93,1.1767359964608957,1.6916109388742242,382,96
deep_slow,5,94,1.1722350165369801,1.6893767496404606,382,96
deep_slow,5,95,1.1663522324453466,1.6875229002756944,382,96
deep_slow,5,96,1.1595873973536928,1.6816012175430939,382,96
deep_slow,5,97,1.155508694339442,1.6791226599897358,382,96
deep_slow,5,98,1.1486941846337888,1.674956797363245,382,96
deep_slow,5,99,1.143201118805023,1.6729351047492511,382,96
deep_slow,5,100,1.1371976285494676,1.6683925263396735,382,96
deep_slow,5,101,1.13148465563239,1.666215636108005,382,96
deep_slow,5,102,1.1254855411527316,1.6594861270691794,382,96
deep_slow,5,103,1.1198884918791,1.6555753086409,382,96
deep_slow,5,104,1.115918218861902,1.655019155028598,382,96
deep_slow,5,105,1.1115089620274907,1.653510040729872,382,96
deep_slow,5,106,1.1068255922126446,1.6501870417826714,382,96
deep_slow,5,107,1.1025445176808784,1.6476730962394233,382,96
deep_slow,5,108,1.0974965043532527,1.6448061320277343,382,96
deep_slow,5,109,1.0925274661733377,1.6397305610707393,382,96
deep_slow,5,110,1.0867917126202016,1.6362258614830267,382,96
deep_slow,5,111,1.0817201449336753,1.6318080286172079,382,96
deep_slow,5,112,1.0784055406515833,1.627966508589186,382,96
deep_slow,5,113,1.073914533316673,1.6250760616087672,382,96
deep_slow,5,114,1.0705224807870326,1.6225391630778188,382,96
deep_slow,5,115,1.0672762704347059,1.6220680148652378,382,96
deep_slow,5,116,1.0635874212672156,1.6219339717680383,382,96
deep_slow,5,117,1.0595207449316337,1.6188505521299097,382,96
deep_slow,5,118,1.0551807002505456,1.6179086415092636,382,96
deep_slow,5,119,1.0518427821668135,1.6155514130851882,382,96
deep_slow,5,120,1.0469176088109384,1.614758154530617,382,96
deep_slow,5,121,1.0423964394734073,1.6123401847677195,382,96
deep_slow,5,122,1.0390933767444681,1.6108175206076252,382,96
deep_slow,5,123,1.0362573808882976,1.6089749632674866,382,96
deep_slow,5,124,1.0324073787511796,1.6066291542879936,382,96
deep_slow,5,125,1.0287210666299347,1.6053198566317428,382,96
deep_slow,5,126,1.0243747961680196,1.604211300790433,382,96
deep_slow,5,127,1.020884002633825,1.6026325198684679,382,96
deep_slow,5,128,1.0190921486334912,1.6018873209318496,382,96
deep_slow,5,129,1.0161597666221749,1.5998759089300563,382,96
deep_slow,5,130,1.0128974388320784,1.5972173068999096,382,96
deep_slow,5,131,1.008685531763306,1.5933433032275002,382,96
deep_slow,5,132,1.0064273330129194,1.5931144297417419,382,96
deep_slow,5,133,1.0022718316457264,1.589878804358903,382,96
deep_slow,5,134,0.9994521689953452,1.5868669171151355,382,96
deep_slow,5,135,0.9967124156236973,1.5849521930809818,382,96
deep_slow,5,136,0.9939742990551469,1.5828128223550562,382,96
deep_slow,5,137,0.9910935842566901,1.5814604130697492,382,96
deep_slow,5,138,0.9876829420571994,1.5788241633892413,382,96
deep_slow,5,139,0.9845264611190699,1.5765325002059387,382,96
deep_slow,5,140,0.9811538276561239,1.5737958295524095,382,96
deep_slow,5,141,0.9785878481973035,1.572859595594789,382,96
deep_slow,5,142,0.9746511100618739,1.570210469327136,382,96
deep_slow,5,143,0.9717416765837833,1.5693776143179514,382,96
deep_slow,5,144,0.9693587665015992,1.5692524332594362,382,96
deep_slow,5,145,0.9667626233588192,1.5682131801406145,382,96
deep_slow,5,146,0.9650017697112437,1.568067617188417,382,96
deep_slow,5,147,0.9609910323975883,1.5658862688581419,382,96
deep_slow,5,148,0.958714780299575,1.564602205510183,382,96
deep_slow,5,149,0.9543417865868368,1.5616577910470741,382,96
deep_slow,5,150,0.9522408302720216,1.560896924295357,382,96
deep_slow,5,151,0.9480398869404965,1.5587558638375547,382,96
deep_slow,5,152,0.9449737431742434,1.5583698266562847,382,96
deep_slow,5,153,0.9419520006188171,1.5572301085836697,382,96
deep_slow,5,154,0.9398982348601383,1.5574882116711717,382,96
deep_slow,5,155,0.9382814835972216,1.5565465455779224,382,96
deep_slow,5,156,0.9340591814660483,1.554468816169538,382,96
deep_slow,5,157,0.9319536555905148,1.553195461620056,382,96
deep_slow,5,158,0.9293430922976023,1.552134692171481,382,96
deep_slow,5,159,0.9271980372275602,1.5509211248839767,382,96
deep_slow,5,160,0.9243499719379741,1.5491978030228593,382,96
deep_slow,5,161,0.9231111543631926,1.5472923085535912,382,96
deep_slow,5,162,0.9215170714850145,1.5466655521160961,382,96
deep_slow,5,163,0.9181934188560386,1.5441680737338985,382,96
deep_slow,5,164,0.916775534051396,1.5439022356931618,382,96
deep_slow,5,165,0.9136499754899292,1.5418580870214875,382,96
deep_slow,5,166,0.9108370948665272,1.5410856617428164,382,96
deep_slow,5,167,0.9075263580352322,1.5398901735919477,382,96
deep_slow,5,168,0.9053951755554618,1.5403524974321368,382,96
deep_slow,5,169,0.9031963897994008,1.5380932657726085,382,96
deep_slow,5,170,0.9006867895316262,1.5366183799053064,382,96
deep_slow,5,171,0.8969936814034076,1.5334803854189154,382,96
deep_slow,5,172,0.8944272493874077,1.53322213249002,382,96
deep_slow,5,173,0.8926603972907572,1.5328501012056142,382,96
deep_slow,5,174,0.8907618784145476,1.5308726293514725,382,96
deep_slow,5,175,0.8876038910789167,1.5283367910131458,382,96
deep_slow,5,176,0.886286572360771,1.5272739899436434,382,96
deep_slow,5,177,0.8849952675978168,1.5264924902735886,382,96
deep_slow,5,178,0.8823174301573946,1.5242314342629275,382,96
deep_slow,5,179,0.8802318984589235,1.5238679025651962,382,96
deep_slow,5,180,0.8759783419679867,1.521024045542686,382,96
deep_slow,5,181,0.8746200399149957,1.5196823342745724,382,96
deep_slow,5,182,0.8734234075267368,1.5184993372331286,382,96
deep_slow,5,183,0.8711877315899876,1.518002797314285,382,96
deep_slow,5,184,0.8692065785527527,1.5176484731093123,382,96
deep_slow,5,185,0.8671351649656397,1.5173952650200955,382,96
deep_slow,5,186,0.8645523926288666,1.5157132295406057,382,96
deep_slow,5,187,0.8626165779232058,1.5146522463115062,382,96
deep_slow,5,188,0.8609735330217488,1.5142877111191737,382,96
deep_slow,5,189,0.8595558259306386,1.513081521307843,382,96
deep_slow,5,190,0.8569832310595479,1.5124351197936192,382,96
deep_slow,5,191,0.8555093478501798,1.512502245067248,382,96
deep_slow,5,192,0.8533538854730971,1.5125318788096906,382,96
deep_slow,5,193,0.8525654940494842,1.5128291493937998,382,96
deep_slow,5,194,0.8512241046320387,1.5109989144180498,382,96
deep_slow,5,195,0.8480731465519141,1.5093274965769814,382,96
deep_slow,5,196,0.8467328918417801,1.5090991722471307,382,96
deep_slow,5,197,0.844708512885259,1.5095753108526908,382,96
deep_slow,5,198,0.8425386738232948,1.507701374466855,382,96
deep_slow,5,199,0.8405442979424179,1.5060155491985727,382,96
deep_slow,5,200,0.8385913789032053,1.5054684981854134,382,96
deep_slow,5,201,0.8372425179209013,1.5047417304275499,382,96
deep_slow,5,202,0.8356138973844401,1.5039298930782095,382,96
deep_slow,5,203,0.8337552351532699,1.5016617086951096,382,96
deep_slow,5,204,0.83219018582223,1.500168727145335,382,96
deep_slow,5,205,0.8307563005777766,1.4991420956506194,382,96
deep_slow,5,206,0.829201301877104,1.497845077081312,382,96
deep_slow,5,207,0.8260426736699815,1.4972147998382097,382,96
deep_slow,5,208,0.8239179509939663,1.495066697084087,382,96
deep_slow,5,209,0.8212125842532688,1.4935819675806186,382,96
deep_slow,5,210,0.8190709701646037,1.493377036236963,382,96
deep_slow,5,211,0.8175507206330093,1.492256701850309,382,96
deep_slow,5,212,0.816158535520062,1.4906513677584006,382,96
deep_slow,5,213,0.812523172320681,1.488585456091118,382,96
deep_slow,5,214,0.8102287205352298,1.4882930686119948,382,96
deep_slow,5,215,0.8092545107863129,1.4877054034122426,382,96
deep_slow,5,216,0.8077930555268491,1.486694665175204,382,96
deep_slow,5,217,0.8067989101651326,1.486204865909515,382,96
deep_slow,5,218,0.8055536469897,1.4854515170089397,382,96
deep_slow,5,219,0.8045330677099032,1.484442702664429,382,96
deep_slow,5,220,0.80211745108385,1.4820701177962614,382,96
deep_slow,5,221,0.7991161881728347,1.4793890820173723,382,96
deep_slow,5,222,0.7978957898122522,1.478195878394224,382,96
deep_slow,5,223,0.795977000149315,1.4772796831443316,382,96
deep_slow,5,224,0.7945833458092002,1.4763298248126062,382,96
deep_slow,5,225,0.7918931451296213,1.47397655534062,382,96
deep_slow,5,226,0.7904057156920871,1.4734585756245198,382,96
deep_slow,5,227,0.7885894319654096,1.472351113529856,382,96
deep_slow,5,228,0.7873480511853158,1.4719435629460635,382,96
deep_slow,5,229,0.7855540635219351,1.4717413674632396,382,96
deep_slow,5,230,0.7831022576290338,1.470833050869577,382,96
deep_slow,5,231,0.7818401091283989,1.470300605071832,382,96
deep_slow,5,232,0.7797264378192569,1.469882374424538,382,96
deep_slow,5,233,0.7779236691218323,1.4681981522915457,382,96
deep_slow,5,234,0.7764161822798834,1.467648206397069,382,96
deep_slow,5,235,0.7753812094675239,1.4677812878954646,382,96
deep_slow,5,236,0.774099143639594,1.4673112712970293,382,96
deep_slow,5,237,0.772921498258445,1.4670166628492036,382,96
deep_slow,5,238,0.7716950427513766,1.4666396909226236,382,96
deep_slow,5,239,0.7701069022471425,1.4658269487280091,382,96
deep_slow,5,240,0.7686221553450285,1.4655361927612383,382,96
deep_slow,5,241,0.7661440423185919,1.4646300263784962,382,96
deep_slow,5,242,0.7638402762908099,1.4641939687057532,382,96
deep_slow,5,243,0.7612305581751422,1.4620126900212307,382,96
deep_slow,5,244,0.7595151683316873,1.4602307501659584,382,96
deep_slow,5,245,0.758333310799164,1.459654360236616,382,96
deep_slow,5,246,0.7572254861236627,1.4587464174969604,382,96
deep_slow,5,247,0.7561648520640601,1.457917279315165,382,96
deep_slow,5,248,0.7549381937015611,1.4575918903161227,382,96
deep_slow,5,249,0.7540109971780149,1.4566629945763783,382,96
deep_slow,5,250,0.7530469231071233,1.4561087448432122,382,96
deep_slow,5,251,0.7522581434551088,1.4560135326963495,382,96
deep_slow,5,252,0.7499705282270342,1.455280546609316,382,96
deep_slow,5,253,0.7479249215026844,1.455254561724659,382,96
deep_slow,5,254,0.7461660725087488,1.4551029984826516,382,96
deep_slow,5,255,0.7456197825324432,1.4553719206638978,382,96
deep_slow,5,256,0.7449234369790435,1.4551926502099146,382,96
deep_slow,5,257,0.7440044360462658,1.4551644416480058,382,96
deep_slow,5,258,0.7427963146872766,1.4538924692641593,382,96
deep_slow,5,259,0.7414456930430766,1.4543838470731036,382,96
deep_slow,5,260,0.739739515854937,1.4538062540293326,382,96
deep_slow,5,261,0.7379531057805766,1.4531150257776826,382,96
deep_slow,5,262,0.7374027167221727,1.4533770554626588,382,96
deep_slow,5,263,0.7357623037580979,1.45232056274787,382,96
deep_slow,5,264,0.734531294586624,1.4525170869089945,382,96
deep_slow,5,265,0.7333123055918861,1.4522055314586608,382,96
deep_slow,5,266,0.7319511478880204,1.4513197892542613,382,96
deep_slow,5,267,0.7309051645408399,1.4499630701083315,382,96
deep_slow,5,268,0.7298843218476515,1.4496418493706411,382,96
deep_slow,5,269,0.7290806754527859,1.4499517187062536,382,96
deep_slow,5,270,0.7283879374724729,1.4491199460347324,382,96
deep_slow,5,271,0.7272565775355723,1.4492836090718124,382,96
deep_slow,5,272,0.7257827911542702,1.448730239193292,382,96
deep_slow,5,273,0.7251372328154285,1.4482912777681263,382,96
deep_slow,5,274,0.7243152043891334,1.4481985251468255,382,96
deep_slow,5,275,0.7228819351540119,1.4467751552763712,382,96
deep_slow,5,276,0.7225047417357209,1.4467862180383582,382,96
deep_slow,5,277,0.7214803793709987,1.446440470516675,382,96
deep_slow,5,278,0.7207063821843012,1.445973918222441,382,96
deep_slow,5,279,0.7185707598701222,1.4462350260364059,382,96
deep_slow,5,280,0.7168567522412066,1.4453847636794186,382,96
deep_slow,5,281,0.7150196413481084,1.4447118481559382,382,96
deep_slow,5,282,0.7145208376744849,1.4445256308263728,382,96
deep_slow,5,283,0.7139486547966263,1.4433143555792969,382,96
deep_slow,5,284,0.7120154028039002,1.4418599894954351,382,96
deep_slow,5,285,0.709584785226525,1.440891380640908,382,96
deep_slow,5,286,0.7080270176159481,1.4410310216846656,382,96
deep_slow,5,287,0.7075896433255887,1.4406181975653531,382,96
deep_slow,5,288,0.7068313518185236,1.440586939070595,382,96
deep_slow,5,289,0.705928739476449,1.4399776524551353,382,96
deep_slow,5,290,0.7045438186426188,1.4386088485481645,382,96
deep_slow,5,291,0.703672989426565,1.4377876862253745,382,96
deep_slow,5,292,0.7023251321684153,1.436637493448493,382,96
deep_slow,5,293,0.7016923785813588,1.4366157752958257,382,96
deep_slow,5,294,0.7010494293360651,1.435252449421331,382,96
deep_slow,5,295,0.7005686835782498,1.4349326602220907,382,96
deep_slow,5,296,0.698520277949453,1.4337616649920124,382,96
deep_slow,5,297,0.6981031756179873,1.4331684134708997,382,96
deep_slow,5,298,0.6967974792488681,1.4333047768851641,382,96
deep_slow,5,299,0.6962343831104184,1.432662684672688,382,96
deep_slow,5,300,0.6949668431837025,1.4322592701457302,382,96
deep_slow,5,301,0.6931227910580671,1.430786126454624,382,96
deep_slow,5,302,0.6924571937667456,1.4304066714812473,382,96
deep_slow,5,303,0.6909404026339094,1.4299707417201724,382,96
deep_slow,5,304,0.6894508712151463,1.4292022909458395,382,96
deep_slow,5,305,0.6885090275124518,1.428641080770213,382,96
deep_slow,5,306,0.6879847470338476,1.428551642674268,382,96
deep_slow,5,307,0.687020681036144,1.428112237372746,382,96
deep_slow,5,308,0.68625636024943,1.4275365372550328,382,96
deep_slow,5,309,0.6857721132492659,1.4273376054964533,382,96
deep_slow,5,310,0.6850743675026637,1.427133982751638,382,96
deep_slow,5,311,0.6841300040460979,1.4263735096227,382,96
deep_slow,5,312,0.6834926956734443,1.42566504186816,382,96
deep_slow,5,313,0.6817522154924208,1.4239083535810468,382,96
deep_slow,5,314,0.6797671676025552,1.4228489989044149,382,96
deep_slow,5,315,0.6779126353212289,1.4223794236508231,382,96
deep_slow,5,316,0.6770318962880845,1.4221345078122616,382,96
deep_slow,5,317,0.6764854893813366,1.4223610235789064,382,96
deep_slow,5,318,0.674979512565957,1.4218407010095053,382,96
deep_slow,5,319,0.6740511249481488,1.4215340581092046,382,96
deep_slow,5,320,0.6723078908092084,1.4210472315826757,382,96
deep_slow,5,321,0.6717239835560221,1.4209400085606565,382,96
deep_slow,5,322,0.6700484163367939,1.4205379853789843,382,96
deep_slow,5,323,0.6690743102225313,1.4195009097481852,382,96
deep_slow,5,324,0.6675076291292559,1.4193482968156441,382,96
deep_slow,5,325,0.6662090992224166,1.4185147970650864,382,96
deep_slow,5,326,0.6651932323679494,1.4177457373927718,382,96
deep_slow,5,327,0.6645463876009867,1.4172403462993055,382,96
deep_slow,5,328,0.6636396492142245,1.4163998320982611,382,96
deep_slow,5,329,0.662376202016656,1.4156277841056017,382,96
deep_slow,5,330,0.6608554046872073,1.4152485329758584,382,96
deep_slow,5,331,0.6604571100776315,1.4149106798622233,382,96
deep_slow,5,332,0.6589187836915122,1.4141097272882257,382,96
deep_slow,5,333,0.656943102083411,1.4140008099468728,382,96
deep_slow,5,334,0.6558804672979665,1.413393628406706,382,96
deep_slow,5,335,0.654882424193924,1.4123713664660948,382,96
deep_slow,5,336,0.6539684708253024,1.4126617050291272,382,96
deep_slow,5,337,0.6524502955197403,1.4122888828872608,382,96
deep_slow,5,338,0.6514582444721935,1.411713316931549,382,96
deep_slow,5,339,0.650776942720876,1.4115913980948633,382,96
deep_slow,5,340,0.649889022040189,1.4113831901422733,382,96
deep_slow,5,341,0.6489762702032129,1.4109099323073138,382,96
deep_slow,5,342,0.6474206560744211,1.4107226824404817,382,96
deep_slow,5,343,0.6459909417304184,1.4104511495328536,382,96
deep_slow,5,344,0.6454270419808097,1.4100963189739926,382,96
deep_slow,5,345,0.6445438624903018,1.4093358509172433,382,96
deep_slow,5,346,0.644218866568251,1.40880705437523,382,96
deep_slow,5,347,0.6428374201737925,1.4079911595153956,382,96
deep_slow,5,348,0.6416796179285827,1.406931047448608,382,96
deep_slow,5,349,0.6404384868664903,1.406975061630866,382,96
deep_slow,5,350,0.6399682411532488,1.4071901753783975,382,96
deep_slow,5,351,0.6393978287132931,1.4071819875486908,382,96
deep_slow,5,352,0.6387090939220332,1.4072006660874812,382,96
deep_slow,5,353,0.6372127649603186,1.4070064770687698,382,96
deep_slow,5,354,0.6365433457188663,1.4060662623773243,382,96
deep_slow,5,355,0.6355762011786511,1.4055983273171941,382,96
deep_slow,5,356,0.6351623548641142,1.4055109292759123,382,96
deep_slow,5,357,0.6334503987278285,1.4054481961779475,382,96
deep_slow,5,358,0.6329221881370057,1.4049932538022045,382,96
deep_slow,5,359,0.6323964934243129,1.4048173451442234,382,96
deep_slow,5,360,0.632016074049227,1.404960793206808,382,96
deep_slow,5,361,0.6306366968776371,1.4039029671575476,382,96
deep_slow,5,362,0.6300727075841163,1.402909480701312,382,96
deep_slow,5,363,0.6289215463472659,1.4022740982677462,382,96
deep_slow,5,364,0.6273338376300449,1.4017526596664922,382,96
deep_slow,5,365,0.6268465639154196,1.401583472327702,382,96
deep_slow,5,366,0.6255661023874418,1.401361726786852,382,96
deep_slow,5,367,0.625089795870571,1.4013448957010732,382,96
deep_slow,5,368,0.6243451485721245,1.4005021800311352,382,96
deep_slow,5,369,0.6241336549340726,1.4005197152154278,382,96
deep_slow,5,370,0.6231545766348807,1.3995595235329585,382,96
deep_slow,5,371,0.6223592072379383,1.398727323224165,382,96
deep_slow,5,372,0.62161673917188,1.3985812568784237,382,96
deep_slow,5,373,0.6213398658245735,1.3986702023251953,382,96
deep_slow,5,374,0.6197440361029978,1.3972555786767935,382,96
deep_slow,5,375,0.6190887961888337,1.3966460202233228,382,96
deep_slow,5,376,0.6186050677906283,1.3964253439832528,382,96
deep_slow,5,377,0.6180975018043318,1.3965545313475658,382,96
deep_slow,5,378,0.6177068270243073,1.3965007803926655,382,96
deep_slow,5,379,0.6170301939629744,1.3958873875621536,382,96
deep_slow,5,380,0.6159031109304776,1.3958438878111747,382,96
deep_slow,5,381,0.6149467049182146,1.3955480403917182,382,96
deep_slow,5,382,0.6145685295357243,1.395495736622343,382,96
deep_slow,5,383,0.6134971660622281,1.395188084333615,382,96
deep_slow,5,384,0.6131407171050169,1.395401954021657,382,96
deep_slow,5,385,0.612074438431292,1.3951022403280897,382,96
deep_slow,5,386,0.6117206255807508,1.3952022352164724,382,96
deep_slow,5,387,0.6105518713529011,1.3944857543032843,382,96
deep_slow,5,388,0.6101441641995244,1.3944716721722865,382,96
deep_slow,5,389,0.6098029873360781,1.3946685081528576,382,96
deep_slow,5,390,0.609463457687632,1.3943494791657374,382,96
deep_slow,5,391,0.6090568008566148,1.3941823794911363,382,96
deep_slow,5,392,0.6078430959155738,1.3937564184661202,382,96
deep_slow,5,393,0.6067067456398609,1.3930694931585448,382,96
deep_slow,5,394,0.6054676295054691,1.3930136254681738,382,96
deep_slow,5,395,0.604584676282373,1.3926509031666856,382,96
deep_slow,5,396,0.6036777151022239,1.392064432436662,382,96
deep_slow,5,397,0.6031869567769368,1.3923154497974055,382,96
deep_slow,5,398,0.6026393320366089,1.3917277894347724,382,96
deep_slow,5,399,0.6017447664518957,1.3911735135260102,382,96
deep_slow,5,400,0.6013417936074033,1.3908500566635869,382,96
deep_slow,5,401,0.60092332200224,1.3907434036558386,382,96
deep_slow,5,402,0.6005094883735844,1.3905479090801194,382,96
deep_slow,5,403,0.6000743855887091,1.3902678337698509,382,96
deep_slow,5,404,0.5996832012294739,1.3899879669671134,382,96
deep_slow,5,405,0.5989560942277036,1.389943013642567,382,96
deep_slow,5,406,0.5987303127395188,1.3899465273992875,382,96
deep_slow,5,407,0.5984009276962191,1.3894249900601818,382,96
deep_slow,5,408,0.597999961481477,1.389589161603464,382,96
deep_slow,5,409,0.5973806978665915,1.388968737267603,382,96
deep_slow,5,410,0.5970246113366074,1.3888461398411982,382,96
deep_slow,5,411,0.5966195556302902,1.3889000614516875,382,96
deep_slow,5,412,0.5963248640376446,1.3890894612881353,382,96
deep_slow,5,413,0.5957054849585641,1.3892572939981334,382,96
deep_slow,5,414,0.594494671268709,1.388638912276706,382,96
deep_slow,5,415,0.5937323175118248,1.388093848165291,382,96
deep_slow,5,416,0.593353104207071,1.387909327581648,382,96
deep_slow,5,417,0.5923736916911863,1.3878245876610231,382,96
deep_slow,5,418,0.591365173021967,1.3870536611503113,382,96
deep_slow,5,419,0.5909821849894716,1.3871659727107524,382,96
deep_slow,5,420,0.5897158000792057,1.386954102630996,382,96
deep_slow,5,421,0.5888639425781166,1.3863273482801302,382,96
deep_slow,5,422,0.5885607392367068,1.385764877885437,382,96
deep_slow,5,423,0.588205126204037,1.3856513102951267,382,96
deep_slow,5,424,0.5878020409390649,1.3857136735497817,382,96
deep_slow,5,425,0.5869392073242585,1.385243080158718,382,96
deep_slow,5,426,0.5864796530885309,1.384891263003384,382,96
deep_slow,5,427,0.5855558997263742,1.3849472943938477,382,96
deep_slow,5,428,0.5852566840315562,1.3843246110852983,382,96
deep_slow,5,429,0.5841821434098693,1.3840430138332696,382,96
deep_slow,5,430,0.5830911590957806,1.3836965753933448,382,96
deep_slow,5,431,0.5827512969459223,1.3829804645932218,382,96
deep_slow,5,432,0.5820634638295271,1.3822303092596004,382,96
deep_slow,5,433,0.5817856214889378,1.3823238933975364,382,96
deep_slow,5,434,0.5811839882235328,1.3819663907620992,382,96
deep_slow,5,435,0.5803897490003344,1.3815936947125462,382,96
deep_slow,5,436,0.5792958182075587,1.3814783812602713,382,96
deep_slow,5,437,0.5788846360317325,1.3809716583008793,382,96
deep_slow,5,438,0.5778310082503723,1.3801170930703404,382,96
deep_slow,5,439,0.5771928048331006,1.37997614467572,382,96
deep_slow,5,440,0.5769200778576374,1.3800669196939672,382,96
deep_slow,5,441,0.576718376105189,1.379812235647057,382,96
deep_slow,5,442,0.5759138481781072,1.3790852540454999,382,96
deep_slow,5,443,0.5751799398090826,1.3784602622654403,382,96
deep_slow,5,444,0.574603146334246,1.3785130838673627,382,96
deep_slow,5,445,0.5739890063999195,1.3783627750039067,382,96
deep_slow,5,446,0.5732209275037303,1.3779753926677378,382,96
deep_slow,5,447,0.5729733753478287,1.3773606384728687,382,96
deep_slow,5,448,0.5723033927925425,1.3771803433840983,382,96
deep_slow,5,449,0.571639176003947,1.3771405253307558,382,96
deep_slow,5,450,0.5709844582100121,1.3766045470217623,382,96
deep_slow,5,451,0.5707505114314354,1.3765836723020692,382,96
deep_slow,5,452,0.569848583604369,1.3758624867284304,382,96
deep_slow,5,453,0.5692298438909283,1.3754969428991213,382,96
deep_slow,5,454,0.568295298819414,1.3744932001054375,382,96
deep_slow,5,455,0.5680194430046742,1.3743617277519997,382,96
deep_slow,5,456,0.567282407369084,1.3738694585919171,382,96
deep_slow,5,457,0.5667306280836744,1.3741215085750396,382,96
deep_slow,5,458,0.5662968917220987,1.3738062621053173,382,96
deep_slow,5,459,0.5652784630649424,1.373516141001043,382,96
deep_slow,5,460,0.5643779752586521,1.373300656259599,382,96
deep_slow,5,461,0.5639890242093965,1.3729806639578301,382,96
deep_slow,5,462,0.5634323592020282,1.3722370935692771,382,96
deep_slow,5,463,0.563299467980766,1.3722517010235542,382,96
deep_slow,5,464,0.5630102927653959,1.3717694266025522,382,96
deep_slow,5,465,0.5622367651261116,1.3715738242234985,382,96
deep_slow,5,466,0.5620546286921323,1.371160374261065,382,96
deep_slow,5,467,0.5612611558540587,1.3707000187331608,382,96
deep_slow,5,468,0.5608610225451304,1.3708772767789594,382,96
deep_slow,5,469,0.5605707894365138,1.3708081881527232,382,96
deep_slow,5,470,0.5598020434911993,1.3704224148183337,382,96
deep_slow,5,471,0.5591242293787183,1.370545297662231,382,96
deep_slow,5,472,0.5585598106884057,1.3702770058643898,382,96
deep_slow,5,473,0.5578717264084895,1.3705914447565908,382,96
deep_slow,5,474,0.5575368309642652,1.3702083803392857,382,96
deep_slow,5,475,0.5568292087852782,1.3696457992758957,382,96
deep_slow,5,476,0.5562813424817764,1.3690420176769045,382,96
deep_slow,5,477,0.5556750421212852,1.3686051038840894,382,96
deep_slow,5,478,0.5554728773874545,1.3685573322609397,382,96
deep_slow,5,479,0.5549800100648701,1.3681640875325918,382,96
deep_slow,5,480,0.5543890028350695,1.3678165220305103,382,96
deep_slow,5,481,0.5541723573575674,1.3678945335272494,382,96
deep_slow,5,482,0.5535962341177546,1.3669884791154698,382,96
deep_slow,5,483,0.5534169326396026,1.366881698319155,382,96
deep_slow,5,484,0.5530474667745876,1.36682120567418,382,96
deep_slow,5,485,0.552634138326841,1.3666477827151189,382,96
deep_slow,5,486,0.5524873755954888,1.366304388870262,382,96
deep_slow,5,487,0.5517151037557179,1.3662813633863744,382,96
deep_slow,5,488,0.5514994679420325,1.3662859713456839,382,96
deep_slow,5,489,0.5510365404927144,1.3661245228559031,382,96
deep_slow,5,490,0.5503057802449247,1.3658404577799657,382,96
deep_slow,5,491,0.5494747428385337,1.3655503777187132,382,96
deep_slow,5,492,0.5488631472209841,1.3652261360240594,382,96
deep_slow,5,493,0.5481125011302179,1.36435887433636,382,96
deep_slow,5,494,0.547485867305176,1.363662909754992,382,96
deep_slow,5,495,0.5468661762662086,1.3635471066847988,382,96
deep_slow,5,496,0.5466611437603921,1.363728581567016,382,96
deep_slow,5,497,0.5464830673163183,1.3639350395238825,382,96
deep_slow,5,498,0.5460615412693136,1.363911230943863,382,96
deep_slow,5,499,0.5458698773264932,1.3639370520993044,382,96
deep_slow,5,500,0.54528935633607,1.3634087591524566,382,96
deep_slow,5,501,0.5448775301476041,1.363366108626257,382,96
deep_slow,5,502,0.5444246044814006,1.3635184447365194,382,96
deep_slow,5,503,0.5439092354858298,1.363208926650371,382,96
deep_slow,5,504,0.5433277464272204,1.362995532164931,382,96
deep_slow,5,505,0.5429222551162736,1.3628873955900709,382,96
deep_slow,5,506,0.5428097880957528,1.362814990511932,382,96
deep_slow,5,507,0.5422482002825587,1.362490095099962,382,96
deep_slow,5,508,0.5420063909990378,1.3623706985398405,382,96
deep_slow,5,509,0.5415022039578997,1.362345662495354,382,96
deep_slow,5,510,0.5409335058545172,1.362421969895006,382,96
deep_slow,5,511,0.540312364937797,1.3622739641100141,382,96
deep_slow,5,512,0.5397249008415779,1.3618478809693457,382,96
deep_slow,5,513,0.5393320955695622,1.3614692091783174,382,96
deep_slow,5,514,0.5392195025849997,1.3613387784748308,382,96
deep_slow,5,515,0.5387425052544119,1.3607242560656945,382,96
deep_slow,5,516,0.5381982008079144,1.3602944793414633,382,96
deep_slow,5,517,0.5377771648234424,1.3596137992834672,382,96
deep_slow,5,518,0.5372038111848483,1.3589418676980938,382,96
deep_slow,5,519,0.5367435684789995,1.3585217539363579,382,96
deep_slow,5,520,0.5363816903515838,1.3584178450817581,382,96
deep_slow,5,521,0.535817932055244,1.3581845409281572,382,96
deep_slow,5,522,0.5356470681319133,1.357841337002983,382,96
deep_slow,5,523,0.5355473110460014,1.357900394637532,382,96
deep_slow,5,524,0.5348956923901711,1.3575687932522098,382,96
deep_slow,5,525,0.534294867687033,1.35774103177614,382,96
deep_slow,5,526,0.5337812282767164,1.357621023193481,382,96
deep_slow,5,527,0.5332062008642998,1.3578995064137909,382,96
deep_slow,5,528,0.5327596984825734,1.3574265429892103,382,96
deep_slow,5,529,0.5321801553913296,1.3572241179295481,382,96
deep_slow,5,530,0.5315819872295185,1.357200093535933,382,96
deep_slow,5,531,0.5310599825149954,1.3572699901861387,382,96
deep_slow,5,532,0.5306608983735532,1.3566642640877324,382,96
deep_slow,5,533,0.5301344398185656,1.3558533514082989,382,96
deep_slow,5,534,0.5297250759201179,1.3556694252361163,382,96
deep_slow,5,535,0.5291322970896468,1.3552717000730106,382,96
deep_slow,5,536,0.5289056284655537,1.355131732893899,382,96
deep_slow,5,537,0.5287788439923288,1.3552954659506262,382,96
deep_slow,5,538,0.5284304018118087,1.3552350539884233,382,96
deep_slow,5,539,0.5280303506025663,1.3553642587024721,382,96
deep_slow,5,540,0.5279173084676299,1.3551413900953568,382,96
deep_slow,5,541,0.5274605944103309,1.3551466572272046,382,96
deep_slow,5,542,0.526953225592695,1.3549808328727104,382,96
deep_slow,5,543,0.5264660889067468,1.3547487792584683,382,96
deep_slow,5,544,0.5260302937112789,1.354784556599417,382,96
deep_slow,5,545,0.5255590195952625,1.3546204915999962,382,96
deep_slow,5,546,0.525132661156984,1.3541987688837922,382,96
deep_slow,5,547,0.5247373932147071,1.3538985028156212,382,96
deep_slow,5,548,0.5242218026192027,1.3536451132512655,382,96
deep_slow,5,549,0.5238400077776395,1.3539832752137835,382,96
deep_slow,5,550,0.5232849450762609,1.353473823779566,382,96
deep_slow,5,551,0.5229017010446996,1.3534538089556647,382,96
deep_slow,5,552,0.5222755468200599,1.3529540573661605,382,96
deep_slow,5,553,0.5217651261041832,1.3526815090730964,382,96
deep_slow,5,554,0.5216226952324595,1.3527456473629802,382,96
deep_slow,5,555,0.5212553597789935,1.3526563023862617,382,96
deep_slow,5,556,0.5208325264720972,1.3519090290401536,382,96
deep_slow,5,557,0.5203276562315441,1.3518583946199894,382,96
deep_slow,5,558,0.5201828388152192,1.351913684044435,382,96
deep_slow,5,559,0.5199841632279092,1.3516650647835888,382,96
deep_slow,5,560,0.519831936335168,1.3511847747076238,382,96
deep_slow,5,561,0.5197144759260751,1.3509550562591677,382,96
deep_slow,5,562,0.519215913123634,1.3506772881629907,382,96
deep_slow,5,563,0.5188430212908144,1.3507143436489044,382,96
deep_slow,5,564,0.5187630627790107,1.3507297905423223,382,96
deep_slow,5,565,0.5183977464245243,1.3507258808632634,382,96
deep_slow,5,566,0.5179928902960619,1.3504755679736256,382,96
deep_slow,5,567,0.5175504782204629,1.350414923156731,382,96
deep_slow,5,568,0.5170406143000461,1.3502587548513971,382,96
deep_slow,5,569,0.5165492328924047,1.3495798072364618,382,96
deep_slow,5,570,0.5161954145349303,1.3493312942144278,382,96
deep_slow,5,571,0.5156464960943017,1.3492336781274947,382,96
deep_slow,5,572,0.5152855352076967,1.3488632618128589,382,96
deep_slow,5,573,0.5148458229187749,1.3489148319560955,382,96
deep_slow,5,574,0.5146470429956755,1.3491040227801345,382,96
deep_slow,5,575,0.5144209936951989,1.3491041542464957,382,96
deep_slow,5,576,0.5138826505089581,1.3488361006274854,382,96
deep_slow,5,577,0.5134409093485244,1.3487222908622936,382,96
deep_slow,5,578,0.5132648863975011,1.3488841020276245,382,96
deep_slow,5,579,0.5129660437317521,1.348995730777105,382,96
deep_slow,5,580,0.5126422896707417,1.3486706916956785,382,96
deep_slow,5,581,0.5123030921746069,1.3487509935471067,382,96
deep_slow,5,582,0.5118871175953912,1.3487080610788744,382,96
deep_slow,5,583,0.5116158484436867,1.3487082191972142,382,96
deep_slow,5,584,0.5113417364474753,1.3485153308035651,382,96
deep_slow,5,585,0.5110845666965144,1.3483108847146401,382,96
deep_slow,5,586,0.5109531217485639,1.3481512500617432,382,96
deep_slow,5,587,0.510391079860533,1.3473774107692675,382,96
deep_slow,5,588,0.5102311104899839,1.3473532536480293,382,96
deep_slow,5,589,0.5100688156309133,1.3471402877618344,382,96
deep_slow,5,590,0.5098285291530681,1.3471053101487345,382,96
deep_slow,5,591,0.5096205241739098,1.3474229976781662,382,96
deep_slow,5,592,0.5091199665974212,1.3469880816911728,382,96
deep_slow,5,593,0.5087479313324853,1.3466602837004478,382,96
deep_slow,5,594,0.5085962657416674,1.346604346597833,382,96
deep_slow,5,595,0.5081370791374833,1.346136098311637,382,96
deep_slow,5,596,0.5078227151941749,1.3458619199781754,382,96
deep_slow,5,597,0.5073801195491977,1.3457421191854588,382,96
deep_slow,5,598,0.5072834111450969,1.3457522511290483,382,96
deep_slow,5,599,0.5072219843312399,1.345840233451488,382,96
deep_slow,5,600,0.5068458854285262,1.345948755000617,382,96
deep_slow,5,601,0.5064228565446078,1.3459736079997493,382,96
deep_slow,5,602,0.5060513214753303,1.3456449258727008,382,96
deep_slow,5,603,0.5055699860155392,1.345454669081969,382,96
deep_slow,5,604,0.5054133982614784,1.3453529605570427,382,96
deep_slow,5,605,0.5050498214188551,1.345158819565326,382,96
deep_slow,5,606,0.5048045487692063,1.345029507042062,382,96
deep_slow,5,607,0.5044705368499599,1.3450606140878336,382,96
deep_slow,5,608,0.5042743386643656,1.3451430694868451,382,96
deep_slow,5,609,0.5038505703868507,1.3451944095112942,382,96
deep_slow,5,610,0.503641842232128,1.3449791125030781,382,96
deep_slow,5,611,0.5033164592570036,1.3450113157693906,382,96
deep_slow,5,612,0.5030011605170293,1.3446234556962557,382,96
deep_slow,5,613,0.5027567804154798,1.344490897989802,382,96
deep_slow,5,614,0.5024107973573047,1.3446469189615151,382,96
deep_slow,5,615,0.5021400381453368,1.344662844679724,382,96
deep_slow,5,616,0.5018044793198219,1.344527525899719,382,96
deep_slow,5,617,0.5014817543357191,1.3443152213821872,382,96
deep_slow,5,618,0.5011889716621042,1.3443611695526247,382,96
deep_slow,5,619,0.5009319681705229,1.3444553367657055,382,96
deep_slow,5,620,0.5006327904894444,1.3440581701251764,382,96
deep_slow,5,621,0.5002877018043516,1.3439340424802089,382,96
deep_slow,5,622,0.500177491495495,1.343890200440885,382,96
deep_slow,5,623,0.49983742100437395,1.3435103788391567,382,96
deep_slow,5,624,0.4995522567122481,1.3434339629067487,382,96
deep_slow,5,625,0.4994578940703689,1.3433989407816869,382,96
deep_slow,5,626,0.49935204210520506,1.3434142109808147,382,96
deep_slow,5,627,0.4992542812015107,1.343258988657497,382,96
deep_slow,5,628,0.49894832665250965,1.3432289982145018,382,96
deep_slow,5,629,0.49858789806320786,1.3429959084397205,382,96
deep_slow,5,630,0.4984997001947897,1.3428638799768273,382,96
deep_slow,5,631,0.4981993400665635,1.342629084067849,382,96
deep_slow,5,632,0.4978434285061064,1.3426381079898744,382,96
deep_slow,5,633,0.49772790293201796,1.3424235433191756,382,96
deep_slow,5,634,0.49766999701442605,1.3425003194726248,382,96
deep_slow,5,635,0.497588266971377,1.3422821554639959,382,96
deep_slow,5,636,0.4972975724032517,1.3423971566562851,382,96
deep_slow,5,637,0.49691377901958217,1.3421989888235408,382,96
deep_slow,5,638,0.49649468889635434,1.3424320408320702,382,96
deep_slow,5,639,0.49640225850427666,1.3423467963813904,382,96
deep_slow,5,640,0.4963180973373027,1.342245209893207,382,96
deep_slow,5,641,0.49590587875454345,1.342040971167117,382,96
deep_slow,5,642,0.4955512611992441,1.3417676224672632,382,96
deep_slow,5,643,0.49519739334689833,1.3413848343613695,382,96
deep_slow,5,644,0.4950714156565331,1.3413000831038562,382,96
deep_slow,5,645,0.4947972029743577,1.3411988323121045,382,96
deep_slow,5,646,0.4943963048890218,1.341216726063834,382,96
deep_slow,5,647,0.49431248299533004,1.34119367308521,382,96
deep_slow,5,648,0.49406752589668945,1.3412865119639916,382,96
deep_slow,5,649,0.4937613937554413,1.341386811770625,382,96
deep_slow,5,650,0.4934463421162714,1.3413239169515143,382,96
deep_slow,5,651,0.4933602731088679,1.3411103554333006,382,96
deep_slow,5,652,0.4930822347278165,1.3411381338613284,382,96
deep_slow,5,653,0.4928505815108053,1.3409728052537362,382,96
deep_slow,5,654,0.49267834099827024,1.341034639932753,382,96
deep_slow,5,655,0.49257412275357076,1.3409704868471268,382,96
deep_slow,5,656,0.4925258247362356,1.3409256858237129,382,96
deep_slow,5,657,0.4922232371001095,1.3408551674485452,382,96
deep_slow,5,658,0.49194944849756894,1.3408487391786177,382,96
deep_slow,5,659,0.4916380639431563,1.340593206979612,382,96
deep_slow,5,660,0.4914039839691882,1.3404966607232027,382,96
deep_slow,5,661,0.49125991499602883,1.3405483000419254,382,96
deep_slow,5,662,0.49117994534743226,1.340734015852909,382,96
deep_slow,5,663,0.4908730913099374,1.34061716956812,382,96
deep_slow,5,664,0.4907831404701599,1.3407763876430467,382,96
deep_slow,5,665,0.49063566670788306,1.3406894586678355,382,96
deep_slow,5,666,0.4905186251674924,1.3407779716281183,382,96
deep_slow,5,667,0.4904002627118557,1.340513623669459,382,96
deep_slow,5,668,0.4901649325217808,1.34035854907084,382,96
deep_slow,5,669,0.4901211180989937,1.3404028891754258,382,96
deep_slow,5,670,0.4898384017991755,1.3399283646556035,382,96
deep_slow,5,671,0.48959029805327653,1.3397527259058728,382,96
deep_slow,5,672,0.48949613603865,1.3398209662328406,382,96
deep_slow,5,673,0.48931705276708165,1.3398320009893872,382,96
deep_slow,5,674,0.4892250958363163,1.3398233523756362,382,96
deep_slow,5,675,0.48902388894183324,1.339715348817359,382,96
deep_slow,5,676,0.4889369405082414,1.339566616797434,382,96
deep_slow,5,677,0.4887062696931404,1.3396336827138444,382,96
deep_slow,5,678,0.48845857317763547,1.3396163025324372,382,96
deep_slow,5,679,0.4883331724430263,1.3391886216347249,382,96
deep_slow,5,680,0.4882535772337922,1.339102546140924,382,96
deep_slow,5,681,0.4882038396860714,1.3389332455766918,382,96
deep_slow,5,682,0.48808104674241126,1.338974218207823,382,96
deep_slow,5,683,0.4879133834266451,1.3390009572589243,382,96
deep_slow,5,684,0.48772033580298274,1.3389371364075158,382,96
deep_slow,5,685,0.48749280399377115,1.3384998308675446,382,96
deep_slow,5,686,0.487418975310596,1.3385139270356874,382,96
deep_slow,5,687,0.48721003687263015,1.338470395095568,382,96
deep_slow,5,688,0.48698507875343444,1.3383044548001568,382,96
deep_slow,5,689,0.48683837652857936,1.3380779086568035,382,96
deep_slow,5,690,0.48666149670579106,1.3378492257783507,382,96
deep_slow,5,691,0.48644168572061025,1.337596927583814,382,96
deep_slow,5,692,0.4861619090773204,1.3374362352011178,382,96
deep_slow,5,693,0.4860446164877763,1.337536407690894,382,96
deep_slow,5,694,0.4857811318042548,1.3373161079950915,382,96
deep_slow,5,695,0.4854587133656952,1.337307842946072,382,96
deep_slow,5,696,0.4854182882182644,1.3373705695758278,382,96
deep_slow,5,697,0.48521183681700125,1.337506415548013,382,96
deep_slow,5,698,0.48499222488385757,1.337373927919508,382,96
deep_slow,5,699,0.48492166447534896,1.3374372914679316,382,96
deep_slow,5,700,0.4846765413801234,1.33712334030384,382,96
deep_slow,5,701,0.4844436421333897,1.3371963076387208,382,96
deep_slow,5,702,0.4842743539567,1.3370930094321067,382,96
deep_slow,5,703,0.484059909608554,1.3370673323309101,382,96
deep_slow,5,704,0.48384758777644465,1.3368522147503836,382,96
deep_slow,5,705,0.48358886075007596,1.3365532009804206,382,96
deep_slow,5,706,0.48334848567048566,1.3362676436433627,382,96
deep_slow,5,707,0.4831742943642544,1.3363557052861246,382,96
deep_slow,5,708,0.483072220562216,1.336328927536207,382,96
deep_slow,5,709,0.48292225784162573,1.3363419310574893,382,96
deep_slow,5,710,0.48282398402508564,1.3362821173065909,382,96
deep_slow,5,711,0.4826216751587733,1.3362260835858704,382,96
deep_slow,5,712,0.48239807334444734,1.336121669934179,382,96
deep_slow,5,713,0.48212644771314567,1.3357509434214658,382,96
deep_slow,5,714,0.48195486431373513,1.3356311172690583,382,96
deep_slow,5,715,0.4818947398650728,1.3355587534474749,382,96
deep_slow,5,716,0.4816981131786765,1.3355821692326035,382,96
deep_slow,5,717,0.48149682417656986,1.335376592024707,382,96
deep_slow,5,718,0.4812216174964396,1.3353021023625826,382,96
deep_slow,5,719,0.4810319818767337,1.3352256779617864,382,96
deep_slow,5,720,0.48097437717384806,1.3351542318659553,382,96
deep_slow,5,721,0.48064067700570795,1.3352147942793051,382,96
deep_slow,5,722,0.48046142456622104,1.3351203722611842,382,96
deep_slow,5,723,0.48025055614758017,1.3350449083921825,382,96
deep_slow,5,724,0.4799609352652512,1.3350158538153725,382,96
deep_slow,5,725,0.47979023365263174,1.3349039877054716,382,96
deep_slow,5,726,0.47958849953644966,1.3347873393356717,382,96
deep_slow,5,727,0.4794426805930252,1.3347680308550416,382,96
deep_slow,5,728,0.47920951889921043,1.33441571106422,382,96
deep_slow,5,729,0.479070611006135,1.3343755550482712,382,96
deep_slow,5,730,0.4787838135766845,1.3343213603531734,382,96
deep_slow,5,731,0.4785717902629767,1.3343334873039998,382,96
deep_slow,5,732,0.47852896645983883,1.334280653381478,382,96
deep_slow,5,733,0.47828877057654046,1.3341674350236148,382,96
deep_slow,5,734,0.47801134680526236,1.3339728367049877,382,96
deep_slow,5,735,0.47791167370158477,1.3339360812937169,382,96
deep_slow,5,736,0.47773396973541044,1.3338547218501564,382,96
deep_slow,5,737,0.47754509490828495,1.3338151175053947,382,96
deep_slow,5,738,0.4773028569106827,1.3338191007990492,382,96
deep_slow,5,739,0.47720373607576094,1.3337235593999557,382,96
deep_slow,5,740,0.47710508663346846,1.3337069500263115,382,96
deep_slow,5,741,0.47695321381633793,1.3336272683042223,382,96
deep_slow,5,742,0.476823657407273,1.3335999602339381,382,96
deep_slow,5,743,0.4766511285513819,1.3336125692781982,382,96
deep_slow,5,744,0.47643076115962657,1.3337049043040643,382,96
deep_slow,5,745,0.47637232146315334,1.3337474062684322,382,96
deep_slow,5,746,0.47620296896769676,1.3335861845814352,382,96
deep_slow,5,747,0.47611774217482733,1.3335688445193232,382,96
deep_slow,5,748,0.47592863364425614,1.3332938900946272,382,96
deep_slow,5,749,0.47577193901905673,1.3330859602030318,382,96
deep_slow,5,750,0.4755966627620693,1.333156183166011,382,96
deep_slow,5,751,0.4754362488158309,1.3331393948267463,382,96
deep_slow,5,752,0.4752805971364206,1.3331196601000341,382,96
deep_slow,5,753,0.47508847960650363,1.332845462895309,382,96
deep_slow,5,754,0.4749608405544786,1.3328202953284953,382,96
deep_slow,5,755,0.47490998028739917,1.332800924120974,382,96
deep_slow,5,756,0.47486113839386856,1.3327566963370245,382,96
deep_slow,5,757,0.47471581762571796,1.3326396407505117,382,96
deep_slow,5,758,0.47462610835288127,1.3325490701471168,382,96
deep_slow,5,759,0.47451131948117636,1.332628642901453,382,96
deep_slow,5,760,0.47445882885800833,1.3326230486463788,382,96
deep_slow,5,761,0.4743173630957147,1.3325939018523851,382,96
deep_slow,5,762,0.474117679838985,1.332341108653746,382,96
deep_slow,5,763,0.4739615201231793,1.3322020259284857,382,96
deep_slow,5,764,0.4739155895026197,1.3320633985463122,382,96
deep_slow,5,765,0.47385639935595103,1.3320012151099394,382,96
deep_slow,5,766,0.47374807729848484,1.3320247835970827,382,96
deep_slow,5,767,0.47365538642826327,1.3320948503198529,382,96
deep_slow,5,768,0.47355770539275616,1.3320603449728472,382,96
deep_slow,5,769,0.4734431756963095,1.3321042911423484,382,96
deep_slow,5,770,0.4732336448755084,1.3321959248616457,382,96
deep_slow,5,771,0.473029665636543,1.3322448300514116,382,96
deep_slow,5,772,0.4729601332224227,1.3321245331203395,382,96
deep_slow,5,773,0.4727502118981711,1.3319089604133734,382,96
deep_slow,5,774,0.47271578066430775,1.3317809123295234,382,96
deep_slow,5,775,0.47261553804586987,1.3317458578996837,382,96
deep_slow,5,776,0.47245958255991,1.3318550170669474,382,96
deep_slow,5,777,0.4722985295481312,1.3317017782085983,382,96
deep_slow,5,778,0.47221019480694726,1.3317220921784199,382,96
deep_slow,5,779,0.47207123818722524,1.331597514741701,382,96
deep_slow,5,780,0.4719995252934696,1.331274521444928,382,96
deep_slow,5,781,0.4718007700090423,1.331262078599852,382,96
deep_slow,5,782,0.47166398314775904,1.331194839325247,382,96
deep_slow,5,783,0.47160720653389815,1.3309692292443438,382,96
deep_slow,5,784,0.4714543649793829,1.3309253055282615,382,96
deep_slow,5,785,0.47124297049677794,1.3306972482757886,382,96
deep_slow,5,786,0.47104453267465307,1.3308055103499041,382,96
deep_slow,5,787,0.47095406137513707,1.3308244698464866,382,96
deep_slow,5,788,0.4707474899910503,1.3308658100200774,382,96
deep_slow,5,789,0.4705763696496368,1.3307897524272094,382,96
deep_slow,5,790,0.47043440913000456,1.3306476624526309,382,96
deep_slow,5,791,0.470274280175004,1.3307031682495316,382,96
deep_slow,5,792,0.47019962248498776,1.3307759813789841,382,96
deep_slow,5,793,0.4700458963557179,1.3307783658480963,382,96
deep_slow,5,794,0.46990963418557896,1.3307641420031602,382,96
deep_slow,5,795,0.4698560216563823,1.3308836834304782,382,96
deep_slow,5,796,0.46978772134633223,1.3308887167218626,382,96
deep_slow,5,797,0.4696541538483152,1.3308285707472653,382,96
deep_slow,5,798,0.4694804282925366,1.3307623026991102,382,96
deep_slow,5,799,0.4692723140769685,1.3303842167536866,382,96
deep_slow,5,800,0.4691644694537122,1.330446353776675,382,96
