{
  "n_train": 478,
  "n_test": 121,
  "units": "log10(S/cm)",
  "cv": {
    "CatBoost": {
      "MAE": [
        0.8193967942145578,
        0.07167197103112673
      ],
      "RMSE": [
        1.3000535067703949,
        0.08019046453951116
      ],
      "R2": [
        0.7604136797085521,
        0.03810760421988968
      ]
    },
    "RandomForest": {
      "MAE": [
        0.8507528413786856,
        0.0681052282720984
      ],
      "RMSE": [
        1.4128811080800534,
        0.07697658338702694
      ],
      "R2": [
        0.7168639918038912,
        0.04419386657156885
      ]
    }
  },
  "test": {
    "CatBoost": {
      "MAE": 1.30294729009283,
      "RMSE": 1.899226548510938,
      "R2": 0.4393775969866105
    },
    "RandomForest": {
      "MAE": 1.4202459838556916,
      "RMSE": 2.009271411818128,
      "R2": 0.3725283424563878
    }
  }
}